2025-01-25 02:25:51,875 [INFO] Activator:176 - 


2025-01-25 02:25:51,876 [INFO] Activator:177 - !SESSION log4j initialized
2025-01-25 02:26:03,409 [INFO] LogOutputStream:77 - [STDOUT_REDIRECT] 
2025-01-25 02:26:06,945 [INFO] ApplicationProperties:184 - Using Application install path: /opt/st/stm32cubeide_1.17.0/plugins/com.st.stm32cube.common.mx_6.13.0.202411220809
2025-01-25 02:26:07,029 [INFO] DbMcusXml:78 - Set database path to: /opt/st/stm32cubeide_1.17.0/plugins/com.st.stm32cube.common.mx_6.13.0.202411220809//db//mcu/
2025-01-25 02:26:07,029 [INFO] ApiDb:274 - Set plugin database path to: /opt/st/stm32cubeide_1.17.0/plugins/com.st.stm32cube.common.mx_6.13.0.202411220809//db//plugins/boardmanager/
2025-01-25 02:26:07,030 [WARN] ApiDb:259 - Overriding images path with different value:  => /opt/st/stm32cubeide_1.17.0/plugins/com.st.stm32cube.common.mx_6.13.0.202411220809//db//plugins/mcufinder/images/
2025-01-25 02:26:07,146 [INFO] ApiDb:250 - Set database path to: /home/scott/.stmcufinder/plugins/mcufinder//mcu/
2025-01-25 02:26:07,149 [INFO] DbMcusAds:125 - Set database path to: /home/scott/.stmcufinder/plugins/mcufinder//mcu/
2025-01-25 02:26:07,154 [INFO] CrossReferenceDbSqlite:203 - Set database path to: /home/scott/.stmcufinder/plugins/mcufinder//mcu/cs/
2025-01-25 02:26:07,391 [INFO] RulesReader:64 - Compatibility file has been processed (297 Rules)
2025-01-25 02:26:07,572 [INFO] DbMcusXml:78 - Set database path to: /opt/st/stm32cubeide_1.17.0/plugins/com.st.stm32cube.common.mx_6.13.0.202411220809//db//mcu/
2025-01-25 02:26:07,572 [INFO] ApiDb:274 - Set plugin database path to: /opt/st/stm32cubeide_1.17.0/plugins/com.st.stm32cube.common.mx_6.13.0.202411220809//db//plugins/boardmanager/
2025-01-25 02:26:07,572 [INFO] ApiDb:261 - Set plugin images path to: /opt/st/stm32cubeide_1.17.0/plugins/com.st.stm32cube.common.mx_6.13.0.202411220809//db//plugins/mcufinder/images/
2025-01-25 02:26:07,572 [WARN] DbFile:41 - Overriding database path with different value: /home/scott/.stmcufinder/plugins/mcufinder/ => /home/scott/.stmcufinder/plugins/mcufinder
2025-01-25 02:26:07,572 [INFO] ApiDb:250 - Set database path to: /home/scott/.stmcufinder/plugins/mcufinder//mcu/
2025-01-25 02:26:07,572 [WARN] DbFile:41 - Overriding database path with different value: /home/scott/.stmcufinder/plugins/mcufinder/ => /home/scott/.stmcufinder/plugins/mcufinder
2025-01-25 02:26:07,573 [INFO] DbMcusAds:125 - Set database path to: /home/scott/.stmcufinder/plugins/mcufinder//mcu/
2025-01-25 02:26:07,573 [WARN] DbFile:41 - Overriding database path with different value: /home/scott/.stmcufinder/plugins/mcufinder/ => /home/scott/.stmcufinder/plugins/mcufinder
2025-01-25 02:26:07,573 [WARN] DbFile:41 - Overriding database path with different value: /home/scott/.stmcufinder/plugins/mcufinder/ => /home/scott/.stmcufinder/plugins/mcufinder
2025-01-25 02:26:07,573 [INFO] CrossReferenceDbSqlite:203 - Set database path to: /home/scott/.stmcufinder/plugins/mcufinder//mcu/cs/
2025-01-25 02:26:07,674 [INFO] MainPanel:272 - HeapMemory: 268435456
2025-01-25 02:26:08,158 [INFO] DbMcusXml:78 - Set database path to: /opt/st/stm32cubeide_1.17.0/plugins/com.st.stm32cube.common.mx_6.13.0.202411220809//db//mcu/
2025-01-25 02:26:08,159 [INFO] ApiDb:274 - Set plugin database path to: /opt/st/stm32cubeide_1.17.0/plugins/com.st.stm32cube.common.mx_6.13.0.202411220809//db//plugins/boardmanager/
2025-01-25 02:26:08,159 [INFO] ApiDb:261 - Set plugin images path to: /opt/st/stm32cubeide_1.17.0/plugins/com.st.stm32cube.common.mx_6.13.0.202411220809//db//plugins/mcufinder/images/
2025-01-25 02:26:08,159 [WARN] DbFile:41 - Overriding database path with different value: /home/scott/.stmcufinder/plugins/mcufinder/ => /home/scott/.stmcufinder/plugins/mcufinder
2025-01-25 02:26:08,160 [INFO] ApiDb:250 - Set database path to: /home/scott/.stmcufinder/plugins/mcufinder//mcu/
2025-01-25 02:26:08,160 [WARN] DbFile:41 - Overriding database path with different value: /home/scott/.stmcufinder/plugins/mcufinder/ => /home/scott/.stmcufinder/plugins/mcufinder
2025-01-25 02:26:08,160 [INFO] DbMcusAds:125 - Set database path to: /home/scott/.stmcufinder/plugins/mcufinder//mcu/
2025-01-25 02:26:08,160 [WARN] DbFile:41 - Overriding database path with different value: /home/scott/.stmcufinder/plugins/mcufinder/ => /home/scott/.stmcufinder/plugins/mcufinder
2025-01-25 02:26:08,160 [WARN] DbFile:41 - Overriding database path with different value: /home/scott/.stmcufinder/plugins/mcufinder/ => /home/scott/.stmcufinder/plugins/mcufinder
2025-01-25 02:26:08,160 [INFO] CrossReferenceDbSqlite:203 - Set database path to: /home/scott/.stmcufinder/plugins/mcufinder//mcu/cs/
2025-01-25 02:26:08,177 [INFO] ApplicationProperties:184 - Using Application install path: /opt/st/stm32cubeide_1.17.0/plugins/com.st.stm32cube.common.mx_6.13.0.202411220809
2025-01-25 02:26:08,179 [INFO] PluginManage:196 - Search for loadable plugins [exclusion list=, ]
2025-01-25 02:26:08,205 [INFO] PluginManage:310 - Check plugin analytics
2025-01-25 02:26:08,647 [INFO] AnalyticsPlugin:253 - Accepted Software Licenses: STM32CubeMX.6.13.0
2025-01-25 02:26:08,647 [INFO] AnalyticsPlugin:255 - Accepted CMSIS Pack Licenses: 
2025-01-25 02:26:08,648 [INFO] AnalyticsPlugin:257 - Accepted Firmware Licenses: 
2025-01-25 02:26:08,655 [INFO] PluginManage:359 - Loaded plugin analytics (category:tool,tabindex:-1)
2025-01-25 02:26:08,656 [INFO] PluginManage:310 - Check plugin cadmodel
2025-01-25 02:26:08,832 [INFO] CADModel:105 - Init CAD model plugin
2025-01-25 02:26:08,833 [INFO] PluginManage:359 - Loaded plugin cadmodel (category:power,tabindex:5)
2025-01-25 02:26:08,833 [INFO] PluginManage:310 - Check plugin clock
2025-01-25 02:26:08,906 [INFO] PluginManage:359 - Loaded plugin clock (category:base,tabindex:2)
2025-01-25 02:26:08,906 [INFO] PluginManage:310 - Check plugin ddr
2025-01-25 02:26:08,927 [INFO] PluginManage:359 - Loaded plugin ddr (category:tool,tabindex:6)
2025-01-25 02:26:08,928 [INFO] PluginManage:310 - Check plugin filemanager
2025-01-25 02:26:09,452 [INFO] PluginManage:359 - Loaded plugin filemanager (category:base,tabindex:10)
2025-01-25 02:26:09,452 [INFO] PluginManage:310 - Check plugin ipmanager
2025-01-25 02:26:09,480 [INFO] PluginManage:359 - Loaded plugin ipmanager (category:base,tabindex:5)
2025-01-25 02:26:09,481 [INFO] PluginManage:310 - Check plugin lpbam
2025-01-25 02:26:09,534 [INFO] PluginManage:359 - Loaded plugin lpbam (category:base,tabindex:0)
2025-01-25 02:26:09,534 [INFO] PluginManage:310 - Check plugin memorymap
2025-01-25 02:26:09,581 [INFO] PluginManage:359 - Loaded plugin memorymap (category:base,tabindex:4)
2025-01-25 02:26:09,581 [INFO] PluginManage:310 - Check plugin pinoutandconfiguration
2025-01-25 02:26:09,662 [INFO] PluginManage:359 - Loaded plugin pinoutandconfiguration (category:base,tabindex:1)
2025-01-25 02:26:09,663 [INFO] PluginManage:310 - Check plugin pinoutconfig
2025-01-25 02:26:09,873 [WARN] SupportedApi:132 - Cannot load RTOS API schema: s4s-elt-must-match.1: The content of 'definitions' must match (annotation?, (simpleType | complexType)?, (unique | key | keyref)*)). A problem was found starting at: attribute.
2025-01-25 02:26:10,047 [INFO] PluginManage:359 - Loaded plugin pinoutconfig (category:base,tabindex:0)
2025-01-25 02:26:10,047 [INFO] PluginManage:310 - Check plugin power
2025-01-25 02:26:10,107 [INFO] PluginManage:359 - Loaded plugin power (category:power,tabindex:4)
2025-01-25 02:26:10,108 [INFO] PluginManage:310 - Check plugin projectmanager
2025-01-25 02:26:10,166 [INFO] PluginManage:359 - Loaded plugin projectmanager (category:projectmanager,tabindex:4)
2025-01-25 02:26:10,167 [INFO] PluginManage:310 - Check plugin rif
2025-01-25 02:26:10,219 [INFO] PluginManage:359 - Loaded plugin rif (category:base,tabindex:3)
2025-01-25 02:26:10,220 [INFO] PluginManage:310 - Check plugin thirdparty
2025-01-25 02:26:10,709 [WARN] IntegrityCheckThread:84 - waiting for thirdparty lock release [integrity check]
2025-01-25 02:26:10,710 [INFO] IntegrityCheckThread:86 - entering critical section [integrity check]
2025-01-25 02:26:10,710 [INFO] PluginManage:359 - Loaded plugin thirdparty (category:base,tabindex:-1)
2025-01-25 02:26:10,710 [INFO] PluginManage:310 - Check plugin tools
2025-01-25 02:26:10,710 [INFO] ThirdPartyUpdaterWithRetryManager:70 - Updater plugin not ready yet. [1/15]
2025-01-25 02:26:10,745 [INFO] PluginManage:359 - Loaded plugin tools (category:base,tabindex:7)
2025-01-25 02:26:10,745 [INFO] PluginManage:310 - Check plugin tutovideos
2025-01-25 02:26:11,027 [INFO] PluginManage:359 - Loaded plugin tutovideos (category:base,tabindex:-1)
2025-01-25 02:26:11,027 [INFO] PluginManage:310 - Check plugin updater
2025-01-25 02:26:11,069 [INFO] PluginManage:359 - Loaded plugin updater (category:base,tabindex:12)
2025-01-25 02:26:11,070 [INFO] PluginManage:310 - Check plugin userauth
2025-01-25 02:26:11,082 [INFO] UserAuth:118 - Init User Auth plugin
2025-01-25 02:26:11,083 [INFO] PluginManage:359 - Loaded plugin userauth (category:base,tabindex:14)
2025-01-25 02:26:11,084 [INFO] PluginManage:283 - PluginManage : Loaded plugins [18]
2025-01-25 02:26:11,423 [INFO] PinOutPanel:1589 - setPackage(No Configuration,No Configuration)
2025-01-25 02:26:11,635 [INFO] CADModel:165 - CPN selected for project level
2025-01-25 02:26:11,635 [INFO] CADModel:114 - Register for checkConnection events
2025-01-25 02:26:11,746 [INFO] IPUIPlugin:80 - create IPUIPlugin
2025-01-25 02:26:11,746 [INFO] PluginManager:220 - loadIPPluginJar : add comp
2025-01-25 02:26:11,824 [INFO] IPUIPlugin:80 - create IPUIPlugin
2025-01-25 02:26:11,824 [INFO] PluginManager:220 - loadIPPluginJar : add ucpd
2025-01-25 02:26:11,829 [INFO] IPUIPlugin:80 - create IPUIPlugin
2025-01-25 02:26:11,830 [INFO] PluginManager:220 - loadIPPluginJar : add dfsdm
2025-01-25 02:26:11,888 [INFO] IPUIPlugin:80 - create IPUIPlugin
2025-01-25 02:26:11,889 [INFO] PluginManager:220 - loadIPPluginJar : add stm32_wpan
2025-01-25 02:26:11,893 [INFO] IPUIPlugin:80 - create IPUIPlugin
2025-01-25 02:26:11,894 [INFO] PluginManager:220 - loadIPPluginJar : add dma3
2025-01-25 02:26:11,896 [INFO] IPUIPlugin:80 - create IPUIPlugin
2025-01-25 02:26:11,896 [INFO] PluginManager:220 - loadIPPluginJar : add fatfs
2025-01-25 02:26:11,899 [INFO] IPUIPlugin:80 - create IPUIPlugin
2025-01-25 02:26:11,899 [INFO] PluginManager:220 - loadIPPluginJar : add spi
2025-01-25 02:26:11,936 [INFO] IPUIPlugin:80 - create IPUIPlugin
2025-01-25 02:26:11,936 [INFO] PluginManager:220 - loadIPPluginJar : add ddr_ctrl_phy
2025-01-25 02:26:11,946 [INFO] IPUIPlugin:80 - create IPUIPlugin
2025-01-25 02:26:11,947 [INFO] PluginManager:220 - loadIPPluginJar : add fmc
2025-01-25 02:26:11,987 [INFO] IPUIPlugin:80 - create IPUIPlugin
2025-01-25 02:26:11,987 [INFO] PluginManager:220 - loadIPPluginJar : add linkedlist
2025-01-25 02:26:11,993 [INFO] IPUIPlugin:80 - create IPUIPlugin
2025-01-25 02:26:11,994 [INFO] PluginManager:220 - loadIPPluginJar : add gfxmmu
2025-01-25 02:26:11,999 [INFO] IPUIPlugin:80 - create IPUIPlugin
2025-01-25 02:26:12,000 [INFO] PluginManager:220 - loadIPPluginJar : add touchsensing
2025-01-25 02:26:12,004 [INFO] IPUIPlugin:80 - create IPUIPlugin
2025-01-25 02:26:12,004 [INFO] PluginManager:220 - loadIPPluginJar : add usart
2025-01-25 02:26:12,053 [INFO] IPUIPlugin:80 - create IPUIPlugin
2025-01-25 02:26:12,054 [INFO] PluginManager:220 - loadIPPluginJar : add gpio
2025-01-25 02:26:12,059 [INFO] IPUIPlugin:80 - create IPUIPlugin
2025-01-25 02:26:12,060 [INFO] PluginManager:220 - loadIPPluginJar : add usbx
2025-01-25 02:26:12,063 [INFO] IPUIPlugin:80 - create IPUIPlugin
2025-01-25 02:26:12,064 [INFO] PluginManager:220 - loadIPPluginJar : add ts
2025-01-25 02:26:12,068 [INFO] IPUIPlugin:80 - create IPUIPlugin
2025-01-25 02:26:12,068 [INFO] PluginManager:220 - loadIPPluginJar : add gtzc
2025-01-25 02:26:12,124 [INFO] IPUIPlugin:80 - create IPUIPlugin
2025-01-25 02:26:12,142 [INFO] PluginManager:220 - loadIPPluginJar : add plateformsettings
2025-01-25 02:26:12,147 [INFO] IPUIPlugin:80 - create IPUIPlugin
2025-01-25 02:26:12,148 [INFO] PluginManager:220 - loadIPPluginJar : add i3c
2025-01-25 02:26:12,194 [INFO] IPUIPlugin:80 - create IPUIPlugin
2025-01-25 02:26:12,195 [INFO] PluginManager:220 - loadIPPluginJar : add mdma
2025-01-25 02:26:12,200 [INFO] IPUIPlugin:80 - create IPUIPlugin
2025-01-25 02:26:12,200 [INFO] PluginManager:220 - loadIPPluginJar : add pdm2pcm
2025-01-25 02:26:12,237 [INFO] IPUIPlugin:80 - create IPUIPlugin
2025-01-25 02:26:12,237 [INFO] PluginManager:220 - loadIPPluginJar : add aes
2025-01-25 02:26:12,246 [INFO] IPUIPlugin:80 - create IPUIPlugin
2025-01-25 02:26:12,247 [INFO] PluginManager:220 - loadIPPluginJar : add gic
2025-01-25 02:26:12,249 [INFO] IPUIPlugin:80 - create IPUIPlugin
2025-01-25 02:26:12,249 [INFO] PluginManager:220 - loadIPPluginJar : add ltdc
2025-01-25 02:26:12,305 [INFO] IPUIPlugin:80 - create IPUIPlugin
2025-01-25 02:26:12,305 [INFO] PluginManager:220 - loadIPPluginJar : add resmgrutility
2025-01-25 02:26:12,308 [INFO] IPUIPlugin:80 - create IPUIPlugin
2025-01-25 02:26:12,308 [INFO] PluginManager:220 - loadIPPluginJar : add tsc
2025-01-25 02:26:12,311 [INFO] IPUIPlugin:80 - create IPUIPlugin
2025-01-25 02:26:12,311 [INFO] PluginManager:220 - loadIPPluginJar : add quadspi
2025-01-25 02:26:12,317 [INFO] IPUIPlugin:80 - create IPUIPlugin
2025-01-25 02:26:12,317 [INFO] PluginManager:220 - loadIPPluginJar : add openamp
2025-01-25 02:26:12,352 [INFO] IPUIPlugin:80 - create IPUIPlugin
2025-01-25 02:26:12,352 [INFO] PluginManager:220 - loadIPPluginJar : add nvic
2025-01-25 02:26:12,358 [INFO] IPUIPlugin:80 - create IPUIPlugin
2025-01-25 02:26:12,358 [INFO] PluginManager:220 - loadIPPluginJar : add sai
2025-01-25 02:26:12,361 [INFO] IPUIPlugin:80 - create IPUIPlugin
2025-01-25 02:26:12,362 [INFO] PluginManager:220 - loadIPPluginJar : add radio
2025-01-25 02:26:12,366 [INFO] IPUIPlugin:80 - create IPUIPlugin
2025-01-25 02:26:12,366 [INFO] PluginManager:220 - loadIPPluginJar : add lorawan
2025-01-25 02:26:12,368 [INFO] IPUIPlugin:80 - create IPUIPlugin
2025-01-25 02:26:12,368 [INFO] PluginManager:220 - loadIPPluginJar : add tim
2025-01-25 02:26:12,371 [INFO] IPUIPlugin:80 - create IPUIPlugin
2025-01-25 02:26:12,371 [INFO] PluginManager:220 - loadIPPluginJar : add cryp
2025-01-25 02:26:12,407 [INFO] IPUIPlugin:80 - create IPUIPlugin
2025-01-25 02:26:12,407 [INFO] PluginManager:220 - loadIPPluginJar : add hash
2025-01-25 02:26:12,453 [INFO] IPUIPlugin:80 - create IPUIPlugin
2025-01-25 02:26:12,453 [INFO] PluginManager:220 - loadIPPluginJar : add adc
2025-01-25 02:26:12,482 [INFO] IPUIPlugin:80 - create IPUIPlugin
2025-01-25 02:26:12,482 [INFO] PluginManager:220 - loadIPPluginJar : add dma
2025-01-25 02:26:12,484 [INFO] IPUIPlugin:80 - create IPUIPlugin
2025-01-25 02:26:12,484 [INFO] PluginManager:220 - loadIPPluginJar : add tracer_emb
2025-01-25 02:26:12,494 [INFO] IPUIPlugin:80 - create IPUIPlugin
2025-01-25 02:26:12,494 [INFO] PluginManager:220 - loadIPPluginJar : add ipddr
2025-01-25 02:26:12,497 [INFO] IPUIPlugin:80 - create IPUIPlugin
2025-01-25 02:26:12,497 [INFO] PluginManager:220 - loadIPPluginJar : add i2s
2025-01-25 02:26:12,533 [INFO] IPUIPlugin:80 - create IPUIPlugin
2025-01-25 02:26:12,534 [INFO] PluginManager:220 - loadIPPluginJar : add freertos
2025-01-25 02:26:12,538 [INFO] IPUIPlugin:80 - create IPUIPlugin
2025-01-25 02:26:12,538 [INFO] PluginManager:220 - loadIPPluginJar : add opamp
2025-01-25 02:26:12,541 [INFO] IPUIPlugin:80 - create IPUIPlugin
2025-01-25 02:26:12,541 [INFO] PluginManager:220 - loadIPPluginJar : add i2c
2025-01-25 02:26:12,544 [INFO] IPUIPlugin:80 - create IPUIPlugin
2025-01-25 02:26:12,544 [INFO] PluginManager:220 - loadIPPluginJar : add extmemmanager
2025-01-25 02:26:12,547 [INFO] IPUIPlugin:80 - create IPUIPlugin
2025-01-25 02:26:12,547 [INFO] PluginManager:220 - loadIPPluginJar : add can
2025-01-25 02:26:12,548 [INFO] IPUIPlugin:80 - create IPUIPlugin
2025-01-25 02:26:12,548 [INFO] PluginManager:220 - loadIPPluginJar : add genericplugin
2025-01-25 02:26:12,660 [FATAL] Updater:351 - Updater called before beeing initialized
2025-01-25 02:26:12,708 [INFO] RulesReader:64 - Compatibility file has been processed (297 Rules)
2025-01-25 02:26:12,717 [INFO] RulesReader:64 - Compatibility file has been processed (297 Rules)
2025-01-25 02:26:12,723 [INFO] CADModel:165 - CPN selected for project level
2025-01-25 02:26:12,723 [INFO] CADModel:114 - Register for checkConnection events
2025-01-25 02:26:12,723 [FATAL] Updater:351 - Updater called before beeing initialized
2025-01-25 02:26:12,724 [ERROR] CADModel:125 - Updater not yet initialized, retry later 
2025-01-25 02:26:12,954 [FATAL] Updater:351 - Updater called before beeing initialized
2025-01-25 02:26:12,956 [INFO] CADModel:165 - CPN selected for project level
2025-01-25 02:26:12,956 [INFO] CADModel:114 - Register for checkConnection events
2025-01-25 02:26:12,956 [FATAL] Updater:351 - Updater called before beeing initialized
2025-01-25 02:26:12,956 [ERROR] CADModel:125 - Updater not yet initialized, retry later 
2025-01-25 02:26:12,960 [FATAL] Updater:351 - Updater called before beeing initialized
2025-01-25 02:26:13,060 [FATAL] Updater:351 - Updater called before beeing initialized
2025-01-25 02:26:13,080 [INFO] DbMcusAds:53 - JSON generation date=Tue Dec 17 11:01:15 EST 2024 (1734451275222)
2025-01-25 02:26:13,080 [FATAL] Updater:351 - Updater called before beeing initialized
2025-01-25 02:26:13,163 [WARN] DetailPanel:346 - Failed to get advertising image, set to default
2025-01-25 02:26:13,364 [FATAL] Updater:351 - Updater called before beeing initialized
2025-01-25 02:26:13,365 [FATAL] Updater:351 - Updater called before beeing initialized
2025-01-25 02:26:13,366 [FATAL] Updater:351 - Updater called before beeing initialized
2025-01-25 02:26:13,366 [WARN] DetailPanel:346 - Failed to get advertising image, set to default
2025-01-25 02:26:13,367 [FATAL] Updater:351 - Updater called before beeing initialized
2025-01-25 02:26:13,462 [ERROR] Updater:1198 - MainUpdater not yet initialized. External WinMGr cannot be set.
2025-01-25 02:26:13,486 [INFO] Updater:1134 - Updater Version found : 6.13.0
2025-01-25 02:26:13,506 [INFO] ApplicationProperties:184 - Using Application install path: /opt/st/stm32cubeide_1.17.0/plugins/com.st.stm32cube.common.mx_6.13.0.202411220809
2025-01-25 02:26:13,711 [INFO] ThirdPartyUpdaterWithRetryManager:70 - Updater plugin not ready yet. [2/15]
2025-01-25 02:26:14,306 [INFO] MainUpdater:2872 - connection check result : 10
2025-01-25 02:26:14,308 [INFO] MainUpdater:289 - Updater Check For Update Now.
2025-01-25 02:26:14,309 [INFO] MicroXplorer:498 - Change Database Version : DB.6.0.130
2025-01-25 02:26:14,318 [INFO] McuFinderGlobals:63 - Set McuFinder mode to 2 (CubeIDE integrated)
2025-01-25 02:26:14,453 [INFO] UserAuth:171 - activating auth plugin
2025-01-25 02:26:14,456 [INFO] UserAuth:486 - Internet connection configuration mode: 1
2025-01-25 02:26:15,452 [INFO] CheckServerUpdateThread:120 - End of CheckServer Thread
2025-01-25 02:26:15,458 [INFO] JxBrowserEngine:152 - Initiate JxBrowser Engine with user profile folder
2025-01-25 02:26:17,955 [WARN] PackLoader:240 - Cannot read IP mode file for STMicroelectronics.FP-SNS-MOTENVWB1.1.4.0
2025-01-25 02:26:18,009 [WARN] PackLoader:240 - Cannot read IP mode file for STMicroelectronics.FP-ATR-ASTRA1.2.0.1
2025-01-25 02:26:18,057 [WARN] PackLoader:240 - Cannot read IP mode file for STMicroelectronics.X-CUBE-SMBUS.2.1.0
2025-01-25 02:26:18,086 [WARN] PackLoader:240 - Cannot read IP mode file for STMicroelectronics.X-CUBE-WB05N.1.1.0
2025-01-25 02:26:18,235 [WARN] PackLoader:240 - Cannot read IP mode file for STMicroelectronics.X-CUBE-AZRTOS-F7.1.1.0
2025-01-25 02:26:18,277 [WARN] PackLoader:240 - Cannot read IP mode file for STMicroelectronics.FP-SNS-FLIGHT1.5.0.2
2025-01-25 02:26:18,385 [WARN] PackLoader:240 - Cannot read IP mode file for Infineon.AIROC-Wi-Fi-Bluetooth-STM32.1.7.0
2025-01-25 02:26:18,429 [WARN] PackLoader:240 - Cannot read IP mode file for STMicroelectronics.X-CUBE-DISPLAY.3.0.0
2025-01-25 02:26:18,470 [WARN] PackLoader:240 - Cannot read IP mode file for STMicroelectronics.X-CUBE-BLE1.7.0.0
2025-01-25 02:26:18,532 [WARN] PackLoader:240 - Cannot read IP mode file for STMicroelectronics.X-CUBE-NFC10.1.0.0
2025-01-25 02:26:18,581 [WARN] PackLoader:240 - Cannot read IP mode file for STMicroelectronics.X-CUBE-BLEMGR.4.0.0
2025-01-25 02:26:18,608 [WARN] PackLoader:240 - Cannot read IP mode file for emotas.I-CUBE-CANOPEN.1.3.0
2025-01-25 02:26:18,660 [WARN] PackLoader:240 - Cannot read IP mode file for STMicroelectronics.X-CUBE-AI.10.0.0
2025-01-25 02:26:18,697 [WARN] PackLoader:240 - Cannot read IP mode file for STMicroelectronics.FP-SNS-SMARTAG2.1.2.0
2025-01-25 02:26:18,855 [WARN] PackLoader:240 - Cannot read IP mode file for STMicroelectronics.X-CUBE-MEMS1.11.1.0
2025-01-25 02:26:19,114 [INFO] LogOutputStream:77 - [STDOUT_REDIRECT] 1 : Invalid condition id : UX_CORESTACK_Condition cause : null
2025-01-25 02:26:19,115 [INFO] LogOutputStream:77 - [STDOUT_REDIRECT] 1 : Invalid condition id : UX_CORESTACK_Condition cause : null
2025-01-25 02:26:19,116 [INFO] LogOutputStream:77 - [STDOUT_REDIRECT] 1 : Invalid condition id : UX_CORESTACK_Condition cause : null
2025-01-25 02:26:19,116 [INFO] LogOutputStream:77 - [STDOUT_REDIRECT] 1 : Invalid condition id : UX_CORESTACK_Condition cause : null
2025-01-25 02:26:19,117 [INFO] LogOutputStream:77 - [STDOUT_REDIRECT] 1 : Invalid condition id : UX_CORESTACK_Condition cause : null
2025-01-25 02:26:19,121 [WARN] PackLoader:240 - Cannot read IP mode file for STMicroelectronics.X-CUBE-AZRTOS-WL.2.0.0
2025-01-25 02:26:19,127 [WARN] PackLoader:240 - Cannot read IP mode file for STMicroelectronics.FP-SNS-MOTENV1.5.0.0
2025-01-25 02:26:19,151 [WARN] PackLoader:240 - Cannot read IP mode file for wolfSSL.I-CUBE-wolfMQTT.1.19.0
2025-01-25 02:26:19,228 [WARN] PackLoader:240 - Cannot read IP mode file for WES.I-CUBE-Cesium.1.3.0
2025-01-25 02:26:19,248 [WARN] PackLoader:240 - Cannot read IP mode file for STMicroelectronics.X-CUBE-BLE2.3.3.0
2025-01-25 02:26:19,279 [WARN] PackLoader:240 - Cannot read IP mode file for STMicroelectronics.X-CUBE-NFC9.1.0.0
2025-01-25 02:26:19,346 [WARN] PackLoader:240 - Cannot read IP mode file for STMicroelectronics.X-CUBE-AZRTOS-G0.1.1.0
2025-01-25 02:26:19,369 [WARN] PackLoader:240 - Cannot read IP mode file for STMicroelectronics.X-CUBE-SAFEA1.1.2.2
2025-01-25 02:26:19,406 [WARN] PackLoader:240 - Cannot read IP mode file for STMicroelectronics.X-CUBE-NFC4.3.0.0
2025-01-25 02:26:19,457 [WARN] PackLoader:240 - Cannot read IP mode file for EmbeddedOffice.I-CUBE-FS-RTOS.1.0.1
2025-01-25 02:26:19,544 [WARN] PackLoader:240 - Cannot read IP mode file for STMicroelectronics.X-CUBE-TCPP.4.2.0
2025-01-25 02:26:19,578 [WARN] PackLoader:240 - Cannot read IP mode file for RealThread.X-CUBE-RT-Thread_Nano.4.1.1
2025-01-25 02:26:19,623 [WARN] PackLoader:240 - Cannot read IP mode file for STMicroelectronics.FP-ATR-SIGFOX1.3.2.0
2025-01-25 02:26:19,663 [WARN] ConditionMgr:438 - getConditionDescription Invalid condition id : Cortex-A Device cause : null
2025-01-25 02:26:19,740 [WARN] ConditionMgr:1044 - genDependencies : Invalid condition id : Cortex-A Device cause : null
2025-01-25 02:26:19,740 [WARN] ConditionMgr:1044 - genDependencies : Invalid condition id : Cortex-A Device cause : null
2025-01-25 02:26:19,740 [WARN] ConditionMgr:1044 - genDependencies : Invalid condition id : Cortex-A Device cause : null
2025-01-25 02:26:19,782 [WARN] PackLoader:240 - Cannot read IP mode file for STMicroelectronics.X-CUBE-EEPRMA1.5.1.0
2025-01-25 02:26:19,833 [WARN] PackLoader:240 - Cannot read IP mode file for wolfSSL.I-CUBE-wolfSSL.5.7.4
2025-01-25 02:26:19,866 [WARN] PackLoader:240 - Cannot read IP mode file for ITTIA_DB.I-CUBE-ITTIADB.8.9.0
2025-01-25 02:26:20,026 [WARN] PackLoader:240 - Cannot read IP mode file for SEGGER.I-CUBE-embOS.1.3.1
2025-01-25 02:26:20,099 [WARN] PackLoader:240 - Cannot read IP mode file for STMicroelectronics.X-CUBE-ALGOBUILD.1.4.0
2025-01-25 02:26:20,124 [WARN] PackLoader:240 - Cannot read IP mode file for STMicroelectronics.X-CUBE-AI.9.1.0
2025-01-25 02:26:20,285 [WARN] PackLoader:240 - Cannot read IP mode file for STMicroelectronics.X-CUBE-AZRTOS-F4.1.1.0
2025-01-25 02:26:20,308 [WARN] PackLoader:240 - Cannot read IP mode file for STMicroelectronics.X-CUBE-ISPU.2.1.0
2025-01-25 02:26:20,372 [WARN] PackLoader:240 - Cannot read IP mode file for STMicroelectronics.X-CUBE-AZRTOS-L5.2.0.0
2025-01-25 02:26:20,404 [WARN] PackLoader:240 - Cannot read IP mode file for STMicroelectronics.X-CUBE-NFC6.3.1.0
2025-01-25 02:26:20,446 [WARN] PackLoader:240 - Cannot read IP mode file for STMicroelectronics.X-CUBE-DPower.1.2.0
2025-01-25 02:26:20,491 [WARN] PackLoader:240 - Cannot read IP mode file for STMicroelectronics.X-CUBE-FREERTOS.1.3.0
2025-01-25 02:26:20,571 [WARN] PackLoader:240 - Cannot read IP mode file for STMicroelectronics.X-CUBE-NFC7.1.0.1
2025-01-25 02:26:20,677 [WARN] ConditionMgr:438 - getConditionDescription Invalid condition id : LAN8742 Phy interface Condition cause : null
2025-01-25 02:26:20,678 [WARN] PackLoader:240 - Cannot read IP mode file for STMicroelectronics.X-CUBE-AZRTOS-L4.2.0.0
2025-01-25 02:26:20,681 [WARN] ConditionMgr:1044 - genDependencies : Invalid condition id : LAN8742 Phy interface Condition cause : null
2025-01-25 02:26:20,681 [WARN] ConditionMgr:1044 - genDependencies : Invalid condition id : LAN8742 Phy interface Condition cause : null
2025-01-25 02:26:20,683 [WARN] ConditionMgr:1044 - genDependencies : Invalid condition id : LAN8742 Phy interface Condition cause : null
2025-01-25 02:26:20,759 [WARN] PackLoader:240 - Cannot read IP mode file for STMicroelectronics.X-CUBE-SFXS2LP1.4.0.0
2025-01-25 02:26:20,925 [WARN] PackLoader:240 - Cannot read IP mode file for STMicroelectronics.X-CUBE-AZRTOS-H7.3.3.0
2025-01-25 02:26:20,966 [WARN] PackLoader:240 - Cannot read IP mode file for STMicroelectronics.X-CUBE-IPS.3.0.0
2025-01-25 02:26:21,013 [WARN] ConditionMgr:438 - getConditionDescription Invalid condition id : UX DEVICE CLASS RTOS Condition cause : null
2025-01-25 02:26:21,013 [WARN] ConditionMgr:438 - getConditionDescription Invalid condition id : UX DEVICE CLASS RTOS Condition cause : null
2025-01-25 02:26:21,016 [WARN] PackLoader:240 - Cannot read IP mode file for STMicroelectronics.X-CUBE-AZRTOS-WB.2.0.0
2025-01-25 02:26:21,016 [WARN] ConditionMgr:1044 - genDependencies : Invalid condition id : UX DEVICE CLASS RTOS Condition cause : null
2025-01-25 02:26:21,016 [WARN] ConditionMgr:1044 - genDependencies : Invalid condition id : UX DEVICE CLASS RTOS Condition cause : null
2025-01-25 02:26:21,017 [WARN] ConditionMgr:1044 - genDependencies : Invalid condition id : UX DEVICE CLASS RTOS Condition cause : null
2025-01-25 02:26:21,017 [WARN] ConditionMgr:1044 - genDependencies : Invalid condition id : UX DEVICE CLASS RTOS Condition cause : null
2025-01-25 02:26:21,017 [WARN] ConditionMgr:1044 - genDependencies : Invalid condition id : UX DEVICE CLASS RTOS Condition cause : null
2025-01-25 02:26:21,023 [WARN] PackLoader:240 - Cannot read IP mode file for STMicroelectronics.X-CUBE-GNSS1.7.0.1
2025-01-25 02:26:21,065 [WARN] PackLoader:240 - Cannot read IP mode file for STMicroelectronics.FP-SNS-STBOX1.2.0.0
2025-01-25 02:26:21,116 [WARN] PackLoader:240 - Cannot read IP mode file for STMicroelectronics.X-CUBE-SUBG2.5.0.0
2025-01-25 02:26:21,134 [WARN] PackLoader:240 - Cannot read IP mode file for Cesanta.I-CUBE-Mongoose.7.13.0
2025-01-25 02:26:21,170 [WARN] PackLoader:240 - Cannot read IP mode file for STMicroelectronics.X-CUBE-AZRTOS-G4.2.0.0
2025-01-25 02:26:21,237 [WARN] PackLoader:240 - Cannot read IP mode file for STMicroelectronics.X-CUBE-IPS.3.1.0
2025-01-25 02:26:21,269 [WARN] PackLoader:240 - Cannot read IP mode file for STMicroelectronics.X-CUBE-ALS.1.0.2
2025-01-25 02:26:21,322 [WARN] PackLoader:240 - Cannot read IP mode file for STMicroelectronics.X-CUBE-TOUCHGFX.4.24.2
2025-01-25 02:26:21,345 [WARN] PackLoader:240 - Cannot read IP mode file for STMicroelectronics.X-CUBE-TOUCHGFX.4.24.1
2025-01-25 02:26:21,363 [WARN] PackLoader:240 - Cannot read IP mode file for wolfSSL.I-CUBE-wolfTPM.3.4.0
2025-01-25 02:26:21,389 [WARN] PackLoader:240 - Cannot read IP mode file for portGmbH.I-Cube-SoM-uGOAL.1.1.0
2025-01-25 02:26:21,458 [WARN] PackLoader:240 - Cannot read IP mode file for STMicroelectronics.X-CUBE-AZRTOS-H7RS.1.0.0
2025-01-25 02:26:21,500 [WARN] PackLoader:240 - Cannot read IP mode file for STMicroelectronics.X-CUBE-TOF1.3.4.2
2025-01-25 02:26:21,518 [WARN] PackLoader:240 - Cannot read IP mode file for wolfSSL.I-CUBE-wolfSSH.1.4.17
2025-01-25 02:26:21,518 [INFO] ThirdParty:978 - Integrity check success = true
2025-01-25 02:26:21,518 [INFO] IntegrityCheckThread:100 - exiting critical section [integrity check]
2025-01-25 02:26:21,518 [INFO] IntegrityCheckThread:103 - End integrity checks thread
2025-01-25 02:26:30,433 [INFO] McuFinderGlobals:63 - Set McuFinder mode to 2 (CubeIDE integrated)
2025-01-25 02:26:30,599 [INFO] MainUpdater:2872 - connection check result : 10
2025-01-25 02:26:41,630 [INFO] ApiDb:581 - Connected to CubeFinder SQLite database (/home/scott/.stmcufinder/plugins/mcufinder/mcu/cube-finder-db.db)
2025-01-25 02:26:44,034 [INFO] WebApp:168 - Instantiating new browser for Auth
2025-01-25 02:26:47,783 [INFO] ApiDb:668 - CubeFinder database Data Model version=2.1
2025-01-25 02:26:47,784 [INFO] ApiDb:669 - CubeFinder database Configuration version=3.0.39
2025-01-25 02:26:47,784 [INFO] ApiDb:670 - CubeFinder database generation date=2024-12-10 (1733817889)
2025-01-25 02:26:47,785 [INFO] ApiDb:671 - CubeFinder database FW Pack versions=[FP-ATR-ASTRA1_V2.0.0, FP-SNS-FLIGHT1_V5.0.2, FP-SNS-MOTENV1_V5.0.0, FP-SNS-MOTENVWB1_V1.4.0, FP-SNS-SMARTAG2_V1.2.0, FP-SNS-STBOX1_V2.0.0, STM32Cube_FW_C0_V1.3.0, STM32Cube_FW_F4_V1.28.1, STM32Cube_FW_F7_V1.17.2, STM32Cube_FW_G0_V1.6.2, STM32Cube_FW_G4_V1.6.1, STM32Cube_FW_H5_V1.4.0, STM32Cube_FW_H7RS_V1.1.0, STM32Cube_FW_H7_V1.12.0, STM32Cube_FW_L0_V1.12.2, STM32Cube_FW_L4_V1.18.1, STM32Cube_FW_L5_V1.5.1, STM32Cube_FW_N6_V1.0.0, STM32Cube_FW_U0_V1.2.0, STM32Cube_FW_U3_V1.0.0, STM32Cube_FW_U5_V1.7.0, STM32Cube_FW_WB0_V1.1.0, STM32Cube_FW_WBA_V1.5.0, STM32Cube_FW_WB_V1.21.0, STM32Cube_FW_WL3_V1.0.0, STM32Cube_FW_WL_V1.3.0, X-CUBE-ALGOBUILD_V1.4.0, X-CUBE-ALS_V1.0.2, X-CUBE-AZRTOS-F4_V1.1.0, X-CUBE-AZRTOS-F7_V1.1.0, X-CUBE-AZRTOS-G0_V1.1.0, X-CUBE-AZRTOS-G4_V2.0.0, X-CUBE-AZRTOS-H7RS_V1.0.0, X-CUBE-AZRTOS-H7_V3.3.0, X-CUBE-AZRTOS-L4_V2.0.0, X-CUBE-AZRTOS-L5_V2.0.0, X-CUBE-AZRTOS-WB_V2.0.0, X-CUBE-AZRTOS-WL_V2.0.0, X-CUBE-BLE1_V7.0.0, X-CUBE-BLE2_V3.3.0, X-CUBE-BLEMGR_V3.1.0, X-CUBE-EEPRMA1_V5.1.0, X-CUBE-FREERTOS_V1.2.0, X-CUBE-GNSS1_V6.0.0, X-CUBE-MEMS1_V11.0.0, X-CUBE-NFC4_V3.0.0, X-CUBE-NFC7_V1.0.1, X-CUBE-SFXS2LP1_V4.0.0, X-CUBE-SUBG2_V5.0.0, X-CUBE-TOF1_V3.4.2]
2025-01-25 02:26:57,504 [INFO] DbBoardsSqlite:226 - include board P-NUCLEO-WB55-NUCLEO as a kit item of type 'Nucleo-64'
2025-01-25 02:26:57,505 [INFO] DbBoardsSqlite:226 - include board P-NUCLEO-WB55-USBDONGLE as a kit item of type 'Nucleo USB Dongle'
2025-01-25 02:26:57,509 [INFO] DbBoardsSqlite:226 - include board STEVAL-IDP005V1 as a kit item of type 'Evaluation Board'
2025-01-25 02:26:57,510 [INFO] DbBoardsSqlite:226 - include board STEVAL-IDP005V2 as a kit item of type 'Evaluation Board'
2025-01-25 02:27:02,593 [INFO] WebApp:449 - Apply proxy settings
2025-01-25 02:27:02,593 [INFO] WebApp:534 - Chromium requires no authentication
2025-01-25 02:27:02,786 [INFO] WebApp:477 - Direct internet connection detected
2025-01-25 02:27:03,250 [INFO] WebApp:880 - Register for checkConnection events
2025-01-25 02:27:03,250 [INFO] WebApp:449 - Apply proxy settings
2025-01-25 02:27:03,250 [INFO] WebApp:534 - Chromium requires no authentication
2025-01-25 02:27:03,251 [INFO] WebApp:477 - Direct internet connection detected
2025-01-25 02:27:06,684 [INFO] ApiDb:240 - Found 858 in-development CPN: [B-G473E-ZEST1S, B-WB1M-WPAN1, B-WBA5M-WPAN, B-WL5M-SUBG1, NUCLEO-C031C6, NUCLEO-C051C8, NUCLEO-C071RB, NUCLEO-C092RC, NUCLEO-H503RB, NUCLEO-H533RE, NUCLEO-H563ZI, NUCLEO-H7S3L8, NUCLEO-N657X0-Q, NUCLEO-U031R8, NUCLEO-U083RC, NUCLEO-U385RG-Q, NUCLEO-U545RE-Q, NUCLEO-U5A5ZJ-Q, NUCLEO-WB05KZ, NUCLEO-WB07CC, NUCLEO-WB09KE, NUCLEO-WBA52CG, NUCLEO-WBA55CG, NUCLEO-WL33CC1, NUCLEO-WL33CC2, STEVAL-PROTEUS1, STEVAL-SMARTAG2, STEVAL-STWINBX1, STM320518-EVAL, STM32C0116-DK, STM32C011D6Y3TR, STM32C011D6Y6TR, STM32C011F4P3, STM32C011F4P6, STM32C011F4U3, STM32C011F4U6TR, STM32C011F6P3, STM32C011F6P6, STM32C011F6U3, STM32C011F6U6TR, STM32C011J4M3, STM32C011J4M6, STM32C011J6M3, STM32C011J6M6, STM32C0316-DK, STM32C031C4T3, STM32C031C4T6, STM32C031C4U3, STM32C031C4U6, STM32C031C6T3, STM32C031C6T6, STM32C031C6U3, STM32C031C6U6, STM32C031F4P3, STM32C031F4P6, STM32C031F6P3, STM32C031F6P6, STM32C031G4U3, STM32C031G4U6, STM32C031G6U3, STM32C031G6U6, STM32C031K4T3, STM32C031K4T6, STM32C031K4U3, STM32C031K4U6, STM32C031K6T3, STM32C031K6T6, STM32C031K6U3, STM32C031K6U6, STM32C051C6T6, STM32C051C6U6, STM32C051C8T6, STM32C051C8U6, STM32C051D8Y6TR, STM32C051F6P6, STM32C051F8P6, STM32C051G6U6, STM32C051G8U6, STM32C051K6T6, STM32C051K6U6, STM32C051K8T6, STM32C071C8T6, STM32C071C8T6N, STM32C071C8U6, STM32C071C8U6N, STM32C071CBT6, STM32C071CBT6N, STM32C071CBU6, STM32C071CBU6N, STM32C071F8P6, STM32C071F8P6N, STM32C071FBP6, STM32C071FBP6N, STM32C071FBY6TR, STM32C071G8U6, STM32C071G8U6N, STM32C071GBU6, STM32C071GBU6N, STM32C071K8T6, STM32C071K8T6N, STM32C071K8U6, STM32C071K8U6N, STM32C071KBT6, STM32C071KBT6N, STM32C071KBU6, STM32C071KBU6N, STM32C071R8T6, STM32C071R8T6N, STM32C071RBI6N, STM32C071RBT6, STM32C071RBT6N, STM32C091CBT6, STM32C091CBU6, STM32C091CCT6, STM32C091CCU6, STM32C091ECY6TR, STM32C091FBP6, STM32C091FCP6, STM32C091GBU6, STM32C091GCU6, STM32C091KBT6, STM32C091KBU6, STM32C091KCT6, STM32C091KCU6, STM32C091RBT6, STM32C091RCI6, STM32C091RCT6, STM32C092CBT6, STM32C092CBU6, STM32C092CCT6, STM32C092CCU6, STM32C092ECY6TR, STM32C092FBP6, STM32C092FCP6, STM32C092GBU6, STM32C092GCU6, STM32C092KBT6, STM32C092KBU6, STM32C092KCT6, STM32C092KCU6, STM32C092RBT6, STM32C092RCI6, STM32C092RCT6, STM32G071K8TXN, STM32G071K8UXN, STM32G081GBU6N, STM32G081KBT6N, STM32G081KBUXN, STM32G0B1CCT6N, STM32G0B1KCT6, STM32G0B1NEY6TR, STM32G0B1RCT6N, STM32G0C1CCT6, STM32G0C1CCT6N, STM32G0C1CCU6N, STM32G0C1CET6N, STM32G0C1CEU6N, STM32G0C1KCT6, STM32G0C1NEY6TR, STM32G0C1RCI6N, STM32G0C1RCT6N, STM32G0C1REI6N, STM32G0C1RET6N, STM32G0C1VCI6, STM32G0C1VEI6, STM32G411C6T3, STM32G411C6T6, STM32G411C6U3, STM32G411C6U6, STM32G411C8T3, STM32G411C8T6, STM32G411C8U3, STM32G411C8U6, STM32G411CBT3, STM32G411CBT6, STM32G411CBU3, STM32G411CBU6, STM32G411CCT3, STM32G411CCT6, STM32G411CCU3, STM32G411CCU6, STM32G411K6T3, STM32G411K6T6, STM32G411K6U3, STM32G411K6U6, STM32G411K8T3, STM32G411K8T6, STM32G411K8U3, STM32G411K8U6, STM32G411KBT3, STM32G411KBT6, STM32G411KBU3, STM32G411KBU6, STM32G411M6T3, STM32G411M6T6, STM32G411M8T3, STM32G411M8T6, STM32G411MBT3, STM32G411MBT6, STM32G411MCT3, STM32G411MCT6, STM32G411R6T3, STM32G411R6T6, STM32G411R8T3, STM32G411R8T6, STM32G411RBT3, STM32G411RBT6, STM32G411RCT3, STM32G411RCT6, STM32G414CBT3, STM32G414CBT6, STM32G414CBU3, STM32G414CBU6, STM32G414CCT3, STM32G414CCT6, STM32G414CCU3, STM32G414CCU6, STM32G414MBT3, STM32G414MBT6, STM32G414MCT3, STM32G414MCT6, STM32G414RBT3, STM32G414RBT6, STM32G414RCT3, STM32G414RCT6, STM32G414VBT3, STM32G414VBT6, STM32G414VCT3, STM32G414VCT6, STM32G431CBT3Z, STM32G431RBT3Z, STM32G471CCT6, STM32G471CCU6, STM32G471CET3, STM32G471CET6, STM32G471CEU3, STM32G471CEU6, STM32G471MCT6, STM32G471MET3, STM32G471MET6, STM32G471MEY6TR, STM32G471QCT6, STM32G471QET3, STM32G471RCT6, STM32G471RET3, STM32G471RET6, STM32G471VCH6, STM32G471VCI6, STM32G471VCT6, STM32G471VEH3, STM32G471VEH6, STM32G471VEI3, STM32G471VEI6, STM32G471VET3, STM32G471VET6, STM32G473QET3Z, STM32G473RET3Z, STM32G474CCT6, STM32G491RET3Z, STM32H503CBT6, STM32H503CBU6, STM32H503EBY6TR, STM32H503KBU6, STM32H503RBT6, STM32H523CCT6, STM32H523CCU6, STM32H523CET6, STM32H523CEU6, STM32H523HEY6TR, STM32H523RCT6, STM32H523RET6, STM32H523VCI6, STM32H523VCT6, STM32H523VEI6, STM32H523VET6, STM32H523ZCJ6, STM32H523ZCT6, STM32H523ZEJ6, STM32H523ZET6, STM32H533CET6, STM32H533CEU6, STM32H533HEY6TR, STM32H533RET6, STM32H533VEI6, STM32H533VET6, STM32H533ZEJ6, STM32H533ZET6, STM32H562AGI6, STM32H562AII6, STM32H562IGK6, STM32H562IGT6, STM32H562IIK6, STM32H562IIT6, STM32H562RGT6, STM32H562RGV6, STM32H562RIT6, STM32H562RIV6, STM32H562VGT6, STM32H562VIT6, STM32H562ZGT6, STM32H562ZIT6, STM32H563AGI6, STM32H563AII3Q, STM32H563AII6, STM32H563IGK6, STM32H563IGT6, STM32H563IIK3Q, STM32H563IIK6, STM32H563IIT3Q, STM32H563IIT6, STM32H563MIY3QTR, STM32H563RGT6, STM32H563RGV6, STM32H563RIT6, STM32H563RIV6, STM32H563VGT6, STM32H563VIT3Q, STM32H563VIT6, STM32H563ZGT6, STM32H563ZIT3Q, STM32H563ZIT6, STM32H573AII3Q, STM32H573AII6, STM32H573I-DK, STM32H573IIK3Q, STM32H573IIK6, STM32H573IIT3Q, STM32H573IIT6, STM32H573MIY3QTR, STM32H573RIT6, STM32H573RIV6, STM32H573VIT3Q, STM32H573VIT6, STM32H573ZIT3Q, STM32H573ZIT6, STM32H7R3A8I6, STM32H7R3I8K6, STM32H7R3I8T6, STM32H7R3L8H6, STM32H7R3L8H6H, STM32H7R3R8V6, STM32H7R3V8H6, STM32H7R3V8T6, STM32H7R3V8Y6TR, STM32H7R3Z8J6, STM32H7R3Z8T6, STM32H7R7A8I6, STM32H7R7I8K6, STM32H7R7I8T6, STM32H7R7L8H6, STM32H7R7L8H6H, STM32H7R7Z8J6, STM32H7S3A8I6, STM32H7S3I8K6, STM32H7S3I8T6, STM32H7S3L8H6, STM32H7S3L8H6H, STM32H7S3R8V6, STM32H7S3V8H6, STM32H7S3V8T6, STM32H7S3V8Y6TR, STM32H7S3Z8J6, STM32H7S3Z8T6, STM32H7S78-DK, STM32H7S7A8I6, STM32H7S7I8K6, STM32H7S7I8T6, STM32H7S7L8H6, STM32H7S7L8H6H, STM32H7S7Z8J6, STM32L4R5QGI6STR, STM32MP131AAE3, STM32MP131AAF3, STM32MP131AAG3, STM32MP131CAE3, STM32MP131CAF3, STM32MP131CAG3, STM32MP131DAE7, STM32MP131DAF7, STM32MP131DAG7, STM32MP131FAE7, STM32MP131FAF7, STM32MP131FAG7, STM32MP133AAE3, STM32MP133AAF3, STM32MP133AAG3, STM32MP133CAE3, STM32MP133CAF3, STM32MP133CAG3, STM32MP133DAE7, STM32MP133DAF7, STM32MP133DAG7, STM32MP133FAE7, STM32MP133FAF7, STM32MP133FAG7, STM32MP135AAE3, STM32MP135AAF3, STM32MP135AAG3, STM32MP135CAE3, STM32MP135CAF3, STM32MP135CAG3, STM32MP135DAE7, STM32MP135DAF7, STM32MP135DAG7, STM32MP135F-DK, STM32MP135FAE7, STM32MP135FAF7, STM32MP135FAF7T, STM32MP135FAF7U, STM32MP135FAG7, STM32MP231AAJ3, STM32MP231AAK3, STM32MP231AAL3, STM32MP231CAJ3, STM32MP231CAK3, STM32MP231CAL3, STM32MP231DAJ3, STM32MP231DAK3, STM32MP231DAL3, STM32MP231FAJ3, STM32MP231FAK3, STM32MP231FAL3, STM32MP233AAJ3, STM32MP233AAK3, STM32MP233AAL3, STM32MP233CAJ3, STM32MP233CAK3, STM32MP233CAL3, STM32MP233DAJ3, STM32MP233DAK3, STM32MP233DAL3, STM32MP233FAJ3, STM32MP233FAK3, STM32MP233FAL3, STM32MP235AAJ3, STM32MP235AAK3, STM32MP235AAL3, STM32MP235CAJ3, STM32MP235CAK3, STM32MP235CAL3, STM32MP235DAJ3, STM32MP235DAK3, STM32MP235DAL3, STM32MP235FAJ3, STM32MP235FAK3, STM32MP235FAL3, STM32MP251AAI3, STM32MP251AAJ3, STM32MP251AAK3, STM32MP251AAL3, STM32MP251CAI3, STM32MP251CAJ3, STM32MP251CAK3, STM32MP251CAL3, STM32MP251DAI3, STM32MP251DAJ3, STM32MP251DAK3, STM32MP251DAL3, STM32MP251FAI3, STM32MP251FAJ3, STM32MP251FAK3, STM32MP251FAL3, STM32MP253AAI3, STM32MP253AAJ3, STM32MP253AAK3, STM32MP253AAL3, STM32MP253CAI3, STM32MP253CAJ3, STM32MP253CAK3, STM32MP253CAL3, STM32MP253DAI3, STM32MP253DAJ3, STM32MP253DAK3, STM32MP253DAL3, STM32MP253FAI3, STM32MP253FAJ3, STM32MP253FAK3, STM32MP253FAL3, STM32MP255AAI3, STM32MP255AAJ3, STM32MP255AAK3, STM32MP255AAL3, STM32MP255CAI3, STM32MP255CAJ3, STM32MP255CAK3, STM32MP255CAL3, STM32MP255DAI3, STM32MP255DAJ3, STM32MP255DAK3, STM32MP255DAL3, STM32MP255FAI3, STM32MP255FAJ3, STM32MP255FAK3, STM32MP255FAL3, STM32MP257AAI3, STM32MP257AAJ3, STM32MP257AAK3, STM32MP257AAL3, STM32MP257CAI3, STM32MP257CAJ3, STM32MP257CAK3, STM32MP257CAL3, STM32MP257DAI3, STM32MP257DAJ3, STM32MP257DAK3, STM32MP257DAL3, STM32MP257F-DK, STM32MP257F-EV1, STM32MP257FAI3, STM32MP257FAJ3, STM32MP257FAK3, STM32MP257FAL3, STM32N645A0H3Q, STM32N645B0H3Q, STM32N645I0H3Q, STM32N645L0H3Q, STM32N645X0H3Q, STM32N645Z0H3Q, STM32N647A0H3Q, STM32N647B0H3Q, STM32N647I0H3Q, STM32N647L0H3Q, STM32N647X0H3Q, STM32N647Z0H3Q, STM32N655A0H3Q, STM32N655B0H3Q, STM32N655I0H3Q, STM32N655L0H3Q, STM32N655X0H3Q, STM32N655Z0H3Q, STM32N6570-DK, STM32N657A0H3Q, STM32N657B0H3Q, STM32N657I0H3Q, STM32N657L0H3Q, STM32N657X0H3Q, STM32N657Z0H3Q, STM32U031C6T6, STM32U031C6U6, STM32U031C8T6, STM32U031C8U6, STM32U031F4P6, STM32U031F6P6, STM32U031F8P6, STM32U031G6Y6TR, STM32U031G8Y6TR, STM32U031K4U6, STM32U031K6U6, STM32U031K8U6, STM32U031R6I6, STM32U031R6T6, STM32U031R8I6, STM32U031R8T6, STM32U073C8T6, STM32U073C8U6, STM32U073CBT6, STM32U073CBU6, STM32U073CCT6, STM32U073CCU6, STM32U073H8Y6TR, STM32U073HBY6TR, STM32U073HCY6TR, STM32U073K8U6, STM32U073KBU6, STM32U073KCU6, STM32U073M8I6, STM32U073M8T6, STM32U073MBI6, STM32U073MBT6, STM32U073MCI6, STM32U073MCT6, STM32U073R8I6, STM32U073R8T6, STM32U073RBI6, STM32U073RBT6, STM32U073RCI6, STM32U073RCT6, STM32U083C-DK, STM32U083CCT6, STM32U083CCU6, STM32U083HCY6TR, STM32U083KCU6, STM32U083MCI6, STM32U083MCT6, STM32U083RCI6, STM32U083RCT6, STM32U375CET6, STM32U375CET6Q, STM32U375CEU6, STM32U375CEU6Q, STM32U375CEY6QTR, STM32U375CGT6, STM32U375CGT6Q, STM32U375CGU6, STM32U375CGU6Q, STM32U375CGY6QTR, STM32U375KEU6, STM32U375KGU6, STM32U375REI6, STM32U375REI6Q, STM32U375RET6, STM32U375RET6Q, STM32U375REY6GTR, STM32U375REY6QTR, STM32U375RGI6, STM32U375RGI6Q, STM32U375RGT6, STM32U375RGT6Q, STM32U375RGY6GTR, STM32U375RGY6QTR, STM32U375VEI6, STM32U375VEI6Q, STM32U375VET6, STM32U375VET6Q, STM32U375VGI6, STM32U375VGI6Q, STM32U375VGT6, STM32U375VGT6Q, STM32U385CGT6, STM32U385CGT6Q, STM32U385CGU6, STM32U385CGU6Q, STM32U385CGY6QTR, STM32U385KGU6, STM32U385RGI6, STM32U385RGI6Q, STM32U385RGT6, STM32U385RGT6Q, STM32U385RGY6GTR, STM32U385RGY6QTR, STM32U385VGI6, STM32U385VGI6Q, STM32U385VGT6, STM32U385VGT6Q, STM32U535CBT6, STM32U535CBT6Q, STM32U535CBU6, STM32U535CBU6Q, STM32U535CCT6, STM32U535CCT6Q, STM32U535CCU6, STM32U535CCU6Q, STM32U535CET6, STM32U535CET6Q, STM32U535CEU6, STM32U535CEU6Q, STM32U535JEY6QTR, STM32U535NCY6QTR, STM32U535NEY6QTR, STM32U535RBI6, STM32U535RBI6Q, STM32U535RBT6, STM32U535RBT6Q, STM32U535RCI6, STM32U535RCI6Q, STM32U535RCT6, STM32U535RCT6Q, STM32U535REI6, STM32U535REI6Q, STM32U535RET6, STM32U535RET6Q, STM32U535VCI6, STM32U535VCI6Q, STM32U535VCT6, STM32U535VCT6Q, STM32U535VEI6, STM32U535VEI6Q, STM32U535VET6, STM32U535VET6Q, STM32U545CET6, STM32U545CET6Q, STM32U545CEU6, STM32U545CEU6Q, STM32U545JEY6QTR, STM32U545NEY6QTR, STM32U545REI6, STM32U545REI6Q, STM32U545RET6, STM32U545RET6Q, STM32U545VEI6, STM32U545VEI6Q, STM32U545VET6, STM32U545VET6Q, STM32U595AIH6, STM32U595AIH6Q, STM32U595AJH6, STM32U595AJH6Q, STM32U595QII6, STM32U595QII6Q, STM32U595QJI6, STM32U595QJI6Q, STM32U595RIT6, STM32U595RIT6Q, STM32U595RJT6, STM32U595RJT6Q, STM32U595VIT6, STM32U595VIT6Q, STM32U595VJT6, STM32U595VJT6Q, STM32U595ZIT6, STM32U595ZIT6Q, STM32U595ZIY6QTR, STM32U595ZJT6, STM32U595ZJT6Q, STM32U595ZJY6QTR, STM32U599BJY6QTR, STM32U599NIH6Q, STM32U599NJH6Q, STM32U599VIT6Q, STM32U599VJT6, STM32U599VJT6Q, STM32U599ZIT6Q, STM32U599ZIY6QTR, STM32U599ZJT6Q, STM32U599ZJY6QTR, STM32U5A5AJH6, STM32U5A5AJH6Q, STM32U5A5QII3Q , STM32U5A5QJI6, STM32U5A5QJI6Q, STM32U5A5RJT6, STM32U5A5RJT6Q, STM32U5A5VJT6, STM32U5A5VJT6Q, STM32U5A5ZJT6, STM32U5A5ZJT6Q, STM32U5A5ZJY6QTR, STM32U5A9BJY6QTR, STM32U5A9J-DK, STM32U5A9NJH6Q, STM32U5A9VJT6Q, STM32U5A9ZJT6Q, STM32U5A9ZJY6QTR, STM32U5F7VIT6, STM32U5F7VIT6Q, STM32U5F7VJT6, STM32U5F7VJT6Q, STM32U5F9BJY6QTR, STM32U5F9NJH6Q, STM32U5F9VIT6Q, STM32U5F9VJT6Q, STM32U5F9ZIJ6QTR, STM32U5F9ZIT6Q, STM32U5F9ZJJ6QTR, STM32U5F9ZJT6Q, STM32U5G7VJT6, STM32U5G7VJT6Q, STM32U5G9BJY6QTR, STM32U5G9J-DK1, STM32U5G9J-DK2, STM32U5G9NJH6Q, STM32U5G9VJT6Q, STM32U5G9ZJJ6QTR, STM32U5G9ZJT6Q, STM32WB05KZV6TR, STM32WB05KZV7TR, STM32WB05TZF6TR, STM32WB05TZF7TR, STM32WB06CCF6TR, STM32WB06CCF7TR, STM32WB06CCV6TR, STM32WB06CCV7TR, STM32WB06KCV6TR, STM32WB06KCV7TR, STM32WB07CCF6TR, STM32WB07CCF7TR, STM32WB07CCV6TR, STM32WB07CCV7TR, STM32WB07KCV6TR, STM32WB07KCV7TR, STM32WB09KEV6TR, STM32WB09KEV7TR, STM32WB09TEF6TR, STM32WB09TEF7TR, STM32WB1MMCH6, STM32WBA50KGU6, STM32WBA50KGU6TR, STM32WBA52CEU6, STM32WBA52CEU6TR, STM32WBA52CEU7, STM32WBA52CEU7TR, STM32WBA52CGU6, STM32WBA52CGU6TR, STM32WBA52CGU6U, STM32WBA52CGU7, STM32WBA52CGU7TR, STM32WBA52KEU6, STM32WBA52KEU6TR, STM32WBA52KGU6, STM32WBA52KGU6TR, STM32WBA54CEU6, STM32WBA54CEU6TR, STM32WBA54CEU7, STM32WBA54CEU7TR, STM32WBA54CGU6, STM32WBA54CGU6TR, STM32WBA54CGU7, STM32WBA54CGU7TR, STM32WBA54KEU6, STM32WBA54KEU6TR, STM32WBA54KEU7, STM32WBA54KEU7TR, STM32WBA54KGU6, STM32WBA54KGU6TR, STM32WBA54KGU7, STM32WBA54KGU7TR, STM32WBA55CEU6, STM32WBA55CEU6TR, STM32WBA55CEU7, STM32WBA55CEU7TR, STM32WBA55CGU6, STM32WBA55CGU6TR, STM32WBA55CGU6U, STM32WBA55CGU7, STM32WBA55CGU7TR, STM32WBA55G-DK1, STM32WBA55HEF6, STM32WBA55HEF7, STM32WBA55HGF6, STM32WBA55HGF7, STM32WBA55UEI6, STM32WBA55UEI6TR, STM32WBA55UEI7, STM32WBA55UEI7TR, STM32WBA55UGI6, STM32WBA55UGI6TR, STM32WBA55UGI7, STM32WBA55UGI7TR, STM32WBA5MJGH6TR, STM32WBA5MJGH6U, STM32WL33C8V6, STM32WL33C8V6TR, STM32WL33C8V7, STM32WL33C8V7TR, STM32WL33CBV6, STM32WL33CBV6TR, STM32WL33CBV7, STM32WL33CBV7TR, STM32WL33CCV6, STM32WL33CCV6TR, STM32WL33CCV7, STM32WL33CCV7A, STM32WL33CCV7ATR, STM32WL33CCV7TR, STM32WL33K8V6, STM32WL33K8V6TR, STM32WL33K8V7, STM32WL33K8V7TR, STM32WL33KBV6, STM32WL33KBV6TR, STM32WL33KBV7, STM32WL33KBV7TR, STM32WL33KCV6, STM32WL33KCV6TR, STM32WL33KCV7, STM32WL33KCV7TR, STM32WL5MOCH6, STM32WL5MOCH6TR]
2025-01-25 02:27:07,125 [INFO] WebApp:221 - Starting web application
2025-01-25 02:27:07,125 [INFO] WebApp:579 - Web application path used /opt/st/stm32cubeide_1.17.0/plugins/com.st.stm32cube.common.mx_6.13.0.202411220809/db/plugins/mcufinder/reactClient1/index.html
2025-01-25 02:27:07,882 [INFO] BoardInfo:889 - No configuration file found for board P-NUCLEO-WB55
2025-01-25 02:27:07,883 [INFO] DbBoards:161 - Kit is not supported: P-NUCLEO-WB55
2025-01-25 02:27:07,886 [INFO] BoardInfo:889 - No configuration file found for board STEVAL-BFA001V1B
2025-01-25 02:27:07,887 [INFO] DbBoards:161 - Kit is not supported: STEVAL-BFA001V1B
2025-01-25 02:27:07,888 [INFO] BoardInfo:889 - No configuration file found for board STEVAL-BFA001V2B
2025-01-25 02:27:07,888 [INFO] DbBoards:161 - Kit is not supported: STEVAL-BFA001V2B
2025-01-25 02:27:08,037 [INFO] DbBoards:168 - Found 209 boards, 206 are supported
2025-01-25 02:27:08,037 [INFO] DbBoards:169 - Found 209 boards, 42 of them is supported for  Bsp
2025-01-25 02:27:08,043 [INFO] ApiDb:668 - CubeFinder database Data Model version=2.1
2025-01-25 02:27:08,043 [INFO] ApiDb:669 - CubeFinder database Configuration version=3.0.39
2025-01-25 02:27:08,043 [INFO] ApiDb:670 - CubeFinder database generation date=2024-12-10 (1733817889)
2025-01-25 02:27:08,043 [INFO] ApiDb:671 - CubeFinder database FW Pack versions=[FP-ATR-ASTRA1_V2.0.0, FP-SNS-FLIGHT1_V5.0.2, FP-SNS-MOTENV1_V5.0.0, FP-SNS-MOTENVWB1_V1.4.0, FP-SNS-SMARTAG2_V1.2.0, FP-SNS-STBOX1_V2.0.0, STM32Cube_FW_C0_V1.3.0, STM32Cube_FW_F4_V1.28.1, STM32Cube_FW_F7_V1.17.2, STM32Cube_FW_G0_V1.6.2, STM32Cube_FW_G4_V1.6.1, STM32Cube_FW_H5_V1.4.0, STM32Cube_FW_H7RS_V1.1.0, STM32Cube_FW_H7_V1.12.0, STM32Cube_FW_L0_V1.12.2, STM32Cube_FW_L4_V1.18.1, STM32Cube_FW_L5_V1.5.1, STM32Cube_FW_N6_V1.0.0, STM32Cube_FW_U0_V1.2.0, STM32Cube_FW_U3_V1.0.0, STM32Cube_FW_U5_V1.7.0, STM32Cube_FW_WB0_V1.1.0, STM32Cube_FW_WBA_V1.5.0, STM32Cube_FW_WB_V1.21.0, STM32Cube_FW_WL3_V1.0.0, STM32Cube_FW_WL_V1.3.0, X-CUBE-ALGOBUILD_V1.4.0, X-CUBE-ALS_V1.0.2, X-CUBE-AZRTOS-F4_V1.1.0, X-CUBE-AZRTOS-F7_V1.1.0, X-CUBE-AZRTOS-G0_V1.1.0, X-CUBE-AZRTOS-G4_V2.0.0, X-CUBE-AZRTOS-H7RS_V1.0.0, X-CUBE-AZRTOS-H7_V3.3.0, X-CUBE-AZRTOS-L4_V2.0.0, X-CUBE-AZRTOS-L5_V2.0.0, X-CUBE-AZRTOS-WB_V2.0.0, X-CUBE-AZRTOS-WL_V2.0.0, X-CUBE-BLE1_V7.0.0, X-CUBE-BLE2_V3.3.0, X-CUBE-BLEMGR_V3.1.0, X-CUBE-EEPRMA1_V5.1.0, X-CUBE-FREERTOS_V1.2.0, X-CUBE-GNSS1_V6.0.0, X-CUBE-MEMS1_V11.0.0, X-CUBE-NFC4_V3.0.0, X-CUBE-NFC7_V1.0.1, X-CUBE-SFXS2LP1_V4.0.0, X-CUBE-SUBG2_V5.0.0, X-CUBE-TOF1_V3.4.2]
2025-01-25 02:27:09,878 [INFO] WebApp:187 - Connection restablished
2025-01-25 02:27:29,156 [INFO] ApiDb:240 - Found 858 in-development CPN: [B-G473E-ZEST1S, B-WB1M-WPAN1, B-WBA5M-WPAN, B-WL5M-SUBG1, NUCLEO-C031C6, NUCLEO-C051C8, NUCLEO-C071RB, NUCLEO-C092RC, NUCLEO-H503RB, NUCLEO-H533RE, NUCLEO-H563ZI, NUCLEO-H7S3L8, NUCLEO-N657X0-Q, NUCLEO-U031R8, NUCLEO-U083RC, NUCLEO-U385RG-Q, NUCLEO-U545RE-Q, NUCLEO-U5A5ZJ-Q, NUCLEO-WB05KZ, NUCLEO-WB07CC, NUCLEO-WB09KE, NUCLEO-WBA52CG, NUCLEO-WBA55CG, NUCLEO-WL33CC1, NUCLEO-WL33CC2, STEVAL-PROTEUS1, STEVAL-SMARTAG2, STEVAL-STWINBX1, STM320518-EVAL, STM32C0116-DK, STM32C011D6Y3TR, STM32C011D6Y6TR, STM32C011F4P3, STM32C011F4P6, STM32C011F4U3, STM32C011F4U6TR, STM32C011F6P3, STM32C011F6P6, STM32C011F6U3, STM32C011F6U6TR, STM32C011J4M3, STM32C011J4M6, STM32C011J6M3, STM32C011J6M6, STM32C0316-DK, STM32C031C4T3, STM32C031C4T6, STM32C031C4U3, STM32C031C4U6, STM32C031C6T3, STM32C031C6T6, STM32C031C6U3, STM32C031C6U6, STM32C031F4P3, STM32C031F4P6, STM32C031F6P3, STM32C031F6P6, STM32C031G4U3, STM32C031G4U6, STM32C031G6U3, STM32C031G6U6, STM32C031K4T3, STM32C031K4T6, STM32C031K4U3, STM32C031K4U6, STM32C031K6T3, STM32C031K6T6, STM32C031K6U3, STM32C031K6U6, STM32C051C6T6, STM32C051C6U6, STM32C051C8T6, STM32C051C8U6, STM32C051D8Y6TR, STM32C051F6P6, STM32C051F8P6, STM32C051G6U6, STM32C051G8U6, STM32C051K6T6, STM32C051K6U6, STM32C051K8T6, STM32C071C8T6, STM32C071C8T6N, STM32C071C8U6, STM32C071C8U6N, STM32C071CBT6, STM32C071CBT6N, STM32C071CBU6, STM32C071CBU6N, STM32C071F8P6, STM32C071F8P6N, STM32C071FBP6, STM32C071FBP6N, STM32C071FBY6TR, STM32C071G8U6, STM32C071G8U6N, STM32C071GBU6, STM32C071GBU6N, STM32C071K8T6, STM32C071K8T6N, STM32C071K8U6, STM32C071K8U6N, STM32C071KBT6, STM32C071KBT6N, STM32C071KBU6, STM32C071KBU6N, STM32C071R8T6, STM32C071R8T6N, STM32C071RBI6N, STM32C071RBT6, STM32C071RBT6N, STM32C091CBT6, STM32C091CBU6, STM32C091CCT6, STM32C091CCU6, STM32C091ECY6TR, STM32C091FBP6, STM32C091FCP6, STM32C091GBU6, STM32C091GCU6, STM32C091KBT6, STM32C091KBU6, STM32C091KCT6, STM32C091KCU6, STM32C091RBT6, STM32C091RCI6, STM32C091RCT6, STM32C092CBT6, STM32C092CBU6, STM32C092CCT6, STM32C092CCU6, STM32C092ECY6TR, STM32C092FBP6, STM32C092FCP6, STM32C092GBU6, STM32C092GCU6, STM32C092KBT6, STM32C092KBU6, STM32C092KCT6, STM32C092KCU6, STM32C092RBT6, STM32C092RCI6, STM32C092RCT6, STM32G071K8TXN, STM32G071K8UXN, STM32G081GBU6N, STM32G081KBT6N, STM32G081KBUXN, STM32G0B1CCT6N, STM32G0B1KCT6, STM32G0B1NEY6TR, STM32G0B1RCT6N, STM32G0C1CCT6, STM32G0C1CCT6N, STM32G0C1CCU6N, STM32G0C1CET6N, STM32G0C1CEU6N, STM32G0C1KCT6, STM32G0C1NEY6TR, STM32G0C1RCI6N, STM32G0C1RCT6N, STM32G0C1REI6N, STM32G0C1RET6N, STM32G0C1VCI6, STM32G0C1VEI6, STM32G411C6T3, STM32G411C6T6, STM32G411C6U3, STM32G411C6U6, STM32G411C8T3, STM32G411C8T6, STM32G411C8U3, STM32G411C8U6, STM32G411CBT3, STM32G411CBT6, STM32G411CBU3, STM32G411CBU6, STM32G411CCT3, STM32G411CCT6, STM32G411CCU3, STM32G411CCU6, STM32G411K6T3, STM32G411K6T6, STM32G411K6U3, STM32G411K6U6, STM32G411K8T3, STM32G411K8T6, STM32G411K8U3, STM32G411K8U6, STM32G411KBT3, STM32G411KBT6, STM32G411KBU3, STM32G411KBU6, STM32G411M6T3, STM32G411M6T6, STM32G411M8T3, STM32G411M8T6, STM32G411MBT3, STM32G411MBT6, STM32G411MCT3, STM32G411MCT6, STM32G411R6T3, STM32G411R6T6, STM32G411R8T3, STM32G411R8T6, STM32G411RBT3, STM32G411RBT6, STM32G411RCT3, STM32G411RCT6, STM32G414CBT3, STM32G414CBT6, STM32G414CBU3, STM32G414CBU6, STM32G414CCT3, STM32G414CCT6, STM32G414CCU3, STM32G414CCU6, STM32G414MBT3, STM32G414MBT6, STM32G414MCT3, STM32G414MCT6, STM32G414RBT3, STM32G414RBT6, STM32G414RCT3, STM32G414RCT6, STM32G414VBT3, STM32G414VBT6, STM32G414VCT3, STM32G414VCT6, STM32G431CBT3Z, STM32G431RBT3Z, STM32G471CCT6, STM32G471CCU6, STM32G471CET3, STM32G471CET6, STM32G471CEU3, STM32G471CEU6, STM32G471MCT6, STM32G471MET3, STM32G471MET6, STM32G471MEY6TR, STM32G471QCT6, STM32G471QET3, STM32G471RCT6, STM32G471RET3, STM32G471RET6, STM32G471VCH6, STM32G471VCI6, STM32G471VCT6, STM32G471VEH3, STM32G471VEH6, STM32G471VEI3, STM32G471VEI6, STM32G471VET3, STM32G471VET6, STM32G473QET3Z, STM32G473RET3Z, STM32G474CCT6, STM32G491RET3Z, STM32H503CBT6, STM32H503CBU6, STM32H503EBY6TR, STM32H503KBU6, STM32H503RBT6, STM32H523CCT6, STM32H523CCU6, STM32H523CET6, STM32H523CEU6, STM32H523HEY6TR, STM32H523RCT6, STM32H523RET6, STM32H523VCI6, STM32H523VCT6, STM32H523VEI6, STM32H523VET6, STM32H523ZCJ6, STM32H523ZCT6, STM32H523ZEJ6, STM32H523ZET6, STM32H533CET6, STM32H533CEU6, STM32H533HEY6TR, STM32H533RET6, STM32H533VEI6, STM32H533VET6, STM32H533ZEJ6, STM32H533ZET6, STM32H562AGI6, STM32H562AII6, STM32H562IGK6, STM32H562IGT6, STM32H562IIK6, STM32H562IIT6, STM32H562RGT6, STM32H562RGV6, STM32H562RIT6, STM32H562RIV6, STM32H562VGT6, STM32H562VIT6, STM32H562ZGT6, STM32H562ZIT6, STM32H563AGI6, STM32H563AII3Q, STM32H563AII6, STM32H563IGK6, STM32H563IGT6, STM32H563IIK3Q, STM32H563IIK6, STM32H563IIT3Q, STM32H563IIT6, STM32H563MIY3QTR, STM32H563RGT6, STM32H563RGV6, STM32H563RIT6, STM32H563RIV6, STM32H563VGT6, STM32H563VIT3Q, STM32H563VIT6, STM32H563ZGT6, STM32H563ZIT3Q, STM32H563ZIT6, STM32H573AII3Q, STM32H573AII6, STM32H573I-DK, STM32H573IIK3Q, STM32H573IIK6, STM32H573IIT3Q, STM32H573IIT6, STM32H573MIY3QTR, STM32H573RIT6, STM32H573RIV6, STM32H573VIT3Q, STM32H573VIT6, STM32H573ZIT3Q, STM32H573ZIT6, STM32H7R3A8I6, STM32H7R3I8K6, STM32H7R3I8T6, STM32H7R3L8H6, STM32H7R3L8H6H, STM32H7R3R8V6, STM32H7R3V8H6, STM32H7R3V8T6, STM32H7R3V8Y6TR, STM32H7R3Z8J6, STM32H7R3Z8T6, STM32H7R7A8I6, STM32H7R7I8K6, STM32H7R7I8T6, STM32H7R7L8H6, STM32H7R7L8H6H, STM32H7R7Z8J6, STM32H7S3A8I6, STM32H7S3I8K6, STM32H7S3I8T6, STM32H7S3L8H6, STM32H7S3L8H6H, STM32H7S3R8V6, STM32H7S3V8H6, STM32H7S3V8T6, STM32H7S3V8Y6TR, STM32H7S3Z8J6, STM32H7S3Z8T6, STM32H7S78-DK, STM32H7S7A8I6, STM32H7S7I8K6, STM32H7S7I8T6, STM32H7S7L8H6, STM32H7S7L8H6H, STM32H7S7Z8J6, STM32L4R5QGI6STR, STM32MP131AAE3, STM32MP131AAF3, STM32MP131AAG3, STM32MP131CAE3, STM32MP131CAF3, STM32MP131CAG3, STM32MP131DAE7, STM32MP131DAF7, STM32MP131DAG7, STM32MP131FAE7, STM32MP131FAF7, STM32MP131FAG7, STM32MP133AAE3, STM32MP133AAF3, STM32MP133AAG3, STM32MP133CAE3, STM32MP133CAF3, STM32MP133CAG3, STM32MP133DAE7, STM32MP133DAF7, STM32MP133DAG7, STM32MP133FAE7, STM32MP133FAF7, STM32MP133FAG7, STM32MP135AAE3, STM32MP135AAF3, STM32MP135AAG3, STM32MP135CAE3, STM32MP135CAF3, STM32MP135CAG3, STM32MP135DAE7, STM32MP135DAF7, STM32MP135DAG7, STM32MP135F-DK, STM32MP135FAE7, STM32MP135FAF7, STM32MP135FAF7T, STM32MP135FAF7U, STM32MP135FAG7, STM32MP231AAJ3, STM32MP231AAK3, STM32MP231AAL3, STM32MP231CAJ3, STM32MP231CAK3, STM32MP231CAL3, STM32MP231DAJ3, STM32MP231DAK3, STM32MP231DAL3, STM32MP231FAJ3, STM32MP231FAK3, STM32MP231FAL3, STM32MP233AAJ3, STM32MP233AAK3, STM32MP233AAL3, STM32MP233CAJ3, STM32MP233CAK3, STM32MP233CAL3, STM32MP233DAJ3, STM32MP233DAK3, STM32MP233DAL3, STM32MP233FAJ3, STM32MP233FAK3, STM32MP233FAL3, STM32MP235AAJ3, STM32MP235AAK3, STM32MP235AAL3, STM32MP235CAJ3, STM32MP235CAK3, STM32MP235CAL3, STM32MP235DAJ3, STM32MP235DAK3, STM32MP235DAL3, STM32MP235FAJ3, STM32MP235FAK3, STM32MP235FAL3, STM32MP251AAI3, STM32MP251AAJ3, STM32MP251AAK3, STM32MP251AAL3, STM32MP251CAI3, STM32MP251CAJ3, STM32MP251CAK3, STM32MP251CAL3, STM32MP251DAI3, STM32MP251DAJ3, STM32MP251DAK3, STM32MP251DAL3, STM32MP251FAI3, STM32MP251FAJ3, STM32MP251FAK3, STM32MP251FAL3, STM32MP253AAI3, STM32MP253AAJ3, STM32MP253AAK3, STM32MP253AAL3, STM32MP253CAI3, STM32MP253CAJ3, STM32MP253CAK3, STM32MP253CAL3, STM32MP253DAI3, STM32MP253DAJ3, STM32MP253DAK3, STM32MP253DAL3, STM32MP253FAI3, STM32MP253FAJ3, STM32MP253FAK3, STM32MP253FAL3, STM32MP255AAI3, STM32MP255AAJ3, STM32MP255AAK3, STM32MP255AAL3, STM32MP255CAI3, STM32MP255CAJ3, STM32MP255CAK3, STM32MP255CAL3, STM32MP255DAI3, STM32MP255DAJ3, STM32MP255DAK3, STM32MP255DAL3, STM32MP255FAI3, STM32MP255FAJ3, STM32MP255FAK3, STM32MP255FAL3, STM32MP257AAI3, STM32MP257AAJ3, STM32MP257AAK3, STM32MP257AAL3, STM32MP257CAI3, STM32MP257CAJ3, STM32MP257CAK3, STM32MP257CAL3, STM32MP257DAI3, STM32MP257DAJ3, STM32MP257DAK3, STM32MP257DAL3, STM32MP257F-DK, STM32MP257F-EV1, STM32MP257FAI3, STM32MP257FAJ3, STM32MP257FAK3, STM32MP257FAL3, STM32N645A0H3Q, STM32N645B0H3Q, STM32N645I0H3Q, STM32N645L0H3Q, STM32N645X0H3Q, STM32N645Z0H3Q, STM32N647A0H3Q, STM32N647B0H3Q, STM32N647I0H3Q, STM32N647L0H3Q, STM32N647X0H3Q, STM32N647Z0H3Q, STM32N655A0H3Q, STM32N655B0H3Q, STM32N655I0H3Q, STM32N655L0H3Q, STM32N655X0H3Q, STM32N655Z0H3Q, STM32N6570-DK, STM32N657A0H3Q, STM32N657B0H3Q, STM32N657I0H3Q, STM32N657L0H3Q, STM32N657X0H3Q, STM32N657Z0H3Q, STM32U031C6T6, STM32U031C6U6, STM32U031C8T6, STM32U031C8U6, STM32U031F4P6, STM32U031F6P6, STM32U031F8P6, STM32U031G6Y6TR, STM32U031G8Y6TR, STM32U031K4U6, STM32U031K6U6, STM32U031K8U6, STM32U031R6I6, STM32U031R6T6, STM32U031R8I6, STM32U031R8T6, STM32U073C8T6, STM32U073C8U6, STM32U073CBT6, STM32U073CBU6, STM32U073CCT6, STM32U073CCU6, STM32U073H8Y6TR, STM32U073HBY6TR, STM32U073HCY6TR, STM32U073K8U6, STM32U073KBU6, STM32U073KCU6, STM32U073M8I6, STM32U073M8T6, STM32U073MBI6, STM32U073MBT6, STM32U073MCI6, STM32U073MCT6, STM32U073R8I6, STM32U073R8T6, STM32U073RBI6, STM32U073RBT6, STM32U073RCI6, STM32U073RCT6, STM32U083C-DK, STM32U083CCT6, STM32U083CCU6, STM32U083HCY6TR, STM32U083KCU6, STM32U083MCI6, STM32U083MCT6, STM32U083RCI6, STM32U083RCT6, STM32U375CET6, STM32U375CET6Q, STM32U375CEU6, STM32U375CEU6Q, STM32U375CEY6QTR, STM32U375CGT6, STM32U375CGT6Q, STM32U375CGU6, STM32U375CGU6Q, STM32U375CGY6QTR, STM32U375KEU6, STM32U375KGU6, STM32U375REI6, STM32U375REI6Q, STM32U375RET6, STM32U375RET6Q, STM32U375REY6GTR, STM32U375REY6QTR, STM32U375RGI6, STM32U375RGI6Q, STM32U375RGT6, STM32U375RGT6Q, STM32U375RGY6GTR, STM32U375RGY6QTR, STM32U375VEI6, STM32U375VEI6Q, STM32U375VET6, STM32U375VET6Q, STM32U375VGI6, STM32U375VGI6Q, STM32U375VGT6, STM32U375VGT6Q, STM32U385CGT6, STM32U385CGT6Q, STM32U385CGU6, STM32U385CGU6Q, STM32U385CGY6QTR, STM32U385KGU6, STM32U385RGI6, STM32U385RGI6Q, STM32U385RGT6, STM32U385RGT6Q, STM32U385RGY6GTR, STM32U385RGY6QTR, STM32U385VGI6, STM32U385VGI6Q, STM32U385VGT6, STM32U385VGT6Q, STM32U535CBT6, STM32U535CBT6Q, STM32U535CBU6, STM32U535CBU6Q, STM32U535CCT6, STM32U535CCT6Q, STM32U535CCU6, STM32U535CCU6Q, STM32U535CET6, STM32U535CET6Q, STM32U535CEU6, STM32U535CEU6Q, STM32U535JEY6QTR, STM32U535NCY6QTR, STM32U535NEY6QTR, STM32U535RBI6, STM32U535RBI6Q, STM32U535RBT6, STM32U535RBT6Q, STM32U535RCI6, STM32U535RCI6Q, STM32U535RCT6, STM32U535RCT6Q, STM32U535REI6, STM32U535REI6Q, STM32U535RET6, STM32U535RET6Q, STM32U535VCI6, STM32U535VCI6Q, STM32U535VCT6, STM32U535VCT6Q, STM32U535VEI6, STM32U535VEI6Q, STM32U535VET6, STM32U535VET6Q, STM32U545CET6, STM32U545CET6Q, STM32U545CEU6, STM32U545CEU6Q, STM32U545JEY6QTR, STM32U545NEY6QTR, STM32U545REI6, STM32U545REI6Q, STM32U545RET6, STM32U545RET6Q, STM32U545VEI6, STM32U545VEI6Q, STM32U545VET6, STM32U545VET6Q, STM32U595AIH6, STM32U595AIH6Q, STM32U595AJH6, STM32U595AJH6Q, STM32U595QII6, STM32U595QII6Q, STM32U595QJI6, STM32U595QJI6Q, STM32U595RIT6, STM32U595RIT6Q, STM32U595RJT6, STM32U595RJT6Q, STM32U595VIT6, STM32U595VIT6Q, STM32U595VJT6, STM32U595VJT6Q, STM32U595ZIT6, STM32U595ZIT6Q, STM32U595ZIY6QTR, STM32U595ZJT6, STM32U595ZJT6Q, STM32U595ZJY6QTR, STM32U599BJY6QTR, STM32U599NIH6Q, STM32U599NJH6Q, STM32U599VIT6Q, STM32U599VJT6, STM32U599VJT6Q, STM32U599ZIT6Q, STM32U599ZIY6QTR, STM32U599ZJT6Q, STM32U599ZJY6QTR, STM32U5A5AJH6, STM32U5A5AJH6Q, STM32U5A5QII3Q , STM32U5A5QJI6, STM32U5A5QJI6Q, STM32U5A5RJT6, STM32U5A5RJT6Q, STM32U5A5VJT6, STM32U5A5VJT6Q, STM32U5A5ZJT6, STM32U5A5ZJT6Q, STM32U5A5ZJY6QTR, STM32U5A9BJY6QTR, STM32U5A9J-DK, STM32U5A9NJH6Q, STM32U5A9VJT6Q, STM32U5A9ZJT6Q, STM32U5A9ZJY6QTR, STM32U5F7VIT6, STM32U5F7VIT6Q, STM32U5F7VJT6, STM32U5F7VJT6Q, STM32U5F9BJY6QTR, STM32U5F9NJH6Q, STM32U5F9VIT6Q, STM32U5F9VJT6Q, STM32U5F9ZIJ6QTR, STM32U5F9ZIT6Q, STM32U5F9ZJJ6QTR, STM32U5F9ZJT6Q, STM32U5G7VJT6, STM32U5G7VJT6Q, STM32U5G9BJY6QTR, STM32U5G9J-DK1, STM32U5G9J-DK2, STM32U5G9NJH6Q, STM32U5G9VJT6Q, STM32U5G9ZJJ6QTR, STM32U5G9ZJT6Q, STM32WB05KZV6TR, STM32WB05KZV7TR, STM32WB05TZF6TR, STM32WB05TZF7TR, STM32WB06CCF6TR, STM32WB06CCF7TR, STM32WB06CCV6TR, STM32WB06CCV7TR, STM32WB06KCV6TR, STM32WB06KCV7TR, STM32WB07CCF6TR, STM32WB07CCF7TR, STM32WB07CCV6TR, STM32WB07CCV7TR, STM32WB07KCV6TR, STM32WB07KCV7TR, STM32WB09KEV6TR, STM32WB09KEV7TR, STM32WB09TEF6TR, STM32WB09TEF7TR, STM32WB1MMCH6, STM32WBA50KGU6, STM32WBA50KGU6TR, STM32WBA52CEU6, STM32WBA52CEU6TR, STM32WBA52CEU7, STM32WBA52CEU7TR, STM32WBA52CGU6, STM32WBA52CGU6TR, STM32WBA52CGU6U, STM32WBA52CGU7, STM32WBA52CGU7TR, STM32WBA52KEU6, STM32WBA52KEU6TR, STM32WBA52KGU6, STM32WBA52KGU6TR, STM32WBA54CEU6, STM32WBA54CEU6TR, STM32WBA54CEU7, STM32WBA54CEU7TR, STM32WBA54CGU6, STM32WBA54CGU6TR, STM32WBA54CGU7, STM32WBA54CGU7TR, STM32WBA54KEU6, STM32WBA54KEU6TR, STM32WBA54KEU7, STM32WBA54KEU7TR, STM32WBA54KGU6, STM32WBA54KGU6TR, STM32WBA54KGU7, STM32WBA54KGU7TR, STM32WBA55CEU6, STM32WBA55CEU6TR, STM32WBA55CEU7, STM32WBA55CEU7TR, STM32WBA55CGU6, STM32WBA55CGU6TR, STM32WBA55CGU6U, STM32WBA55CGU7, STM32WBA55CGU7TR, STM32WBA55G-DK1, STM32WBA55HEF6, STM32WBA55HEF7, STM32WBA55HGF6, STM32WBA55HGF7, STM32WBA55UEI6, STM32WBA55UEI6TR, STM32WBA55UEI7, STM32WBA55UEI7TR, STM32WBA55UGI6, STM32WBA55UGI6TR, STM32WBA55UGI7, STM32WBA55UGI7TR, STM32WBA5MJGH6TR, STM32WBA5MJGH6U, STM32WL33C8V6, STM32WL33C8V6TR, STM32WL33C8V7, STM32WL33C8V7TR, STM32WL33CBV6, STM32WL33CBV6TR, STM32WL33CBV7, STM32WL33CBV7TR, STM32WL33CCV6, STM32WL33CCV6TR, STM32WL33CCV7, STM32WL33CCV7A, STM32WL33CCV7ATR, STM32WL33CCV7TR, STM32WL33K8V6, STM32WL33K8V6TR, STM32WL33K8V7, STM32WL33K8V7TR, STM32WL33KBV6, STM32WL33KBV6TR, STM32WL33KBV7, STM32WL33KBV7TR, STM32WL33KCV6, STM32WL33KCV6TR, STM32WL33KCV7, STM32WL33KCV7TR, STM32WL5MOCH6, STM32WL5MOCH6TR]
2025-01-25 02:27:29,167 [INFO] DbMcus:218 - Found 4545 MCUs, 4545 are supported
2025-01-25 02:27:29,168 [INFO] ApiDb:423 - Load user favorites file /home/scott/.stm32cubeide/favorites.mcus.txt: 0 item(s)
2025-01-25 02:27:29,169 [INFO] ApiDb:427 - User favorites MCUs=[]
2025-01-25 02:27:29,170 [INFO] DbMcus:224 - Set 0 / 0 favorites MCUs
2025-01-25 02:27:30,197 [INFO] ApiDb:423 - Load user favorites file /home/scott/.stm32cubeide/favorites.boards.txt: 0 item(s)
2025-01-25 02:27:30,197 [INFO] ApiDb:427 - User favorites Boards=[]
2025-01-25 02:27:30,198 [INFO] DbBoards:198 - Set 0 / 0 favorites Boards
2025-01-25 02:27:30,198 [INFO] McuFinderGlobals:76 - Set McuFinderConnectedMode to true
2025-01-25 02:27:30,846 [INFO] MultiScanPanel:200 - Auto-refresh data requested => check proxy status ongoing
2025-01-25 02:27:30,853 [INFO] FinderPluginLoader:95 - Searching for filters in installed packs
2025-01-25 02:27:33,697 [INFO] LoadUrlFilesThread:185 - End of LoadServerUrlFiles without Thread
2025-01-25 02:27:33,736 [INFO] DetailPanel:341 - Set advertising image to /home/scott/STM32Cube/Repository//en.prom-stm32n6-mcu-finder.png
2025-01-25 02:28:33,743 [INFO] MultiScanPanel:200 - Auto-refresh data requested => check proxy status ongoing
2025-01-25 02:28:34,140 [INFO] LoadUrlFilesThread:185 - End of LoadServerUrlFiles without Thread
2025-01-25 02:28:34,140 [INFO] DetailPanel:341 - Set advertising image to /home/scott/STM32Cube/Repository//en.prom-stm32n6-mcu-finder.png
2025-01-25 02:28:34,153 [INFO] DbBoards:642 - Loading board mini-images...
2025-01-25 02:28:34,790 [ERROR] DbBoards:659 - Image file not found for board B-WBA5M-WPAN: /home/scott/.stmcufinder/plugins/mcufinder//mcu//boards_images/B-WBA5M-WPAN.jpg
2025-01-25 02:28:37,003 [ERROR] DbBoards:659 - Image file not found for board NUCLEO-U385RG-Q: /home/scott/.stmcufinder/plugins/mcufinder//mcu//boards_images/NUCLEO-U385RG-Q.jpg
2025-01-25 02:28:37,034 [ERROR] DbBoards:659 - Image file not found for board NUCLEO-WB05KZ: /home/scott/.stmcufinder/plugins/mcufinder//mcu//boards_images/NUCLEO-WB05KZ.jpg
2025-01-25 02:28:37,154 [ERROR] DbBoards:659 - Image file not found for board NUCLEO-WL33CC1: /home/scott/.stmcufinder/plugins/mcufinder//mcu//boards_images/NUCLEO-WL33CC1.jpg
2025-01-25 02:28:37,154 [ERROR] DbBoards:659 - Image file not found for board NUCLEO-WL33CC2: /home/scott/.stmcufinder/plugins/mcufinder//mcu//boards_images/NUCLEO-WL33CC2.jpg
2025-01-25 02:28:41,258 [INFO] DbBoards:665 - Loaded 204 board mini-images
2025-01-25 02:31:19,898 [INFO] McuFinderGlobals:76 - Set McuFinderConnectedMode to true
2025-01-25 02:31:21,287 [INFO] ApiDb:448 - Save user favorites file /home/scott/.stm32cubeide/favorites.mcus.txt: 0 item(s)
2025-01-25 02:31:21,287 [INFO] ApiDb:452 - User favorites MCUs=[]
2025-01-25 02:31:21,288 [INFO] ApiDb:448 - Save user favorites file /home/scott/.stm32cubeide/favorites.boards.txt: 0 item(s)
2025-01-25 02:31:21,288 [INFO] ApiDb:452 - User favorites Boards=[]
2025-01-25 02:31:21,703 [ERROR] LogOutputStream:75 - [STDERR_REDIRECT] Exception in thread "AWT-EventQueue-0" java.lang.NullPointerException: Cannot invoke "com.st.stm32cube.common.mx.targetselector.IdeMcuFinder.cleanUp(boolean)" because "this.this$0.mcuFinder" is null
2025-01-25 02:31:21,704 [ERROR] LogOutputStream:75 - [STDERR_REDIRECT] 	at com.st.stm32cube.common.mx.targetselector.TargetSelectorAdapter$7.run(TargetSelectorAdapter.java:353)
2025-01-25 02:31:21,704 [ERROR] LogOutputStream:75 - [STDERR_REDIRECT] 	at com.st.stm32cube.common.mx.oss.core.awtswtbridge.AwtEnvironment$2.run(AwtEnvironment.java:166)
2025-01-25 02:31:21,705 [ERROR] LogOutputStream:75 - [STDERR_REDIRECT] 	at java.desktop/java.awt.event.InvocationEvent.dispatch(InvocationEvent.java:318)
2025-01-25 02:31:21,705 [ERROR] LogOutputStream:75 - [STDERR_REDIRECT] 	at java.desktop/java.awt.EventQueue.dispatchEventImpl(EventQueue.java:773)
2025-01-25 02:31:21,705 [ERROR] LogOutputStream:75 - [STDERR_REDIRECT] 	at java.desktop/java.awt.EventQueue$4.run(EventQueue.java:720)
2025-01-25 02:31:21,706 [ERROR] LogOutputStream:75 - [STDERR_REDIRECT] 	at java.desktop/java.awt.EventQueue$4.run(EventQueue.java:714)
2025-01-25 02:31:21,708 [ERROR] LogOutputStream:75 - [STDERR_REDIRECT] 	at java.base/java.security.AccessController.doPrivileged(AccessController.java:400)
2025-01-25 02:31:21,708 [ERROR] LogOutputStream:75 - [STDERR_REDIRECT] 	at java.base/java.security.ProtectionDomain$JavaSecurityAccessImpl.doIntersectionPrivilege(ProtectionDomain.java:87)
2025-01-25 02:31:21,709 [ERROR] LogOutputStream:75 - [STDERR_REDIRECT] 	at java.desktop/java.awt.EventQueue.dispatchEvent(EventQueue.java:742)
2025-01-25 02:31:21,709 [ERROR] LogOutputStream:75 - [STDERR_REDIRECT] 	at java.desktop/java.awt.EventDispatchThread.pumpOneEventForFilters(EventDispatchThread.java:203)
2025-01-25 02:31:21,709 [ERROR] LogOutputStream:75 - [STDERR_REDIRECT] 	at java.desktop/java.awt.EventDispatchThread.pumpEventsForFilter(EventDispatchThread.java:124)
2025-01-25 02:31:21,710 [ERROR] LogOutputStream:75 - [STDERR_REDIRECT] 	at java.desktop/java.awt.EventDispatchThread.pumpEventsForHierarchy(EventDispatchThread.java:113)
2025-01-25 02:31:21,710 [ERROR] LogOutputStream:75 - [STDERR_REDIRECT] 	at java.desktop/java.awt.EventDispatchThread.pumpEvents(EventDispatchThread.java:109)
2025-01-25 02:31:21,710 [ERROR] LogOutputStream:75 - [STDERR_REDIRECT] 	at java.desktop/java.awt.EventDispatchThread.pumpEvents(EventDispatchThread.java:101)
2025-01-25 02:31:21,711 [ERROR] LogOutputStream:75 - [STDERR_REDIRECT] 	at java.desktop/java.awt.EventDispatchThread.run(EventDispatchThread.java:90)
2025-01-25 02:31:26,243 [INFO] MainUpdater:2872 - connection check result : 10
2025-01-25 02:31:26,339 [INFO] McuFinderGlobals:76 - Set McuFinderConnectedMode to true
2025-01-25 02:31:26,340 [INFO] MultiScanPanel:200 - Auto-refresh data requested => check proxy status ongoing
2025-01-25 02:31:26,340 [INFO] FinderPluginLoader:95 - Searching for filters in installed packs
2025-01-25 02:31:28,273 [INFO] LoadUrlFilesThread:185 - End of LoadServerUrlFiles without Thread
2025-01-25 02:31:28,273 [INFO] DetailPanel:341 - Set advertising image to /home/scott/STM32Cube/Repository//en.prom-stm32n6-mcu-finder.png
2025-01-25 02:31:31,668 [INFO] MultiScanPanel:200 - Auto-refresh data requested => check proxy status ongoing
2025-01-25 02:31:31,751 [INFO] LoadUrlFilesThread:185 - End of LoadServerUrlFiles without Thread
2025-01-25 02:31:31,752 [INFO] DetailPanel:341 - Set advertising image to /home/scott/STM32Cube/Repository//en.prom-stm32n6-mcu-finder.png
2025-01-25 02:31:45,317 [INFO] McuFinderGlobals:76 - Set McuFinderConnectedMode to true
2025-01-25 02:31:45,864 [INFO] ApiDb:448 - Save user favorites file /home/scott/.stm32cubeide/favorites.mcus.txt: 0 item(s)
2025-01-25 02:31:45,864 [INFO] ApiDb:452 - User favorites MCUs=[]
2025-01-25 02:31:45,865 [INFO] ApiDb:448 - Save user favorites file /home/scott/.stm32cubeide/favorites.boards.txt: 0 item(s)
2025-01-25 02:31:45,866 [INFO] ApiDb:452 - User favorites Boards=[]
2025-01-25 02:32:39,173 [INFO] MainUpdater:2872 - connection check result : 10
2025-01-25 02:32:39,262 [INFO] McuFinderGlobals:76 - Set McuFinderConnectedMode to true
2025-01-25 02:32:39,263 [INFO] MultiScanPanel:200 - Auto-refresh data requested => check proxy status ongoing
2025-01-25 02:32:39,263 [INFO] FinderPluginLoader:95 - Searching for filters in installed packs
2025-01-25 02:32:40,388 [INFO] LoadUrlFilesThread:185 - End of LoadServerUrlFiles without Thread
2025-01-25 02:32:40,388 [INFO] DetailPanel:341 - Set advertising image to /home/scott/STM32Cube/Repository//en.prom-stm32n6-mcu-finder.png
2025-01-25 02:32:48,341 [INFO] MultiScanPanel:200 - Auto-refresh data requested => check proxy status ongoing
2025-01-25 02:32:48,443 [INFO] LoadUrlFilesThread:185 - End of LoadServerUrlFiles without Thread
2025-01-25 02:32:48,444 [INFO] DetailPanel:341 - Set advertising image to /home/scott/STM32Cube/Repository//en.prom-stm32n6-mcu-finder.png
2025-01-25 02:33:44,728 [INFO] MainUpdater:2872 - connection check result : 10
2025-01-25 02:33:44,728 [INFO] MainUpdater:2872 - connection check result : 10
2025-01-25 02:33:44,820 [INFO] MicroXplorer:468 - Change Database Path : 
2025-01-25 02:33:44,821 [INFO] MicroXplorer:498 - Change Database Version : DB.6.0.130
2025-01-25 02:33:45,179 [WARN] ThirdParty:871 - waiting for thirdparty lock release [close project]
2025-01-25 02:33:45,179 [INFO] ThirdParty:873 - entering critical section [close project]
2025-01-25 02:33:45,181 [INFO] ThirdParty:883 - exiting critical section [close project]
2025-01-25 02:33:45,186 [INFO] PinOutPanel:1589 - setPackage(No Configuration,No Configuration)
2025-01-25 02:33:45,193 [INFO] UtilMem:75 - Begin LoadConfig() Used Memory: 856628496 Bytes (1073741824)
2025-01-25 02:33:45,600 [INFO] OpenFileManager:332 - Change cursor
2025-01-25 02:33:46,059 [INFO] ProjectFactory:442 - No CPN specified for board NUCLEO-F030R8 => set CPN to STM32F030R8T6
2025-01-25 02:33:46,059 [INFO] Mcu:2035 - Initializing MCU STM32F030R8Tx STM32F030R8Tx STM32F030R8T6
2025-01-25 02:33:49,269 [INFO] Context:748 - Trying to add GPIOservice into a context  which must be forbidden
2025-01-25 02:33:49,590 [INFO] Rule:228 - rule 117617 - U5Cobra4M][GTZC] default value MPCBB3 and MPCBB5 - Not Secured memory - MPCBB1 is applicable
2025-01-25 02:33:49,590 [INFO] Rule:228 - rule 117617 - U5Cobra4M][GTZC] default value MPCBB3 and MPCBB5 - Not Secured memory - MPCBB1 is applicable
2025-01-25 02:33:49,590 [INFO] Rule:228 - rule 117617 - U5Cobra4M][GTZC] default value MPCBB3 and MPCBB5 - Not Secured memory - MPCBB2 is applicable
2025-01-25 02:33:49,590 [INFO] Rule:228 - rule 117617 - U5Cobra4M][GTZC] default value MPCBB3 and MPCBB5 - Not Secured memory - MPCBB2 is applicable
2025-01-25 02:33:49,590 [INFO] Rule:228 - rule 117617 - U5Cobra4M][GTZC] default value MPCBB3 and MPCBB5 - Not Secured memory - MPCBB3 is applicable
2025-01-25 02:33:49,590 [INFO] Rule:228 - rule 117617 - U5Cobra4M][GTZC] default value MPCBB3 and MPCBB5 - Not Secured memory - MPCBB3 is applicable
2025-01-25 02:33:49,590 [INFO] Rule:228 - rule 117617 - U5Cobra4M][GTZC] default value MPCBB3 and MPCBB5 - Not Secured memory - MPCBB4 is applicable
2025-01-25 02:33:49,590 [INFO] Rule:228 - rule 117617 - U5Cobra4M][GTZC] default value MPCBB3 and MPCBB5 - Not Secured memory - MPCBB4 is applicable
2025-01-25 02:33:49,590 [INFO] Rule:228 - rule 117617 - U5Cobra4M][GTZC] default value MPCBB3 and MPCBB5 - Secured memory - MPCBB1 is applicable
2025-01-25 02:33:49,591 [INFO] Rule:228 - rule 117617 - U5Cobra4M][GTZC] default value MPCBB3 and MPCBB5 - Secured memory - MPCBB2 is applicable
2025-01-25 02:33:49,591 [INFO] Rule:228 - rule 117617 - U5Cobra4M][GTZC] default value MPCBB3 and MPCBB5 - Secured memory - MPCBB3 is applicable
2025-01-25 02:33:49,591 [INFO] Rule:228 - rule 117617 - U5Cobra4M][GTZC] default value MPCBB3 and MPCBB5 - Secured memory - MPCBB4 is applicable
2025-01-25 02:33:49,591 [INFO] Rule:228 - rule 117617 - U5Cobra4M][GTZC] default value MPCBB3 and MPCBB5 - Privileged memory - MPCBB1 is applicable
2025-01-25 02:33:49,591 [INFO] Rule:228 - rule 117617 - U5Cobra4M][GTZC] default value MPCBB3 and MPCBB5 - Privileged memory - MPCBB2 is applicable
2025-01-25 02:33:49,591 [INFO] Rule:228 - rule 117617 - U5Cobra4M][GTZC] default value MPCBB3 and MPCBB5 - Privileged memory - MPCBB3 is applicable
2025-01-25 02:33:49,591 [INFO] Rule:228 - rule 117617 - U5Cobra4M][GTZC] default value MPCBB3 and MPCBB5 - Privileged memory - MPCBB4 is applicable
2025-01-25 02:33:49,591 [INFO] Rule:228 - rule 117617 - U5Cobra4M][GTZC] default value MPCBB3 and MPCBB5 - Not Privileged memory - MPCBB1 is applicable
2025-01-25 02:33:49,591 [INFO] Rule:228 - rule 117617 - U5Cobra4M][GTZC] default value MPCBB3 and MPCBB5 - Not Privileged memory - MPCBB2 is applicable
2025-01-25 02:33:49,591 [INFO] Rule:228 - rule 117617 - U5Cobra4M][GTZC] default value MPCBB3 and MPCBB5 - Not Privileged memory - MPCBB3 is applicable
2025-01-25 02:33:49,592 [INFO] Rule:228 - rule 117617 - U5Cobra4M][GTZC] default value MPCBB3 and MPCBB5 - Not Privileged memory - MPCBB4 is applicable
2025-01-25 02:33:49,592 [INFO] Rule:228 - rule 117617 - U5Cobra4M][GTZC] default value MPCBB3 and MPCBB5 - Privileged memory - MPCBB1 is applicable
2025-01-25 02:33:49,592 [INFO] Rule:228 - rule 117617 - U5Cobra4M][GTZC] default value MPCBB3 and MPCBB5 - Privileged memory - MPCBB2 is applicable
2025-01-25 02:33:49,592 [INFO] Rule:228 - rule 117617 - U5Cobra4M][GTZC] default value MPCBB3 and MPCBB5 - Privileged memory - MPCBB3 is applicable
2025-01-25 02:33:49,592 [INFO] Rule:228 - rule 117617 - U5Cobra4M][GTZC] default value MPCBB3 and MPCBB5 - Privileged memory - MPCBB4 is applicable
2025-01-25 02:33:49,592 [INFO] Rule:228 - rule 117617 - U5Cobra4M][GTZC] default value MPCBB3 and MPCBB5 - Privileged memory - MPCBB1 is applicable
2025-01-25 02:33:49,592 [INFO] Rule:228 - rule 117617 - U5Cobra4M][GTZC] default value MPCBB3 and MPCBB5 - Privileged memory - MPCBB2 is applicable
2025-01-25 02:33:49,592 [INFO] Rule:228 - rule 117617 - U5Cobra4M][GTZC] default value MPCBB3 and MPCBB5 - Privileged memory - MPCBB3 is applicable
2025-01-25 02:33:49,592 [INFO] Rule:228 - rule 117617 - U5Cobra4M][GTZC] default value MPCBB3 and MPCBB5 - Privileged memory - MPCBB4 is applicable
2025-01-25 02:33:49,592 [INFO] Rule:228 - rule 117617 - U5Cobra4M][GTZC] default value MPCBB3 and MPCBB5 - Not Privileged memory - MPCBB1 is applicable
2025-01-25 02:33:49,592 [INFO] Rule:228 - rule 117617 - U5Cobra4M][GTZC] default value MPCBB3 and MPCBB5 - Not Privileged memory - MPCBB2 is applicable
2025-01-25 02:33:49,592 [INFO] Rule:228 - rule 117617 - U5Cobra4M][GTZC] default value MPCBB3 and MPCBB5 - Not Privileged memory - MPCBB3 is applicable
2025-01-25 02:33:49,592 [INFO] Rule:228 - rule 117617 - U5Cobra4M][GTZC] default value MPCBB3 and MPCBB5 - Not Privileged memory - MPCBB4 is applicable
2025-01-25 02:33:49,593 [INFO] Rule:228 - rule 117617 - U5Cobra4M][GTZC] default value MPCBB3 and MPCBB5 - Privileged memory - MPCBB1 is applicable
2025-01-25 02:33:49,593 [INFO] Rule:228 - rule 117617 - U5Cobra4M][GTZC] default value MPCBB3 and MPCBB5 - Privileged memory - MPCBB2 is applicable
2025-01-25 02:33:49,593 [INFO] Rule:228 - rule 117617 - U5Cobra4M][GTZC] default value MPCBB3 and MPCBB5 - Privileged memory - MPCBB3 is applicable
2025-01-25 02:33:49,593 [INFO] Rule:228 - rule 117617 - U5Cobra4M][GTZC] default value MPCBB3 and MPCBB5 - Privileged memory - MPCBB4 is applicable
2025-01-25 02:33:49,593 [INFO] Rule:228 - rule Rename SubGHz_Phy SUBGHZ_APPLICATION SUBGHZ_PINGPONG to SUBGHZ_ADV_APPLICATION is applicable
2025-01-25 02:33:49,593 [INFO] Rule:228 - rule Rename Enabled to IBEACON is applicable
2025-01-25 02:33:49,593 [INFO] Rule:228 - rule GTZC_S instance for project manager is applicable
2025-01-25 02:33:49,593 [INFO] Rule:228 - rule GTZC_S instance for context M33S is applicable
2025-01-25 02:33:49,593 [INFO] Rule:228 - rule GTZC_S instance value for IP GTZC is applicable
2025-01-25 02:33:49,593 [INFO] Rule:228 - rule GTZC_S instance for mcu.IP is applicable
2025-01-25 02:33:49,593 [INFO] Rule:228 - rule GTZC_S instance for VP is applicable
2025-01-25 02:33:49,593 [INFO] Rule:228 - rule GTZC_S instance for signal is applicable
2025-01-25 02:33:49,593 [INFO] Rule:228 - rule GTZC_S instance for mcu.Pin is applicable
2025-01-25 02:33:49,593 [INFO] Rule:228 - rule GTZC_S instance for VP is applicable
2025-01-25 02:33:49,593 [INFO] Rule:228 - rule GTZC_S instance for signal is applicable
2025-01-25 02:33:49,593 [INFO] Rule:228 - rule GTZC_S instance for mcu is applicable
2025-01-25 02:33:49,593 [INFO] Rule:228 - rule GTZC_S instance for mcu.Pin is applicable
2025-01-25 02:33:49,594 [INFO] Rule:228 - rule GTZC_S instance value for IP GTZC is applicable
2025-01-25 02:33:49,594 [INFO] Rule:228 - rule GTZC_S instance for project manager is applicable
2025-01-25 02:33:49,594 [INFO] Rule:228 - rule GTZC_S instance for context M33S is applicable
2025-01-25 02:33:49,594 [INFO] Rule:228 - rule GTZC_S instance for VP is applicable
2025-01-25 02:33:49,594 [INFO] Rule:228 - rule GTZC_S instance for signal is applicable
2025-01-25 02:33:49,594 [INFO] Rule:228 - rule SPDIFRX instance for mcu is applicable
2025-01-25 02:33:49,594 [INFO] Rule:228 - rule Rename Tracer Mode is applicable
2025-01-25 02:33:49,594 [INFO] Rule:228 - rule SPDIFRX instance value for IP SPDIFRX is applicable
2025-01-25 02:33:49,594 [INFO] Rule:228 - rule SPDIFRX instance for signal is applicable
2025-01-25 02:33:49,594 [INFO] Rule:228 - rule SPDIFRX instance for project manager is applicable
2025-01-25 02:33:49,594 [INFO] Rule:228 - rule SPDIFRX instance for project manager is applicable
2025-01-25 02:33:49,594 [INFO] Rule:228 - rule ADC Scan  fix with FW F7 is applicable
2025-01-25 02:33:49,594 [INFO] Rule:228 - rule ADC Scan  fix with FW F7 is applicable
2025-01-25 02:33:49,594 [INFO] Rule:228 - rule Rename Comp Signal is applicable
2025-01-25 02:33:49,594 [INFO] Rule:228 - rule DMA-DAC mode for DIE422 is applicable
2025-01-25 02:33:49,594 [INFO] Rule:228 - rule DMA-DAC mode for DIE438 is applicable
2025-01-25 02:33:49,594 [INFO] Rule:228 - rule DMA-DAC mode for DIE432 or DIE446 is applicable
2025-01-25 02:33:49,594 [INFO] Rule:228 - rule DFSDM instance value for IP DFSDM is applicable
2025-01-25 02:33:49,595 [INFO] Rule:228 - rule DFSDM instance for mcu is applicable
2025-01-25 02:33:49,595 [INFO] Rule:228 - rule DFSDM instance for VP is applicable
2025-01-25 02:33:49,595 [INFO] Rule:228 - rule DFSDM instance for signal is applicable
2025-01-25 02:33:49,595 [INFO] Rule:228 - rule DFSDM instance for shared is applicable
2025-01-25 02:33:49,595 [INFO] Rule:228 - rule BreakInputSource parameter for IP Timer is applicable
2025-01-25 02:33:49,595 [INFO] Rule:228 - rule Sourcebreak parameter for IP Timer is applicable
2025-01-25 02:33:49,595 [INFO] Rule:228 - rule Sourcebreak parameter for IP Timer is applicable
2025-01-25 02:33:49,595 [INFO] Rule:228 - rule DFSDM for PCC is applicable
2025-01-25 02:33:49,595 [INFO] Rule:228 - rule Serial_Wire Mode is applicable
2025-01-25 02:33:49,595 [INFO] Rule:228 - rule JTAG_4_pins Mode is applicable
2025-01-25 02:33:49,595 [INFO] Rule:228 - rule JTAG_5_pins Mode is applicable
2025-01-25 02:33:49,595 [INFO] Rule:228 - rule Trace_Asynchronous_SW Mode is applicable
2025-01-25 02:33:49,595 [INFO] Rule:228 - rule Trace_Synchro_1bit_JTAG Mode is applicable
2025-01-25 02:33:49,596 [INFO] Rule:228 - rule Trace_Synchro_2bits_JTAG Mode is applicable
2025-01-25 02:33:49,596 [INFO] Rule:228 - rule Trace_Synchro_4bits_JTAG Mode is applicable
2025-01-25 02:33:49,596 [INFO] Rule:228 - rule Trace_Synchro_1bit_SW Mode is applicable
2025-01-25 02:33:49,596 [INFO] Rule:228 - rule Trace_Synchro_2bits_SW Mode is applicable
2025-01-25 02:33:49,596 [INFO] Rule:228 - rule Trace_Synchro_4bits_SW Mode is applicable
2025-01-25 02:33:49,596 [INFO] Rule:228 - rule SYS_WakeUp0 Mode is applicable
2025-01-25 02:33:49,596 [INFO] Rule:228 - rule SYS_WakeUp0 Mode for STM32F446 is applicable
2025-01-25 02:33:49,596 [INFO] Rule:228 - rule SYS_WakeUp1 Mode is applicable
2025-01-25 02:33:49,596 [INFO] Rule:228 - rule SYS_WakeUp1 Mode for STM32F446 is applicable
2025-01-25 02:33:49,596 [INFO] Rule:228 - rule SYS_WakeUp2 Mode is applicable
2025-01-25 02:33:49,596 [INFO] Rule:228 - rule SYS_WakeUp3 Mode is applicable
2025-01-25 02:33:49,596 [INFO] Rule:228 - rule SYS_WakeUp4 Mode is applicable
2025-01-25 02:33:49,597 [INFO] Rule:228 - rule SYS_WakeUp5 Mode is applicable
2025-01-25 02:33:49,597 [INFO] Rule:228 - rule SYS_WakeUp6 Mode is applicable
2025-01-25 02:33:49,597 [INFO] Rule:228 - rule SYS_WakeUp7 Mode is applicable
2025-01-25 02:33:49,597 [INFO] Rule:228 - rule WakeUp0 Mode is applicable
2025-01-25 02:33:49,597 [INFO] Rule:228 - rule WakeUp0 SIGNAL is applicable
2025-01-25 02:33:49,597 [INFO] Rule:228 - rule WakeUp1 Mode is applicable
2025-01-25 02:33:49,597 [INFO] Rule:228 - rule WakeUp1 SIGNAL is applicable
2025-01-25 02:33:49,597 [INFO] Rule:228 - rule WakeUp2 Mode is applicable
2025-01-25 02:33:49,597 [INFO] Rule:228 - rule WakeUp2 SIGNAL is applicable
2025-01-25 02:33:49,597 [INFO] Rule:228 - rule WakeUp4 Mode is applicable
2025-01-25 02:33:49,597 [INFO] Rule:228 - rule WakeUp4 SIGNAL is applicable
2025-01-25 02:33:49,597 [INFO] Rule:228 - rule WakeUp5 Mode is applicable
2025-01-25 02:33:49,597 [INFO] Rule:228 - rule WakeUp5 SIGNAL is applicable
2025-01-25 02:33:49,597 [INFO] Rule:228 - rule Mode_PVD_Ext is applicable
2025-01-25 02:33:49,597 [INFO] Rule:228 - rule Mode_PVD_Int is applicable
2025-01-25 02:33:49,597 [INFO] Rule:228 - rule Add RTC Activate Clock Source is applicable
2025-01-25 02:33:49,597 [INFO] Rule:228 - rule Add RTC Activate Calendar 1 is applicable
2025-01-25 02:33:49,598 [INFO] Rule:228 - rule Add RTC Activate Calendar 2 is applicable
2025-01-25 02:33:49,598 [INFO] Rule:228 - rule Add RTC Activate Calendar 3 is applicable
2025-01-25 02:33:49,598 [INFO] Rule:228 - rule UART/USART TX Mode is applicable
2025-01-25 02:33:49,598 [INFO] Rule:228 - rule UART/USART RX Mode is applicable
2025-01-25 02:33:49,598 [INFO] Rule:228 - rule UART/USART RX TX Mode is applicable
2025-01-25 02:33:49,598 [INFO] Rule:228 - rule UART/USART PARITY NONE is applicable
2025-01-25 02:33:49,598 [INFO] Rule:228 - rule UART/USART PARITY EVEN is applicable
2025-01-25 02:33:49,598 [INFO] Rule:228 - rule UART/USART PARITY ODD is applicable
2025-01-25 02:33:49,598 [INFO] Rule:228 - rule USART StopBits 1 is applicable
2025-01-25 02:33:49,598 [INFO] Rule:228 - rule USART StopBits 2 is applicable
2025-01-25 02:33:49,598 [INFO] Rule:228 - rule USART StopBits 1.5 is applicable
2025-01-25 02:33:49,598 [INFO] Rule:228 - rule USART StopBits 0.5 is applicable
2025-01-25 02:33:49,598 [INFO] Rule:228 - rule UART/USART WORD LENGTH 7 is applicable
2025-01-25 02:33:49,598 [INFO] Rule:228 - rule UART/USART WORD LENGTH 8 is applicable
2025-01-25 02:33:49,598 [INFO] Rule:228 - rule UART/USART WORD LENGTH 9 is applicable
2025-01-25 02:33:49,598 [INFO] Rule:228 - rule Rename FMC NAND NCE signal is applicable
2025-01-25 02:33:49,598 [INFO] Rule:228 - rule Rename FMC NAND INT signal is applicable
2025-01-25 02:33:49,598 [INFO] Rule:228 - rule Change Default Value for LSE Drive Capability for WB family is applicable
2025-01-25 02:33:49,598 [INFO] Rule:228 - rule Change Default Value for ADC Clock Prescaler G0 family is applicable
2025-01-25 02:33:49,599 [INFO] Rule:228 - rule Change Default Value for ADC ExternalTrigConv L4 family is applicable
2025-01-25 02:33:49,599 [INFO] Rule:228 - rule Change Default Value for ADC ExternalTrigInjecConv L4 family is applicable
2025-01-25 02:33:49,599 [INFO] Rule:228 - rule Change Default Value for ADC ExternalTrigConv F3 family is applicable
2025-01-25 02:33:49,599 [INFO] Rule:228 - rule Change Default Value for ADC ExternalTrigInjecConv F3 family is applicable
2025-01-25 02:33:49,599 [INFO] Rule:228 - rule Change Default Value for ADC ExternalTrigConv Goldfish serie is applicable
2025-01-25 02:33:49,599 [INFO] Rule:228 - rule Change Default Value for ADC ExternalTrigInjecConv Goldfish serie is applicable
2025-01-25 02:33:49,599 [INFO] Rule:228 - rule Change Default Value for ADC ExternalTrigConv L0 family is applicable
2025-01-25 02:33:49,600 [INFO] Rule:228 - rule Change Default Value for ADC ExternalTrigConv F0 family is applicable
2025-01-25 02:33:49,600 [INFO] Rule:228 - rule Change Default Value for ADC ExternalTrigConvn L1 family is applicable
2025-01-25 02:33:49,600 [INFO] Rule:228 - rule Change Default Value for ADC ExternalTrigInjecConv L1 family is applicable
2025-01-25 02:33:49,600 [INFO] Rule:228 - rule Change Default Value for ADC ExternalTrigConv F1 family is applicable
2025-01-25 02:33:49,600 [INFO] Rule:228 - rule Change Default Value for ADC ExternalTrigInjecConv F1 family is applicable
2025-01-25 02:33:49,600 [INFO] Rule:228 - rule Change Default Value for ADC ExternalTrigConv F7 family is applicable
2025-01-25 02:33:49,600 [INFO] Rule:228 - rule Change Default Value for ADC ExternalTrigInjecConv F7 family is applicable
2025-01-25 02:33:49,600 [INFO] Rule:228 - rule Change Default Value for ADC ExternalTrigConv F4 and F2 family is applicable
2025-01-25 02:33:49,600 [INFO] Rule:228 - rule Change Default Value for ADC ExternalTrigInjecConv F4 and F2 family is applicable
2025-01-25 02:33:49,600 [INFO] Rule:228 - rule ADC SamplingTime fix with FW L0  is applicable
2025-01-25 02:33:49,600 [INFO] Rule:228 - rule ADC SamplingTime fix with FW L0  is applicable
2025-01-25 02:33:49,601 [INFO] Rule:228 - rule ADC SamplingTime fix with FW L0 is applicable
2025-01-25 02:33:49,601 [INFO] Rule:228 - rule ADC SamplingTime fix with FW L0 is applicable
2025-01-25 02:33:49,601 [INFO] Rule:228 - rule ADC SamplingTime fix with FW L0  is applicable
2025-01-25 02:33:49,601 [INFO] Rule:228 - rule ADC SamplingTime fix with FW L0 is applicable
2025-01-25 02:33:49,601 [INFO] Rule:228 - rule Rename USB_OE Signal is applicable
2025-01-25 02:33:49,601 [INFO] Rule:228 - rule Rename Activate_OE Mode is applicable
2025-01-25 02:33:49,601 [INFO] Rule:228 - rule Rename DIE462/DIE415 pin PC14/OSC32_IN -> PC14-OSC32_IN (PC14) is applicable
2025-01-25 02:33:49,601 [INFO] Rule:228 - rule Rename DIE462/DIE415 pin PC15/OSC32_OUT -> PC15-OSC32_OUT (PC15) is applicable
2025-01-25 02:33:49,601 [INFO] Rule:228 - rule Rename DIE462/DIE415 pin PH0/OSC_IN -> PH0-OSC_IN (PH0) is applicable
2025-01-25 02:33:49,601 [INFO] Rule:228 - rule Rename DIE462/DIE415 pin PH1/OSC_OUT -> PH1-OSC_OUT (PH1) is applicable
2025-01-25 02:33:49,601 [INFO] Rule:228 - rule Rename DIE462 pin PA13 -> PA13 (JTMS/SWDIO) is applicable
2025-01-25 02:33:49,601 [INFO] Rule:228 - rule Rename DIE415 pin PA13 -> PA13 (JTMS/SWDIO) is applicable
2025-01-25 02:33:49,601 [INFO] Rule:228 - rule Rename DIE462 pin PA14 -> PA14 (JTCK/SWCLK) is applicable
2025-01-25 02:33:49,601 [INFO] Rule:228 - rule Rename DIE415 pin PA14 -> PA14 (JTCK/SWCLK) is applicable
2025-01-25 02:33:49,601 [INFO] Rule:228 - rule Rename DIE462/DIE415 pin PA15 -> PA15 (JTDI) is applicable
2025-01-25 02:33:49,602 [INFO] Rule:228 - rule Rename DIE462 pin PB3 -> PB3 (JTD0/TRACESWO) is applicable
2025-01-25 02:33:49,602 [INFO] Rule:228 - rule Rename DIE415 pin PB3 -> PB3 (JTD0-TRACESWO) is applicable
2025-01-25 02:33:49,602 [INFO] Rule:228 - rule Rename DIE462/DIE415 pin PB4 -> PB4 (NJTRST) is applicable
2025-01-25 02:33:49,602 [INFO] Rule:228 - rule Rename DIE462 pin PH3/BOOT0 -> PH3-BOOT0 (BOOT0) is applicable
2025-01-25 02:33:49,602 [INFO] Rule:228 - rule Rename CRYP DataEncryptionTypesList to Algorithm is applicable
2025-01-25 02:33:49,602 [INFO] Rule:228 - rule Rename AES DataEncryptionTypesList to Algorithm is applicable
2025-01-25 02:33:49,602 [INFO] Rule:228 - rule Rename TDESECB to CRYP_TDES_ECB is applicable
2025-01-25 02:33:49,602 [INFO] Rule:228 - rule Rename TDESCBC to CRYP_TDES_CBC is applicable
2025-01-25 02:33:49,602 [INFO] Rule:228 - rule Rename DESECB to CRYP_DES_ECB is applicable
2025-01-25 02:33:49,602 [INFO] Rule:228 - rule Rename DESCBC to CRYP_DES_CBC is applicable
2025-01-25 02:33:49,602 [INFO] Rule:228 - rule Rename AESECB to CRYP_AES_ECB is applicable
2025-01-25 02:33:49,602 [INFO] Rule:228 - rule Rename AESCBC to CRYP_AES_CBC is applicable
2025-01-25 02:33:49,602 [INFO] Rule:228 - rule Rename AESCTR to CRYP_AES_CTR is applicable
2025-01-25 02:33:49,602 [INFO] Rule:228 - rule Rename AESGCM to CRYP_AES_GCM is applicable
2025-01-25 02:33:49,602 [INFO] Rule:228 - rule Rename AESCCM to CRYP_AES_CCM is applicable
2025-01-25 02:33:49,602 [INFO] Rule:228 - rule Rename CAN TimeSeg1 to BS1 is applicable
2025-01-25 02:33:49,603 [INFO] Rule:228 - rule Rename CAN TimeSeg2 to BS2 is applicable
2025-01-25 02:33:49,603 [INFO] Rule:228 - rule Rename CAN SyncJumpWidth to SJW is applicable
2025-01-25 02:33:49,603 [INFO] Rule:228 - rule TimeTriggeredMode to TTCM is applicable
2025-01-25 02:33:49,603 [INFO] Rule:228 - rule Rename CAN AutoBusOff to ABOM is applicable
2025-01-25 02:33:49,603 [INFO] Rule:228 - rule Rename CAN AutoWakeUp to AWUM is applicable
2025-01-25 02:33:49,603 [INFO] Rule:228 - rule Rename CAN AutoRetransmission to NART is applicable
2025-01-25 02:33:49,603 [INFO] Rule:228 - rule Rename CAN ReceiveFifoLocked to RFLM is applicable
2025-01-25 02:33:49,603 [INFO] Rule:228 - rule Rename CAN TransmitFifoPriority to TXFP is applicable
2025-01-25 02:33:49,603 [INFO] Rule:228 - rule Rename HRTIMER HRTIM_OUTPUTFAULTLEVEL_HIGH in HRTIMER HRTIM_OUTPUTFAULTLEVEL_HIGHZ is applicable
2025-01-25 02:33:49,603 [INFO] Rule:228 - rule Rename TIMER TIM_CLEARINPUTSOURCE_OCREFCLR in  TIMER TIM_CLEARINPUTSOURCE_NONE for F7 family is applicable
2025-01-25 02:33:49,603 [INFO] Rule:228 - rule FDCAN_R1 - Rename FDCAN mode Master into Classic is applicable
2025-01-25 02:33:49,603 [INFO] Rule:228 - rule FDCAN_R2 - Rename FDCAN mode Slave into Classic is applicable
2025-01-25 02:33:49,603 [INFO] Rule:228 - rule FDCAN1_R3 - if PA10.Mode=FullDuplex, add Pin PA12 is applicable
2025-01-25 02:33:49,603 [INFO] Rule:228 - rule FDCAN1_R3 - if PA9.Mode=FullDuplex, add Pin PA11 is applicable
2025-01-25 02:33:49,603 [INFO] Rule:228 - rule FDCAN1_R3 - Alternatepin_1 - if PE1.Mode=FullDuplex, add Pin PB9 is applicable
2025-01-25 02:33:49,603 [INFO] Rule:228 - rule FDCAN1_R3 - Alternatepin_1 - if PE0.Mode=FullDuplex, add Pin PB8 is applicable
2025-01-25 02:33:49,604 [INFO] Rule:228 - rule FDCAN1_R3 - Alternatepin_2 - if PD5.Mode=FullDuplex, add Pin PD1 is applicable
2025-01-25 02:33:49,604 [INFO] Rule:228 - rule FDCAN1_R3 - Alternatepin_2 - if PD4.Mode=FullDuplex, add Pin PD0 is applicable
2025-01-25 02:33:49,604 [INFO] Rule:228 - rule FDCAN1_R4 - Rename Mode FullDuplex into Enable FDCAN_TXFD for pin PA10 is applicable
2025-01-25 02:33:49,604 [INFO] Rule:228 - rule FDCAN1_R4 - Rename Mode FullDuplex into Enable FDCAN_TXFD for pin PA9 is applicable
2025-01-25 02:33:49,604 [INFO] Rule:228 - rule FDCAN1_R4 - Alternatepin_1 - Rename Mode FullDuplex into Enable FDCAN_TXFD for pin PE1 is applicable
2025-01-25 02:33:49,604 [INFO] Rule:228 - rule FDCAN1_R4 - Alternatepin_1 - Rename Mode FullDuplex into Enable FDCAN_TXFD for pin PE0 is applicable
2025-01-25 02:33:49,604 [INFO] Rule:228 - rule FDCAN1_R4 - Alternatepin_2 - Rename Mode FullDuplex into Enable FDCAN_TXFD for pin PD5 is applicable
2025-01-25 02:33:49,604 [INFO] Rule:228 - rule FDCAN1_R4 - Alternatepin_2 - Rename Mode FullDuplex into Enable FDCAN_TXFD for pin PD4 is applicable
2025-01-25 02:33:49,604 [INFO] Rule:228 - rule FDCAN2_R3 - if PD10.Mode=FullDuplex, add Pin PB13 is applicable
2025-01-25 02:33:49,604 [INFO] Rule:228 - rule FDCAN2_R3 - if PD9.Mode=FullDuplex, add Pin PB12 is applicable
2025-01-25 02:33:49,604 [INFO] Rule:228 - rule FDCAN2_R3 - Alternatepin_1 - if PB7.Mode=FullDuplex, add Pin PB6 is applicable
2025-01-25 02:33:49,604 [INFO] Rule:228 - rule FDCAN2_R3 - Alternatepin_1 - if PD9.Mode=FullDuplex, add Pin PB12 is applicable
2025-01-25 02:33:49,604 [INFO] Rule:228 - rule FDCAN2_R4 - Rename Mode FullDuplex into Enable FDCAN_TXFD for pin PD10 is applicable
2025-01-25 02:33:49,604 [INFO] Rule:228 - rule FDCAN2_R4 - Rename Mode FullDuplex into Enable FDCAN_TXFD for pin PD9 is applicable
2025-01-25 02:33:49,604 [INFO] Rule:228 - rule FDCAN2_R4 - Alternatepin_1 - Rename Mode FullDuplex into Enable FDCAN_TXFD for pin PB7 is applicable
2025-01-25 02:33:49,604 [INFO] Rule:228 - rule FDCAN2_R4 - Alternatepin_1 - Rename Mode FullDuplex into Enable FDCAN_TXFD for pin PD6 is applicable
2025-01-25 02:33:49,604 [INFO] Rule:228 - rule USART TxPinLevelInvertParam Mode is applicable
2025-01-25 02:33:49,605 [INFO] Rule:228 - rule USART RxPinLevelInvertParam Mode is applicable
2025-01-25 02:33:49,605 [INFO] Rule:228 - rule USART DataInvertParam Mode is applicable
2025-01-25 02:33:49,605 [INFO] Rule:228 - rule USART SwapParam Mode is applicable
2025-01-25 02:33:49,605 [INFO] Rule:228 - rule USART OverrunDisableParam Mode is applicable
2025-01-25 02:33:49,605 [INFO] Rule:228 - rule USART DMADisableonRxErrorParam Mode is applicable
2025-01-25 02:33:49,605 [INFO] Rule:228 - rule USART MSBFirstParam Mode is applicable
2025-01-25 02:33:49,605 [INFO] Rule:228 - rule Update MwName for USB_DEVICE is applicable
2025-01-25 02:33:49,605 [INFO] Rule:228 - rule Change PWR_Regulator_Voltage_Scale Default Value for RCC  H7 family is applicable
2025-01-25 02:33:49,605 [INFO] Rule:228 - rule UART/USART IPParameter rename Prescaler parameter to ClockPrescaler is applicable
2025-01-25 02:33:49,605 [INFO] Rule:228 - rule UART/USART Prescaler rename Prescaler parameter to ClockPrescaler is applicable
2025-01-25 02:33:49,605 [INFO] Rule:228 - rule TIM1CLockSelection is applicable
2025-01-25 02:33:49,605 [INFO] Rule:228 - rule TIM15CLockSelection is applicable
2025-01-25 02:33:49,605 [INFO] Rule:228 - rule align RCC SDMMC3CLockSelection default value on MP1 is applicable
2025-01-25 02:33:49,605 [INFO] Rule:228 - rule align RCC SDMMC12CLockSelection default value on MP1 is applicable
2025-01-25 02:33:49,606 [INFO] Rule:228 - rule align RCC QSPICLockSelection default value on MP1 is applicable
2025-01-25 02:33:49,606 [INFO] Rule:228 - rule align RCC QSPICLockSelection default value on MP1 is applicable
2025-01-25 02:33:49,606 [INFO] Rule:228 - rule align RCC SPI6CLockSelection default value on MP1 is applicable
2025-01-25 02:33:49,606 [INFO] Rule:228 - rule align RCC LPTIM23CLockSelection default value on MP1 is applicable
2025-01-25 02:33:49,606 [INFO] Rule:228 - rule align RCC LPTIM1CLockSelection default value on MP1 is applicable
2025-01-25 02:33:49,606 [INFO] Rule:228 - rule align RCC USART1CLockSelection default value on MP1 is applicable
2025-01-25 02:33:49,606 [INFO] Rule:228 - rule align RCC USART24CLockSelection default value on MP1 is applicable
2025-01-25 02:33:49,606 [INFO] Rule:228 - rule align RCC USART6CLockSelection default value on MP1 is applicable
2025-01-25 02:33:49,606 [INFO] Rule:228 - rule align RCC UART78CLockSelection default value on MP1 is applicable
2025-01-25 02:33:49,606 [INFO] Rule:228 - rule align RCC USART35CLockSelection default value on MP1 is applicable
2025-01-25 02:33:49,606 [INFO] Rule:228 - rule align RCC SPI45CLockSelection default value on MP1 is applicable
2025-01-25 02:33:49,606 [INFO] Rule:228 - rule align RCC I2C46CLockSelection BCLK value on MP1 is applicable
2025-01-25 02:33:49,606 [INFO] Rule:228 - rule align RCC SPI45CLockSelection default value on MP1 is applicable
2025-01-25 02:33:49,606 [INFO] Rule:228 - rule align RCC I2C12CLockSelection default value on MP1 is applicable
2025-01-25 02:33:49,606 [INFO] Rule:228 - rule align RCC I2C35CLockSelection default value on MP1 is applicable
2025-01-25 02:33:49,606 [INFO] Rule:228 - rule align RCC LPTIM45CLockSelection default value on MP1 is applicable
2025-01-25 02:33:49,606 [INFO] Rule:228 - rule Rename DCMI PIXCK signal is applicable
2025-01-25 02:33:49,607 [INFO] Rule:228 - rule Change Default Value for I2C46CLockSelection MP1 family is applicable
2025-01-25 02:33:49,607 [INFO] Rule:228 - rule Change Default Value for UART for G4, G0 and WB families is applicable
2025-01-25 02:33:49,607 [INFO] Rule:228 - rule Change Default Value for USART for G4, G0 and WB families is applicable
2025-01-25 02:33:49,607 [INFO] Rule:228 - rule Change Default Value for USART for G4 family is applicable
2025-01-25 02:33:49,607 [INFO] Rule:228 - rule Change USART1CLockSelection refparam name for MP1 is applicable
2025-01-25 02:33:49,607 [INFO] Rule:228 - rule Change USART2CLockSelection refparam name for MP1 is applicable
2025-01-25 02:33:49,607 [INFO] Rule:228 - rule Change USART3CLockSelection refparam name for MP1 is applicable
2025-01-25 02:33:49,607 [INFO] Rule:228 - rule Change UART4CLockSelection refparam name for MP1 is applicable
2025-01-25 02:33:49,607 [INFO] Rule:228 - rule Change UART5CLockSelection refparam name for MP1 is applicable
2025-01-25 02:33:49,607 [INFO] Rule:228 - rule Change LPUART1CLockSelection refparam name for MP1 is applicable
2025-01-25 02:33:49,607 [INFO] Rule:228 - rule Change LPTIM1CLockSelection refparam name for MP1 is applicable
2025-01-25 02:33:49,607 [INFO] Rule:228 - rule Change LPTIM2CLockSelection refparam name for MP1 is applicable
2025-01-25 02:33:49,608 [INFO] Rule:228 - rule Change RCC_MCO1Source refparam name for MP1 is applicable
2025-01-25 02:33:49,608 [INFO] Rule:228 - rule Change LSCOSource1 refparam name for MP1 is applicable
2025-01-25 02:33:49,608 [INFO] Rule:228 - rule Change SMPSCLockSelection refparam name for MP1 is applicable
2025-01-25 02:33:49,608 [INFO] Rule:228 - rule Change LPTIM3CLockSelection refparam name for MP1 is applicable
2025-01-25 02:33:49,608 [INFO] Rule:228 - rule Change MPCBB* Default Template Mode to Parameters is applicable
2025-01-25 02:33:49,608 [INFO] Rule:228 - rule Change MPCWM* or MPCBB* Secure Mode to Parameters is applicable
2025-01-25 02:33:49,608 [INFO] Rule:228 - rule Change MPCWM* or MPCBB* No Secure Mode to Parameters is applicable
2025-01-25 02:33:49,608 [INFO] Rule:228 - rule Change TZSC IP Secure Mode to Parameters is applicable
2025-01-25 02:33:49,608 [INFO] Rule:228 - rule Change TZSC IP No Secure Mode to Parameters is applicable
2025-01-25 02:33:49,608 [INFO] Rule:228 - rule Change TZSC IP Privilege Mode to Parameters is applicable
2025-01-25 02:33:49,608 [INFO] Rule:228 - rule Change TZSC IP No Privilege Mode to Parameters is applicable
2025-01-25 02:33:49,608 [INFO] Rule:228 - rule Change TZIC IT Secure Mode to Parameters is applicable
2025-01-25 02:33:49,608 [INFO] Rule:228 - rule Change TZIC IT No Secure Mode to Parameters is applicable
2025-01-25 02:33:49,609 [INFO] Rule:228 - rule Add MPCBB1_NonSecureArea_Start_Address value with referenced to MPCBB1_NonSecureArea_Start value is applicable
2025-01-25 02:33:49,609 [INFO] Rule:228 - rule Add MPCBB2_NonSecureArea_Start_Address value with referenced to MPCBB2_NonSecureArea_Start value is applicable
2025-01-25 02:33:49,609 [INFO] Rule:228 - rule Add MPCWM1_NonSecureArea*_Start_Address value with referenced to MPCWM1_NonSecureArea*_Start value is applicable
2025-01-25 02:33:49,609 [INFO] Rule:228 - rule Add MPCWM2_NonSecureArea*_Start_Address value with referenced to MPCWM2_NonSecureArea*_Start value is applicable
2025-01-25 02:33:49,609 [INFO] Rule:228 - rule Add MPCWM3_NonSecureArea_Start_Address value with referenced to MPCWM3_NonSecureArea_Start value is applicable
2025-01-25 02:33:49,609 [INFO] Rule:228 - rule Change Default Value for PLL1UserDefinedConfig is applicable
2025-01-25 02:33:49,609 [INFO] Rule:228 - rule Change GPIO_PuPd Default Value for USART in async mode is applicable
2025-01-25 02:33:49,609 [INFO] Rule:228 - rule Change SMPSDivider Default Value is applicable
2025-01-25 02:33:49,609 [INFO] Rule:228 - rule OPAMP is applicable
2025-01-25 02:33:49,609 [INFO] Rule:228 - rule LPUART IPParameter rename Prescaler parameter to ClockPrescaler for STM32H7 is applicable
2025-01-25 02:33:49,609 [INFO] Rule:228 - rule LPUART IPParameter rename Prescaler parameter to ClockPrescaler for STM32H7 is applicable
2025-01-25 02:33:49,609 [INFO] Rule:228 - rule LPUART IPParameter rename Prescaler parameter to ClockPrescaler for STM32WB is applicable
2025-01-25 02:33:49,609 [INFO] Rule:228 - rule LPUART IPParameter rename Prescaler parameter to ClockPrescaler for STM32WB is applicable
2025-01-25 02:33:49,609 [INFO] Rule:228 - rule LPUART IPParameter rename Prescaler parameter to ClockPrescaler for STM32G4 is applicable
2025-01-25 02:33:49,609 [INFO] Rule:228 - rule LPUART IPParameter rename Prescaler parameter to ClockPrescaler for STM32G4 is applicable
2025-01-25 02:33:49,609 [INFO] Rule:228 - rule LPUART IPParameter rename Prescaler parameter to ClockPrescaler for STM32L5 is applicable
2025-01-25 02:33:49,610 [INFO] Rule:228 - rule LPUART IPParameter rename Prescaler parameter to ClockPrescaler for STM32L5 is applicable
2025-01-25 02:33:49,610 [INFO] Rule:228 - rule LPUART IPParameter rename Prescaler parameter to ClockPrescaler for STM32G4 is applicable
2025-01-25 02:33:49,610 [INFO] Rule:228 - rule LPUART IPParameter rename Prescaler parameter to ClockPrescaler for STM32G4 is applicable
2025-01-25 02:33:49,610 [INFO] Rule:228 - rule USB device lib V2.5.3 for L0 rename USBD_SUPPORT_USER_STRING parameter to USBD_SUPPORT_USER_STRING_DESC4 is applicable
2025-01-25 02:33:49,610 [INFO] Rule:228 - rule I2SCLockSelection clock entry align is applicable
2025-01-25 02:33:49,610 [INFO] Rule:228 - rule Assign TIMx context if used as SYS timebase is applicable
2025-01-25 02:33:49,610 [INFO] Rule:228 - rule Change GPIO_Pu Default Value for I2C is applicable
2025-01-25 02:33:49,610 [INFO] Rule:228 - rule Change GPIO_Pu Default Value for SMBus is applicable
2025-01-25 02:33:49,610 [INFO] Rule:228 - rule change FDCAN default value is applicable
2025-01-25 02:33:49,610 [INFO] Rule:228 - rule Change mode sai is applicable
2025-01-25 02:33:49,610 [INFO] Rule:228 - rule **Change sai mode is applicable
2025-01-25 02:33:49,610 [INFO] Rule:228 - rule Rename STM32WPAN CFG_BLE_IRK to CFG_BLE_IR is applicable
2025-01-25 02:33:49,610 [INFO] Rule:228 - rule Rename STM32WPAN CFG_BLE_ERK to CFG_BLE_ER is applicable
2025-01-25 02:33:49,610 [INFO] Rule:228 - rule Rename STM32WPAN CFG_BLE_IRK_HEX to CFG_BLE_IR_HEX is applicable
2025-01-25 02:33:49,610 [INFO] Rule:228 - rule Rename STM32WPAN CFG_BLE_ERK_HEX to CFG_BLE_ER_HEX is applicable
2025-01-25 02:33:49,631 [INFO] DbConfProperties:307 - Apply Compatibility (69/297 Rules)
2025-01-25 02:33:49,674 [INFO] ImportTextPane:218 - (OptionalMessage_ERROR) Unable to find key (Mcu.ThirdPartyNb) in loaded IOC file
2025-01-25 02:33:50,143 [INFO] RtosManager:555 - Registered RTOS mode: class=CMSIS, group=RTOS, mode=CMSIS_V1, owner=FREERTOS
2025-01-25 02:33:50,143 [INFO] RtosManager:555 - Registered RTOS mode: class=CMSIS, group=RTOS2, mode=CMSIS_V2, owner=FREERTOS
2025-01-25 02:33:50,143 [INFO] RtosManager:555 - Registered RTOS mode: class=RTOS, group=Core, mode=CMSIS_V1, owner=FREERTOS
2025-01-25 02:33:50,143 [INFO] RtosManager:555 - Registered RTOS mode: class=RTOS, group=Core, mode=CMSIS_V2, owner=FREERTOS
2025-01-25 02:33:50,143 [WARN] ModelIntegratedComponent:184 - Missing modes for component STMicroelectronics:FreeRTOS:0.0.1:STMicroelectronics:RTOS:FreeRTOS:Core:::10.2.0:
2025-01-25 02:33:50,172 [WARN] ModelIntegratedComponent:63 - No mode defined for component null
2025-01-25 02:33:50,172 [WARN] ModelIntegratedComponent:63 - No mode defined for component null
2025-01-25 02:33:50,172 [WARN] ModelIntegratedComponent:63 - No mode defined for component null
2025-01-25 02:33:50,172 [WARN] ModelIntegratedComponent:63 - No mode defined for component null
2025-01-25 02:33:50,172 [WARN] ModelIntegratedComponent:63 - No mode defined for component null
2025-01-25 02:33:50,172 [WARN] ModelIntegratedComponent:63 - No mode defined for component null
2025-01-25 02:33:50,172 [WARN] ModelIntegratedComponent:63 - No mode defined for component null
2025-01-25 02:33:50,172 [WARN] ModelIntegratedComponent:63 - No mode defined for component null
2025-01-25 02:33:50,172 [WARN] ModelIntegratedComponent:63 - No mode defined for component null
2025-01-25 02:33:50,172 [WARN] ModelIntegratedComponent:63 - No mode defined for component null
2025-01-25 02:33:50,172 [WARN] ModelIntegratedComponent:63 - No mode defined for component null
2025-01-25 02:33:50,172 [WARN] ModelIntegratedComponent:63 - No mode defined for component null
2025-01-25 02:33:50,172 [WARN] ModelIntegratedComponent:63 - No mode defined for component null
2025-01-25 02:33:50,172 [WARN] ModelIntegratedComponent:63 - No mode defined for component null
2025-01-25 02:33:50,172 [WARN] ModelIntegratedComponent:63 - No mode defined for component null
2025-01-25 02:33:50,172 [WARN] ModelIntegratedComponent:63 - No mode defined for component null
2025-01-25 02:33:50,172 [WARN] ModelIntegratedComponent:63 - No mode defined for component null
2025-01-25 02:33:50,172 [WARN] ModelIntegratedComponent:63 - No mode defined for component null
2025-01-25 02:33:50,172 [WARN] ModelIntegratedComponent:63 - No mode defined for component null
2025-01-25 02:33:50,172 [WARN] ModelIntegratedComponent:63 - No mode defined for component null
2025-01-25 02:33:50,172 [WARN] ModelIntegratedComponent:63 - No mode defined for component null
2025-01-25 02:33:50,172 [WARN] ModelIntegratedComponent:63 - No mode defined for component null
2025-01-25 02:33:50,172 [WARN] ModelIntegratedComponent:63 - No mode defined for component null
2025-01-25 02:33:50,172 [WARN] ModelIntegratedComponent:63 - No mode defined for component null
2025-01-25 02:33:50,172 [WARN] ModelIntegratedComponent:63 - No mode defined for component null
2025-01-25 02:33:50,173 [WARN] ModelIntegratedComponent:63 - No mode defined for component null
2025-01-25 02:33:50,173 [WARN] ModelIntegratedComponent:63 - No mode defined for component null
2025-01-25 02:33:50,173 [WARN] ModelIntegratedComponent:63 - No mode defined for component null
2025-01-25 02:33:50,173 [WARN] ModelIntegratedComponent:63 - No mode defined for component null
2025-01-25 02:33:50,173 [WARN] ModelIntegratedComponent:63 - No mode defined for component null
2025-01-25 02:33:50,173 [WARN] ModelIntegratedComponent:63 - No mode defined for component null
2025-01-25 02:33:50,173 [WARN] ModelIntegratedComponent:63 - No mode defined for component null
2025-01-25 02:33:50,173 [WARN] ModelIntegratedComponent:63 - No mode defined for component null
2025-01-25 02:33:50,173 [WARN] ModelIntegratedComponent:63 - No mode defined for component null
2025-01-25 02:33:50,173 [WARN] ModelIntegratedComponent:63 - No mode defined for component null
2025-01-25 02:33:50,173 [WARN] ModelPack:524 - Component already loaded: STMicroelectronics:HAL Drivers:0.0.0:STMicroelectronics:Device:STMicro_Driver:XSPI:HAL::0.0.1:HAL_XSPI
2025-01-25 02:33:50,321 [INFO] ThirdPartyModel:298 - Start build external matchings
2025-01-25 02:33:50,847 [INFO] ThirdPartyModel:316 - End build external matchings
2025-01-25 02:33:50,863 [INFO] ImportTextPane:218 - (OptionalMessage_ERROR) IP (RCC) : Invalid parameter (FamilyName)
2025-01-25 02:33:51,146 [INFO] UtilMem:75 - End LoadConfig() Used Memory: 400718576 Bytes (1073741824)
2025-01-25 02:33:51,441 [WARN] ThirdParty:833 - waiting for thirdparty lock release [change project]
2025-01-25 02:33:51,441 [INFO] ThirdParty:835 - entering critical section [change project]
2025-01-25 02:33:51,441 [INFO] ThirdParty:1030 - CMSIS Pack Vendor :STMicroelectronics USBPD 4.1
2025-01-25 02:33:51,441 [INFO] ThirdParty:1030 - CMSIS Pack Vendor :STMicroelectronics X-CUBE-AZRTOS-H7 3.3.0
2025-01-25 02:33:51,441 [INFO] ThirdParty:1030 - CMSIS Pack Vendor :STMicroelectronics X-CUBE-NFC9 1.0.0
2025-01-25 02:33:51,442 [INFO] ThirdParty:1030 - CMSIS Pack Vendor :STMicroelectronics USB_HOST 2.0.0
2025-01-25 02:33:51,442 [INFO] ThirdParty:1030 - CMSIS Pack Vendor :STMicroelectronics FP-SNS-MOTENVWB1 1.4.0
2025-01-25 02:33:51,442 [INFO] ThirdParty:1030 - CMSIS Pack Vendor :STMicroelectronics X-CUBE-AZRTOS-F4 1.1.0
2025-01-25 02:33:51,442 [INFO] ThirdParty:1030 - CMSIS Pack Vendor :STMicroelectronics LIBJPEG 8.0.0
2025-01-25 02:33:51,442 [INFO] ThirdParty:1030 - CMSIS Pack Vendor :STMicroelectronics FP-ATR-ASTRA1 2.0.1
2025-01-25 02:33:51,442 [INFO] ThirdParty:1030 - CMSIS Pack Vendor :STMicroelectronics X-CUBE-SMBUS 2.1.0
2025-01-25 02:33:51,442 [INFO] ThirdParty:1030 - CMSIS Pack Vendor :STMicroelectronics X-CUBE-WB05N 1.1.0
2025-01-25 02:33:51,442 [INFO] ThirdParty:1030 - CMSIS Pack Vendor :STMicroelectronics USB_DEVICE 3.0.0
2025-01-25 02:33:51,442 [INFO] ThirdParty:1030 - CMSIS Pack Vendor :STMicroelectronics X-CUBE-ISPU 2.1.0
2025-01-25 02:33:51,442 [INFO] ThirdParty:1030 - CMSIS Pack Vendor :STMicroelectronics X-CUBE-IPS 3.0.0
2025-01-25 02:33:51,442 [INFO] ThirdParty:1030 - CMSIS Pack Vendor :STMicroelectronics X-CUBE-AZRTOS-WB 2.0.0
2025-01-25 02:33:51,442 [INFO] ThirdParty:1030 - CMSIS Pack Vendor :STMicroelectronics X-CUBE-GNSS1 7.0.1
2025-01-25 02:33:51,442 [INFO] ThirdParty:1030 - CMSIS Pack Vendor :STMicroelectronics X-CUBE-AZRTOS-F7 1.1.0
2025-01-25 02:33:51,442 [INFO] ThirdParty:1030 - CMSIS Pack Vendor :STMicroelectronics X-CUBE-AZRTOS-L5 2.0.0
2025-01-25 02:33:51,442 [INFO] ThirdParty:1030 - CMSIS Pack Vendor :STMicroelectronics USB_DEVICE 2.0.0
2025-01-25 02:33:51,442 [INFO] ThirdParty:1030 - CMSIS Pack Vendor :STMicroelectronics X-CUBE-NFC6 3.1.0
2025-01-25 02:33:51,442 [INFO] ThirdParty:1030 - CMSIS Pack Vendor :STMicroelectronics FP-SNS-STBOX1 2.0.0
2025-01-25 02:33:51,442 [INFO] ThirdParty:1030 - CMSIS Pack Vendor :STMicroelectronics FreeRTOS 0.0.1
2025-01-25 02:33:51,442 [INFO] ThirdParty:1030 - CMSIS Pack Vendor :STMicroelectronics X-CUBE-AZRTOS-G0 1.1.0
2025-01-25 02:33:51,442 [INFO] ThirdParty:1030 - CMSIS Pack Vendor :STMicroelectronics X-CUBE-SAFEA1 1.2.2
2025-01-25 02:33:51,442 [INFO] ThirdParty:1030 - CMSIS Pack Vendor :STMicroelectronics X-CUBE-NFC4 3.0.0
2025-01-25 02:33:51,442 [INFO] ThirdParty:1030 - CMSIS Pack Vendor :STMicroelectronics X-CUBE-DPower 1.2.0
2025-01-25 02:33:51,442 [INFO] ThirdParty:1030 - CMSIS Pack Vendor :STMicroelectronics X-CUBE-SUBG2 5.0.0
2025-01-25 02:33:51,442 [INFO] ThirdParty:1030 - CMSIS Pack Vendor :STMicroelectronics STM32_WPAN 1.0.0
2025-01-25 02:33:51,442 [INFO] ThirdParty:1030 - CMSIS Pack Vendor :EmbeddedOffice I-CUBE-FS-RTOS 1.0.1
2025-01-25 02:33:51,442 [INFO] ThirdParty:1030 - CMSIS Pack Vendor :STMicroelectronics lwIP 2.0.3
2025-01-25 02:33:51,442 [INFO] ThirdParty:1030 - CMSIS Pack Vendor :STMicroelectronics FP-SNS-FLIGHT1 5.0.2
2025-01-25 02:33:51,442 [INFO] ThirdParty:1030 - CMSIS Pack Vendor :Cesanta I-CUBE-Mongoose 7.13.0
2025-01-25 02:33:51,442 [INFO] ThirdParty:1030 - CMSIS Pack Vendor :STMicroelectronics USB_HOST 1.0.0
2025-01-25 02:33:51,442 [INFO] ThirdParty:1030 - CMSIS Pack Vendor :Infineon AIROC-Wi-Fi-Bluetooth-STM32 1.7.0
2025-01-25 02:33:51,442 [INFO] ThirdParty:1030 - CMSIS Pack Vendor :STMicroelectronics X-CUBE-AZRTOS-G4 2.0.0
2025-01-25 02:33:51,442 [INFO] ThirdParty:1030 - CMSIS Pack Vendor :STMicroelectronics PDM2PCM 3.1.0
2025-01-25 02:33:51,442 [INFO] ThirdParty:1030 - CMSIS Pack Vendor :STMicroelectronics PDM2PCM 3.3.0
2025-01-25 02:33:51,442 [INFO] ThirdParty:1030 - CMSIS Pack Vendor :STMicroelectronics X-CUBE-DISPLAY 3.0.0
2025-01-25 02:33:51,442 [INFO] ThirdParty:1030 - CMSIS Pack Vendor :STMicroelectronics X-CUBE-TCPP 4.2.0
2025-01-25 02:33:51,442 [INFO] ThirdParty:1030 - CMSIS Pack Vendor :RealThread X-CUBE-RT-Thread_Nano 4.1.1
2025-01-25 02:33:51,443 [INFO] ThirdParty:1030 - CMSIS Pack Vendor :STMicroelectronics X-CUBE-BLE1 7.0.0
2025-01-25 02:33:51,443 [INFO] ThirdParty:1030 - CMSIS Pack Vendor :STMicroelectronics FP-ATR-SIGFOX1 3.2.0
2025-01-25 02:33:51,443 [INFO] ThirdParty:1030 - CMSIS Pack Vendor :STMicroelectronics X-CUBE-NFC10 1.0.0
2025-01-25 02:33:51,443 [INFO] ThirdParty:1030 - CMSIS Pack Vendor :quantropi X-CUBE-qispace-sdk-base 1.9.3
2025-01-25 02:33:51,443 [INFO] ThirdParty:1030 - CMSIS Pack Vendor :STMicroelectronics X-CUBE-BLEMGR 4.0.0
2025-01-25 02:33:51,443 [INFO] ThirdParty:1030 - CMSIS Pack Vendor :STMicroelectronics X-CUBE-EEPRMA1 5.1.0
2025-01-25 02:33:51,443 [INFO] ThirdParty:1030 - CMSIS Pack Vendor :STMicroelectronics HAL Drivers 0.0.0
2025-01-25 02:33:51,443 [INFO] ThirdParty:1030 - CMSIS Pack Vendor :STMicroelectronics MBEDTLS 2.16.2
2025-01-25 02:33:51,443 [INFO] ThirdParty:1030 - CMSIS Pack Vendor :STMicroelectronics X-CUBE-IPS 3.1.0
2025-01-25 02:33:51,443 [INFO] ThirdParty:1030 - CMSIS Pack Vendor :STMicroelectronics X-CUBE-ALS 1.0.2
2025-01-25 02:33:51,443 [INFO] ThirdParty:1030 - CMSIS Pack Vendor :emotas I-CUBE-CANOPEN 1.3.0
2025-01-25 02:33:51,443 [INFO] ThirdParty:1030 - CMSIS Pack Vendor :STMicroelectronics X-CUBE-FREERTOS 1.3.0
2025-01-25 02:33:51,443 [INFO] ThirdParty:1030 - CMSIS Pack Vendor :wolfSSL I-CUBE-wolfSSL 5.7.4
2025-01-25 02:33:51,443 [INFO] ThirdParty:1030 - CMSIS Pack Vendor :STMicroelectronics X-CUBE-NFC7 1.0.1
2025-01-25 02:33:51,443 [INFO] ThirdParty:1030 - CMSIS Pack Vendor :STMicroelectronics MBEDTLS 2.14.1
2025-01-25 02:33:51,444 [INFO] ThirdParty:1030 - CMSIS Pack Vendor :ITTIA_DB I-CUBE-ITTIADB 8.9.0
2025-01-25 02:33:51,444 [INFO] ThirdParty:1030 - CMSIS Pack Vendor :STMicroelectronics X-CUBE-TOUCHGFX 4.24.2
2025-01-25 02:33:51,444 [INFO] ThirdParty:1030 - CMSIS Pack Vendor :STMicroelectronics X-CUBE-TOUCHGFX 4.24.1
2025-01-25 02:33:51,444 [INFO] ThirdParty:1030 - CMSIS Pack Vendor :wolfSSL I-CUBE-wolfTPM 3.4.0
2025-01-25 02:33:51,444 [INFO] ThirdParty:1030 - CMSIS Pack Vendor :portGmbH I-Cube-SoM-uGOAL 1.1.0
2025-01-25 02:33:51,444 [INFO] ThirdParty:1030 - CMSIS Pack Vendor :STMicroelectronics X-CUBE-AI 10.0.0
2025-01-25 02:33:51,444 [INFO] ThirdParty:1030 - CMSIS Pack Vendor :STMicroelectronics ThreadX 1.0.0
2025-01-25 02:33:51,444 [INFO] ThirdParty:1030 - CMSIS Pack Vendor :STMicroelectronics FP-SNS-SMARTAG2 1.2.0
2025-01-25 02:33:51,444 [INFO] ThirdParty:1030 - CMSIS Pack Vendor :STMicroelectronics X-CUBE-MEMS1 11.1.0
2025-01-25 02:33:51,444 [INFO] ThirdParty:1030 - CMSIS Pack Vendor :STMicroelectronics X-CUBE-AZRTOS-WL 2.0.0
2025-01-25 02:33:51,444 [INFO] ThirdParty:1030 - CMSIS Pack Vendor :SEGGER I-CUBE-embOS 1.3.1
2025-01-25 02:33:51,444 [INFO] ThirdParty:1030 - CMSIS Pack Vendor :STMicroelectronics X-CUBE-ALGOBUILD 1.4.0
2025-01-25 02:33:51,444 [INFO] ThirdParty:1030 - CMSIS Pack Vendor :STMicroelectronics FP-SNS-MOTENV1 5.0.0
2025-01-25 02:33:51,444 [INFO] ThirdParty:1030 - CMSIS Pack Vendor :STMicroelectronics USB_DEVICE 1.0.0
2025-01-25 02:33:51,444 [INFO] ThirdParty:1030 - CMSIS Pack Vendor :STMicroelectronics X-CUBE-AZRTOS-H7RS 1.0.0
2025-01-25 02:33:51,444 [INFO] ThirdParty:1030 - CMSIS Pack Vendor :wolfSSL I-CUBE-wolfMQTT 1.19.0
2025-01-25 02:33:51,444 [INFO] ThirdParty:1030 - CMSIS Pack Vendor :STMicroelectronics X-CUBE-AZRTOS-L4 2.0.0
2025-01-25 02:33:51,444 [INFO] ThirdParty:1030 - CMSIS Pack Vendor :STMicroelectronics ThreadX 0.0.2
2025-01-25 02:33:51,445 [INFO] ThirdParty:1030 - CMSIS Pack Vendor :WES I-CUBE-Cesium 1.3.0
2025-01-25 02:33:51,445 [INFO] ThirdParty:1030 - CMSIS Pack Vendor :STMicroelectronics lwIP 2.1.2
2025-01-25 02:33:51,445 [INFO] ThirdParty:1030 - CMSIS Pack Vendor :STMicroelectronics X-CUBE-SFXS2LP1 4.0.0
2025-01-25 02:33:51,445 [INFO] ThirdParty:1030 - CMSIS Pack Vendor :STMicroelectronics X-CUBE-BLE2 3.3.0
2025-01-25 02:33:51,445 [INFO] ThirdParty:1030 - CMSIS Pack Vendor :STMicroelectronics X-CUBE-TOF1 3.4.2
2025-01-25 02:33:51,445 [INFO] ThirdParty:1030 - CMSIS Pack Vendor :STMicroelectronics X-CUBE-AI 9.1.0
2025-01-25 02:33:51,445 [INFO] ThirdParty:1030 - CMSIS Pack Vendor :STMicroelectronics PDM2PCM 3.2.0
2025-01-25 02:33:51,445 [INFO] ThirdParty:1030 - CMSIS Pack Vendor :wolfSSL I-CUBE-wolfSSH 1.4.17
2025-01-25 02:33:51,445 [INFO] ThirdParty:841 - exiting critical section [change project]
2025-01-25 02:33:51,718 [INFO] PinOutPanel:1589 - setPackage(No Configuration,No Configuration)
2025-01-25 02:33:51,719 [INFO] PinOutPanel:1589 - setPackage(STM32F030R8Tx,LQFP64)
2025-01-25 02:33:52,791 [INFO] UtilMem:75 - Before build in PCC Used Memory: 302598232 Bytes (926941184)
2025-01-25 02:33:55,503 [INFO] UtilMem:75 - After build in PCC Used Memory: 669604968 Bytes (926941184)
2025-01-25 02:33:55,576 [INFO] IPUIPlugin:80 - create IPUIPlugin
2025-01-25 02:33:55,576 [INFO] IPUIPlugin:80 - create IPUIPlugin
2025-01-25 02:33:55,576 [INFO] IPUIPlugin:80 - create IPUIPlugin
2025-01-25 02:33:55,577 [INFO] IPUIPlugin:80 - create IPUIPlugin
2025-01-25 02:33:55,577 [INFO] IPUIPlugin:80 - create IPUIPlugin
2025-01-25 02:33:55,577 [INFO] IPUIPlugin:80 - create IPUIPlugin
2025-01-25 02:33:55,577 [INFO] IPUIPlugin:80 - create IPUIPlugin
2025-01-25 02:33:55,577 [INFO] IPUIPlugin:80 - create IPUIPlugin
2025-01-25 02:33:55,578 [INFO] IPUIPlugin:80 - create IPUIPlugin
2025-01-25 02:33:55,578 [INFO] IPUIPlugin:80 - create IPUIPlugin
2025-01-25 02:33:55,578 [INFO] IPUIPlugin:80 - create IPUIPlugin
2025-01-25 02:33:55,578 [INFO] IPUIPlugin:80 - create IPUIPlugin
2025-01-25 02:33:55,578 [INFO] IPUIPlugin:80 - create IPUIPlugin
2025-01-25 02:33:55,579 [INFO] IPUIPlugin:80 - create IPUIPlugin
2025-01-25 02:33:55,579 [INFO] IPUIPlugin:80 - create IPUIPlugin
2025-01-25 02:33:55,579 [INFO] IPUIPlugin:80 - create IPUIPlugin
2025-01-25 02:33:55,579 [INFO] IPUIPlugin:80 - create IPUIPlugin
2025-01-25 02:33:55,579 [INFO] IPUIPlugin:80 - create IPUIPlugin
2025-01-25 02:33:55,580 [INFO] IPUIPlugin:80 - create IPUIPlugin
2025-01-25 02:33:55,580 [INFO] IPUIPlugin:80 - create IPUIPlugin
2025-01-25 02:33:55,580 [INFO] IPUIPlugin:80 - create IPUIPlugin
2025-01-25 02:33:55,580 [INFO] IPUIPlugin:80 - create IPUIPlugin
2025-01-25 02:33:55,580 [INFO] IPUIPlugin:80 - create IPUIPlugin
2025-01-25 02:33:55,581 [INFO] IPUIPlugin:80 - create IPUIPlugin
2025-01-25 02:33:55,581 [INFO] IPUIPlugin:80 - create IPUIPlugin
2025-01-25 02:33:55,581 [INFO] IPUIPlugin:80 - create IPUIPlugin
2025-01-25 02:33:55,905 [INFO] CADModel:165 - CPN selected for project levelSTM32F030R8T6
2025-01-25 02:33:55,906 [INFO] CADModel:114 - Register for checkConnection events
2025-01-25 02:33:55,968 [INFO] OpenFileManager:363 - Restore cursor
2025-01-25 02:33:56,582 [INFO] UtilMem:75 - End SaveConfig() Used Memory: 785477832 Bytes (926941184)
2025-01-25 02:33:56,688 [INFO] UtilMem:75 - End SaveConfig() Used Memory: 266954952 Bytes (926941184)
2025-01-25 02:33:57,240 [INFO] BlockDiagram:2766 - set Specific Code input for plugin: NVIC
2025-01-25 02:33:57,240 [INFO] BlockDiagram:2766 - set Specific Code input for plugin: USART
2025-01-25 02:33:57,240 [INFO] BlockDiagram:2766 - set Specific Code input for plugin: SYS
2025-01-25 02:33:57,241 [INFO] BlockDiagram:2766 - set Specific Code input for plugin: GPIO
2025-01-25 02:33:57,241 [INFO] BlockDiagram:2766 - set Specific Code input for plugin: RCC
2025-01-25 02:33:57,268 [INFO] CodeGenerator:896 - code generatio: config db path: /opt/st/stm32cubeide_1.17.0/plugins/com.st.stm32cube.common.mx_6.13.0.202411220809//db/
2025-01-25 02:33:57,717 [INFO] CodeEngine:255 - oldGeneratedFile, /home/scott/STM32CubeIDE/BareMetalC_Problems_AND_Exercises/Chapter5/Problems/problem_04/MXTmpFiles/license.tmp_save
2025-01-25 02:33:58,261 [INFO] CodeEngine:279 - Generated code: /home/scott/STM32CubeIDE/BareMetalC_Problems_AND_Exercises/Chapter5/Problems/problem_04/MXTmpFiles/license.tmp
2025-01-25 02:33:58,574 [INFO] CodeEngine:255 - oldGeneratedFile, /home/scott/STM32CubeIDE/BareMetalC_Problems_AND_Exercises/Chapter5/Problems/problem_04/MXTmpFiles/gpio.tmp_save
2025-01-25 02:33:58,756 [INFO] CodeEngine:279 - Generated code: /home/scott/STM32CubeIDE/BareMetalC_Problems_AND_Exercises/Chapter5/Problems/problem_04/MXTmpFiles/gpio.tmp
2025-01-25 02:33:58,978 [INFO] CodeEngine:255 - oldGeneratedFile, /home/scott/STM32CubeIDE/BareMetalC_Problems_AND_Exercises/Chapter5/Problems/problem_04/Core/Src/stm32f0xx_it.c_save
2025-01-25 02:33:59,146 [INFO] CodeEngine:279 - Generated code: /home/scott/STM32CubeIDE/BareMetalC_Problems_AND_Exercises/Chapter5/Problems/problem_04/Core/Src/stm32f0xx_it.c
2025-01-25 02:33:59,148 [INFO] CodeEngine:255 - oldGeneratedFile, /home/scott/STM32CubeIDE/BareMetalC_Problems_AND_Exercises/Chapter5/Problems/problem_04/Core/Inc/stm32f0xx_it.h_save
2025-01-25 02:33:59,256 [INFO] CodeEngine:279 - Generated code: /home/scott/STM32CubeIDE/BareMetalC_Problems_AND_Exercises/Chapter5/Problems/problem_04/Core/Inc/stm32f0xx_it.h
2025-01-25 02:33:59,279 [INFO] CodeEngine:255 - oldGeneratedFile, /home/scott/STM32CubeIDE/BareMetalC_Problems_AND_Exercises/Chapter5/Problems/problem_04/Core/Src/stm32f0xx_hal_msp.c_save
2025-01-25 02:33:59,467 [INFO] CodeEngine:279 - Generated code: /home/scott/STM32CubeIDE/BareMetalC_Problems_AND_Exercises/Chapter5/Problems/problem_04/Core/Src/stm32f0xx_hal_msp.c
2025-01-25 02:33:59,470 [INFO] CodeEngine:255 - oldGeneratedFile, /home/scott/STM32CubeIDE/BareMetalC_Problems_AND_Exercises/Chapter5/Problems/problem_04/MXTmpFiles/system.tmp_save
2025-01-25 02:33:59,573 [INFO] CodeEngine:279 - Generated code: /home/scott/STM32CubeIDE/BareMetalC_Problems_AND_Exercises/Chapter5/Problems/problem_04/MXTmpFiles/system.tmp
2025-01-25 02:33:59,578 [INFO] CodeEngine:311 - oldGeneratedFile, /home/scott/STM32CubeIDE/BareMetalC_Problems_AND_Exercises/Chapter5/Problems/problem_04/Core/Inc/stm32f0xx_hal_conf.h_save
2025-01-25 02:33:59,686 [INFO] CodeEngine:335 - Generated code: /home/scott/STM32CubeIDE/BareMetalC_Problems_AND_Exercises/Chapter5/Problems/problem_04/Core/Inc/stm32f0xx_hal_conf.h
2025-01-25 02:33:59,731 [INFO] ApiDbMcu:508 - Load IP Config File for USART2
2025-01-25 02:33:59,736 [INFO] ApiDbMcu:508 - Load IP Config File for RCC
2025-01-25 02:33:59,742 [INFO] CodeEngine:255 - oldGeneratedFile, /home/scott/STM32CubeIDE/BareMetalC_Problems_AND_Exercises/Chapter5/Problems/problem_04/Core/Inc/main.h_save
2025-01-25 02:33:59,875 [INFO] CodeEngine:279 - Generated code: /home/scott/STM32CubeIDE/BareMetalC_Problems_AND_Exercises/Chapter5/Problems/problem_04/Core/Inc/main.h
2025-01-25 02:33:59,888 [INFO] CodeEngine:255 - oldGeneratedFile, /home/scott/STM32CubeIDE/BareMetalC_Problems_AND_Exercises/Chapter5/Problems/problem_04/Core/Src/main.c_save
2025-01-25 02:34:00,086 [INFO] CodeEngine:279 - Generated code: /home/scott/STM32CubeIDE/BareMetalC_Problems_AND_Exercises/Chapter5/Problems/problem_04/Core/Src/main.c
2025-01-25 02:34:02,294 [INFO] ProjectBuilder:3289 - Time for Copy HAL[1] : 1094mS.
2025-01-25 02:34:02,301 [INFO] ProjectBuilder:4876 - Project Generator version: 4.5.0-RC5
2025-01-25 02:34:02,398 [INFO] ConfigFileManager:1579 - The Die is : DIE440
2025-01-25 02:34:02,438 [INFO] ApiDbMcu:508 - Load IP Config File for FATFS
2025-01-25 02:34:02,454 [INFO] ApiDbMcu:508 - Load IP Config File for FREERTOS
2025-01-25 02:34:03,066 [INFO] LogOutputStream:77 - [STDOUT_REDIRECT] 
2025-01-25 02:34:07,554 [INFO] ProjectBuilder:5154 - Time for Generating toolchain IDE Files: 5251mS.
2025-01-25 02:34:07,554 [INFO] ProjectBuilder:3146 - Time for Copy CMSIS : 0mS.
2025-01-25 02:34:07,555 [INFO] ProjectBuilder:3146 - Time for Copy CMSIS : 0mS.
2025-01-25 02:34:08,813 [INFO] McuFinderGlobals:76 - Set McuFinderConnectedMode to true
2025-01-25 02:34:08,815 [INFO] ApiDb:448 - Save user favorites file /home/scott/.stm32cubeide/favorites.mcus.txt: 0 item(s)
2025-01-25 02:34:08,815 [INFO] ApiDb:452 - User favorites MCUs=[]
2025-01-25 02:34:08,816 [INFO] ApiDb:448 - Save user favorites file /home/scott/.stm32cubeide/favorites.boards.txt: 0 item(s)
2025-01-25 02:34:08,816 [INFO] ApiDb:452 - User favorites Boards=[]
2025-01-25 02:34:45,657 [INFO] MainUpdater:2872 - connection check result : 10
2025-01-25 02:34:45,657 [INFO] MainUpdater:2872 - connection check result : 10
2025-01-25 02:34:46,714 [INFO] MicroXplorer:468 - Change Database Path : 
2025-01-25 02:34:46,715 [INFO] MicroXplorer:498 - Change Database Version : DB.6.0.130
2025-01-25 02:34:46,725 [ERROR] ProjectManagerView:394 - 
java.lang.NullPointerException: Cannot invoke "javax.swing.JTextField.getText()" because the return value of "java.util.List.get(int)" is null
	at com.st.microxplorer.plugins.projectmanager.gui.ProjectChoiceTab$9.caretUpdate(ProjectChoiceTab.java:2616) ~[filemanager.jar:?]
	at javax.swing.text.JTextComponent.fireCaretUpdate(JTextComponent.java:408) ~[?:?]
	at javax.swing.text.JTextComponent$MutableCaretEvent.fire(JTextComponent.java:4484) ~[?:?]
	at javax.swing.text.JTextComponent$MutableCaretEvent.stateChanged(JTextComponent.java:4506) ~[?:?]
	at javax.swing.text.DefaultCaret.fireStateChanged(DefaultCaret.java:857) ~[?:?]
	at javax.swing.text.DefaultCaret.changeCaretPosition(DefaultCaret.java:1343) ~[?:?]
	at javax.swing.text.DefaultCaret.handleSetDot(DefaultCaret.java:1242) ~[?:?]
	at javax.swing.text.DefaultCaret.setDot(DefaultCaret.java:1223) ~[?:?]
	at javax.swing.text.DefaultCaret$Handler.insertUpdate(DefaultCaret.java:1819) ~[?:?]
	at javax.swing.text.AbstractDocument.fireInsertUpdate(AbstractDocument.java:227) ~[?:?]
	at javax.swing.text.AbstractDocument.handleInsertString(AbstractDocument.java:781) ~[?:?]
	at javax.swing.text.AbstractDocument.insertString(AbstractDocument.java:740) ~[?:?]
	at javax.swing.text.PlainDocument.insertString(PlainDocument.java:131) ~[?:?]
	at javax.swing.text.AbstractDocument.replace(AbstractDocument.java:699) ~[?:?]
	at javax.swing.text.JTextComponent.setText(JTextComponent.java:1725) ~[?:?]
	at com.st.microxplorer.plugins.projectmanager.gui.ProjectChoiceTab.createHeapStackFields(ProjectChoiceTab.java:975) ~[filemanager.jar:?]
	at com.st.microxplorer.plugins.projectmanager.gui.ProjectChoiceTab.buildLinkSettingsPanel(ProjectChoiceTab.java:3666) ~[filemanager.jar:?]
	at com.st.microxplorer.plugins.projectmanager.gui.ProjectChoiceTab.defineWindowsFields(ProjectChoiceTab.java:1934) ~[filemanager.jar:?]
	at com.st.microxplorer.plugins.projectmanager.gui.ProjectChoiceTab.updateSettings(ProjectChoiceTab.java:553) ~[filemanager.jar:?]
	at com.st.microxplorer.plugins.projectmanager.gui.ProjectSettingsPanel.UpdateDialog(ProjectSettingsPanel.java:245) ~[filemanager.jar:?]
	at com.st.microxplorer.plugins.projectmanager.ProjectManagerView.propertyChange(ProjectManagerView.java:391) ~[filemanager.jar:?]
	at java.beans.PropertyChangeSupport.fire(PropertyChangeSupport.java:343) ~[?:?]
	at java.beans.PropertyChangeSupport.firePropertyChange(PropertyChangeSupport.java:335) ~[?:?]
	at java.beans.PropertyChangeSupport.firePropertyChange(PropertyChangeSupport.java:268) ~[?:?]
	at com.st.microxplorer.util.MXPropertyChangeSupport.firePropertyChange(MXPropertyChangeSupport.java:54) ~[STM32CubeMX.jar:?]
	at com.st.microxplorer.mxsystem.MxSystem.closeConfig(MxSystem.java:899) ~[STM32CubeMX.jar:?]
	at com.st.microxplorer.maingui.MainPanel.closeConfig(MainPanel.java:789) ~[STM32CubeMX.jar:?]
	at com.st.microxplorer.plugins.filemanager.engine.OpenFileManager.loadConfigurationFile(OpenFileManager.java:265) ~[filemanager.jar:?]
	at com.st.microxplorer.plugins.filemanager.engine.MainFileManager.userLoadConfig(MainFileManager.java:340) ~[filemanager.jar:?]
	at com.st.microxplorer.plugins.filemanager.engine.MainFileManager.userLoadConfig(MainFileManager.java:318) ~[filemanager.jar:?]
	at com.st.microxplorer.plugins.filemanager.FileManagerView.getSpecificTask(FileManagerView.java:246) ~[filemanager.jar:?]
	at com.st.stm32cube.common.mx.editor.CubeMxEditor.getMxTabbedPaneInstance(CubeMxEditor.java:1198) ~[com.st.stm32cube.common.mx_6.13.0.202411220809/:?]
	at com.st.stm32cube.common.mx.editor.CubeMxEditor$12$1.createSwingComponent(CubeMxEditor.java:1068) ~[com.st.stm32cube.common.mx_6.13.0.202411220809/:?]
	at com.st.stm32cube.common.mx.oss.core.awtswtbridge.EmbeddedSwingComposite.doComponentCreation(EmbeddedSwingComposite.java:492) ~[com.st.stm32cube.common.mx.oss_6.13.0.202411220809/:?]
	at com.st.stm32cube.common.mx.oss.core.awtswtbridge.EmbeddedSwingComposite$4.run(EmbeddedSwingComposite.java:291) ~[com.st.stm32cube.common.mx.oss_6.13.0.202411220809/:?]
	at com.st.stm32cube.common.mx.oss.core.awtswtbridge.AwtEnvironment$2.run(AwtEnvironment.java:166) ~[com.st.stm32cube.common.mx.oss_6.13.0.202411220809/:?]
	at java.awt.event.InvocationEvent.dispatch(InvocationEvent.java:318) ~[?:?]
	at java.awt.EventQueue.dispatchEventImpl(EventQueue.java:773) ~[?:?]
	at java.awt.EventQueue$4.run(EventQueue.java:720) ~[?:?]
	at java.awt.EventQueue$4.run(EventQueue.java:714) ~[?:?]
	at java.security.AccessController.doPrivileged(AccessController.java:400) ~[?:?]
	at java.security.ProtectionDomain$JavaSecurityAccessImpl.doIntersectionPrivilege(ProtectionDomain.java:87) ~[?:?]
	at java.awt.EventQueue.dispatchEvent(EventQueue.java:742) ~[?:?]
	at java.awt.EventDispatchThread.pumpOneEventForFilters(EventDispatchThread.java:203) ~[?:?]
	at java.awt.EventDispatchThread.pumpEventsForFilter(EventDispatchThread.java:124) ~[?:?]
	at java.awt.EventDispatchThread.pumpEventsForHierarchy(EventDispatchThread.java:113) ~[?:?]
	at java.awt.EventDispatchThread.pumpEvents(EventDispatchThread.java:109) ~[?:?]
	at java.awt.EventDispatchThread.pumpEvents(EventDispatchThread.java:101) ~[?:?]
	at java.awt.EventDispatchThread.run(EventDispatchThread.java:90) ~[?:?]
2025-01-25 02:34:46,729 [WARN] ThirdParty:871 - waiting for thirdparty lock release [close project]
2025-01-25 02:34:46,729 [INFO] ThirdParty:873 - entering critical section [close project]
2025-01-25 02:34:46,729 [INFO] ThirdParty:883 - exiting critical section [close project]
2025-01-25 02:34:46,730 [INFO] PinOutPanel:1589 - setPackage(No Configuration,No Configuration)
2025-01-25 02:34:46,792 [INFO] UtilMem:75 - Begin LoadConfig() Used Memory: 459759592 Bytes (765460480)
2025-01-25 02:34:46,793 [INFO] MicroXplorer:468 - Change Database Path : 
2025-01-25 02:34:46,793 [INFO] MicroXplorer:498 - Change Database Version : DB.6.0.130
2025-01-25 02:34:46,793 [INFO] OpenFileManager:332 - Change cursor
2025-01-25 02:34:46,807 [INFO] RulesReader:64 - Compatibility file has been processed (297 Rules)
2025-01-25 02:34:46,810 [INFO] Mcu:2035 - Initializing MCU STM32F030R8Tx STM32F030R8Tx STM32F030R8T6
2025-01-25 02:34:47,504 [INFO] Context:748 - Trying to add GPIOservice into a context  which must be forbidden
2025-01-25 02:34:47,845 [INFO] RtosManager:555 - Registered RTOS mode: class=CMSIS, group=RTOS, mode=CMSIS_V1, owner=FREERTOS
2025-01-25 02:34:47,845 [INFO] RtosManager:555 - Registered RTOS mode: class=CMSIS, group=RTOS2, mode=CMSIS_V2, owner=FREERTOS
2025-01-25 02:34:47,845 [INFO] RtosManager:555 - Registered RTOS mode: class=RTOS, group=Core, mode=CMSIS_V1, owner=FREERTOS
2025-01-25 02:34:47,845 [INFO] RtosManager:555 - Registered RTOS mode: class=RTOS, group=Core, mode=CMSIS_V2, owner=FREERTOS
2025-01-25 02:34:47,845 [WARN] ModelIntegratedComponent:184 - Missing modes for component STMicroelectronics:FreeRTOS:0.0.1:STMicroelectronics:RTOS:FreeRTOS:Core:::10.2.0:
2025-01-25 02:34:47,852 [WARN] ModelIntegratedComponent:63 - No mode defined for component null
2025-01-25 02:34:47,853 [WARN] ModelIntegratedComponent:63 - No mode defined for component null
2025-01-25 02:34:47,853 [WARN] ModelIntegratedComponent:63 - No mode defined for component null
2025-01-25 02:34:47,853 [WARN] ModelIntegratedComponent:63 - No mode defined for component null
2025-01-25 02:34:47,853 [WARN] ModelIntegratedComponent:63 - No mode defined for component null
2025-01-25 02:34:47,853 [WARN] ModelIntegratedComponent:63 - No mode defined for component null
2025-01-25 02:34:47,853 [WARN] ModelIntegratedComponent:63 - No mode defined for component null
2025-01-25 02:34:47,853 [WARN] ModelIntegratedComponent:63 - No mode defined for component null
2025-01-25 02:34:47,853 [WARN] ModelIntegratedComponent:63 - No mode defined for component null
2025-01-25 02:34:47,853 [WARN] ModelIntegratedComponent:63 - No mode defined for component null
2025-01-25 02:34:47,853 [WARN] ModelIntegratedComponent:63 - No mode defined for component null
2025-01-25 02:34:47,853 [WARN] ModelIntegratedComponent:63 - No mode defined for component null
2025-01-25 02:34:47,853 [WARN] ModelIntegratedComponent:63 - No mode defined for component null
2025-01-25 02:34:47,853 [WARN] ModelIntegratedComponent:63 - No mode defined for component null
2025-01-25 02:34:47,853 [WARN] ModelIntegratedComponent:63 - No mode defined for component null
2025-01-25 02:34:47,853 [WARN] ModelIntegratedComponent:63 - No mode defined for component null
2025-01-25 02:34:47,853 [WARN] ModelIntegratedComponent:63 - No mode defined for component null
2025-01-25 02:34:47,853 [WARN] ModelIntegratedComponent:63 - No mode defined for component null
2025-01-25 02:34:47,853 [WARN] ModelIntegratedComponent:63 - No mode defined for component null
2025-01-25 02:34:47,853 [WARN] ModelIntegratedComponent:63 - No mode defined for component null
2025-01-25 02:34:47,853 [WARN] ModelIntegratedComponent:63 - No mode defined for component null
2025-01-25 02:34:47,853 [WARN] ModelIntegratedComponent:63 - No mode defined for component null
2025-01-25 02:34:47,853 [WARN] ModelIntegratedComponent:63 - No mode defined for component null
2025-01-25 02:34:47,853 [WARN] ModelIntegratedComponent:63 - No mode defined for component null
2025-01-25 02:34:47,853 [WARN] ModelIntegratedComponent:63 - No mode defined for component null
2025-01-25 02:34:47,853 [WARN] ModelIntegratedComponent:63 - No mode defined for component null
2025-01-25 02:34:47,853 [WARN] ModelIntegratedComponent:63 - No mode defined for component null
2025-01-25 02:34:47,853 [WARN] ModelIntegratedComponent:63 - No mode defined for component null
2025-01-25 02:34:47,853 [WARN] ModelIntegratedComponent:63 - No mode defined for component null
2025-01-25 02:34:47,853 [WARN] ModelIntegratedComponent:63 - No mode defined for component null
2025-01-25 02:34:47,853 [WARN] ModelIntegratedComponent:63 - No mode defined for component null
2025-01-25 02:34:47,853 [WARN] ModelIntegratedComponent:63 - No mode defined for component null
2025-01-25 02:34:47,854 [WARN] ModelIntegratedComponent:63 - No mode defined for component null
2025-01-25 02:34:47,854 [WARN] ModelIntegratedComponent:63 - No mode defined for component null
2025-01-25 02:34:47,854 [WARN] ModelIntegratedComponent:63 - No mode defined for component null
2025-01-25 02:34:47,854 [WARN] ModelPack:524 - Component already loaded: STMicroelectronics:HAL Drivers:0.0.0:STMicroelectronics:Device:STMicro_Driver:XSPI:HAL::0.0.1:HAL_XSPI
2025-01-25 02:34:47,961 [INFO] ThirdPartyModel:298 - Start build external matchings
2025-01-25 02:34:48,510 [INFO] ThirdPartyModel:316 - End build external matchings
2025-01-25 02:34:48,520 [INFO] ImportTextPane:218 - (OptionalMessage_ERROR) IP (RCC) : Invalid parameter (FamilyName)
2025-01-25 02:34:48,650 [INFO] UtilMem:75 - End LoadConfig() Used Memory: 343892680 Bytes (765460480)
2025-01-25 02:34:48,670 [WARN] ThirdParty:833 - waiting for thirdparty lock release [change project]
2025-01-25 02:34:48,671 [INFO] ThirdParty:835 - entering critical section [change project]
2025-01-25 02:34:48,671 [INFO] ThirdParty:1030 - CMSIS Pack Vendor :STMicroelectronics USBPD 4.1
2025-01-25 02:34:48,671 [INFO] ThirdParty:1030 - CMSIS Pack Vendor :STMicroelectronics X-CUBE-AZRTOS-H7 3.3.0
2025-01-25 02:34:48,671 [INFO] ThirdParty:1030 - CMSIS Pack Vendor :STMicroelectronics X-CUBE-NFC9 1.0.0
2025-01-25 02:34:48,671 [INFO] ThirdParty:1030 - CMSIS Pack Vendor :STMicroelectronics USB_HOST 2.0.0
2025-01-25 02:34:48,671 [INFO] ThirdParty:1030 - CMSIS Pack Vendor :STMicroelectronics FP-SNS-MOTENVWB1 1.4.0
2025-01-25 02:34:48,671 [INFO] ThirdParty:1030 - CMSIS Pack Vendor :STMicroelectronics X-CUBE-AZRTOS-F4 1.1.0
2025-01-25 02:34:48,671 [INFO] ThirdParty:1030 - CMSIS Pack Vendor :STMicroelectronics LIBJPEG 8.0.0
2025-01-25 02:34:48,671 [INFO] ThirdParty:1030 - CMSIS Pack Vendor :STMicroelectronics FP-ATR-ASTRA1 2.0.1
2025-01-25 02:34:48,671 [INFO] ThirdParty:1030 - CMSIS Pack Vendor :STMicroelectronics X-CUBE-SMBUS 2.1.0
2025-01-25 02:34:48,671 [INFO] ThirdParty:1030 - CMSIS Pack Vendor :STMicroelectronics X-CUBE-WB05N 1.1.0
2025-01-25 02:34:48,671 [INFO] ThirdParty:1030 - CMSIS Pack Vendor :STMicroelectronics USB_DEVICE 3.0.0
2025-01-25 02:34:48,671 [INFO] ThirdParty:1030 - CMSIS Pack Vendor :STMicroelectronics X-CUBE-ISPU 2.1.0
2025-01-25 02:34:48,671 [INFO] ThirdParty:1030 - CMSIS Pack Vendor :STMicroelectronics X-CUBE-IPS 3.0.0
2025-01-25 02:34:48,671 [INFO] ThirdParty:1030 - CMSIS Pack Vendor :STMicroelectronics X-CUBE-AZRTOS-WB 2.0.0
2025-01-25 02:34:48,671 [INFO] ThirdParty:1030 - CMSIS Pack Vendor :STMicroelectronics X-CUBE-GNSS1 7.0.1
2025-01-25 02:34:48,671 [INFO] ThirdParty:1030 - CMSIS Pack Vendor :STMicroelectronics X-CUBE-AZRTOS-F7 1.1.0
2025-01-25 02:34:48,671 [INFO] ThirdParty:1030 - CMSIS Pack Vendor :STMicroelectronics X-CUBE-AZRTOS-L5 2.0.0
2025-01-25 02:34:48,671 [INFO] ThirdParty:1030 - CMSIS Pack Vendor :STMicroelectronics USB_DEVICE 2.0.0
2025-01-25 02:34:48,672 [INFO] ThirdParty:1030 - CMSIS Pack Vendor :STMicroelectronics X-CUBE-NFC6 3.1.0
2025-01-25 02:34:48,672 [INFO] ThirdParty:1030 - CMSIS Pack Vendor :STMicroelectronics FP-SNS-STBOX1 2.0.0
2025-01-25 02:34:48,672 [INFO] ThirdParty:1030 - CMSIS Pack Vendor :STMicroelectronics FreeRTOS 0.0.1
2025-01-25 02:34:48,672 [INFO] ThirdParty:1030 - CMSIS Pack Vendor :STMicroelectronics X-CUBE-AZRTOS-G0 1.1.0
2025-01-25 02:34:48,672 [INFO] ThirdParty:1030 - CMSIS Pack Vendor :STMicroelectronics X-CUBE-SAFEA1 1.2.2
2025-01-25 02:34:48,672 [INFO] ThirdParty:1030 - CMSIS Pack Vendor :STMicroelectronics X-CUBE-NFC4 3.0.0
2025-01-25 02:34:48,672 [INFO] ThirdParty:1030 - CMSIS Pack Vendor :STMicroelectronics X-CUBE-DPower 1.2.0
2025-01-25 02:34:48,672 [INFO] ThirdParty:1030 - CMSIS Pack Vendor :STMicroelectronics X-CUBE-SUBG2 5.0.0
2025-01-25 02:34:48,672 [INFO] ThirdParty:1030 - CMSIS Pack Vendor :STMicroelectronics STM32_WPAN 1.0.0
2025-01-25 02:34:48,672 [INFO] ThirdParty:1030 - CMSIS Pack Vendor :EmbeddedOffice I-CUBE-FS-RTOS 1.0.1
2025-01-25 02:34:48,672 [INFO] ThirdParty:1030 - CMSIS Pack Vendor :STMicroelectronics lwIP 2.0.3
2025-01-25 02:34:48,672 [INFO] ThirdParty:1030 - CMSIS Pack Vendor :STMicroelectronics FP-SNS-FLIGHT1 5.0.2
2025-01-25 02:34:48,672 [INFO] ThirdParty:1030 - CMSIS Pack Vendor :Cesanta I-CUBE-Mongoose 7.13.0
2025-01-25 02:34:48,672 [INFO] ThirdParty:1030 - CMSIS Pack Vendor :STMicroelectronics USB_HOST 1.0.0
2025-01-25 02:34:48,672 [INFO] ThirdParty:1030 - CMSIS Pack Vendor :Infineon AIROC-Wi-Fi-Bluetooth-STM32 1.7.0
2025-01-25 02:34:48,672 [INFO] ThirdParty:1030 - CMSIS Pack Vendor :STMicroelectronics X-CUBE-AZRTOS-G4 2.0.0
2025-01-25 02:34:48,672 [INFO] ThirdParty:1030 - CMSIS Pack Vendor :STMicroelectronics PDM2PCM 3.1.0
2025-01-25 02:34:48,672 [INFO] ThirdParty:1030 - CMSIS Pack Vendor :STMicroelectronics PDM2PCM 3.3.0
2025-01-25 02:34:48,672 [INFO] ThirdParty:1030 - CMSIS Pack Vendor :STMicroelectronics X-CUBE-DISPLAY 3.0.0
2025-01-25 02:34:48,672 [INFO] ThirdParty:1030 - CMSIS Pack Vendor :STMicroelectronics X-CUBE-TCPP 4.2.0
2025-01-25 02:34:48,672 [INFO] ThirdParty:1030 - CMSIS Pack Vendor :RealThread X-CUBE-RT-Thread_Nano 4.1.1
2025-01-25 02:34:48,672 [INFO] ThirdParty:1030 - CMSIS Pack Vendor :STMicroelectronics X-CUBE-BLE1 7.0.0
2025-01-25 02:34:48,672 [INFO] ThirdParty:1030 - CMSIS Pack Vendor :STMicroelectronics FP-ATR-SIGFOX1 3.2.0
2025-01-25 02:34:48,672 [INFO] ThirdParty:1030 - CMSIS Pack Vendor :STMicroelectronics X-CUBE-NFC10 1.0.0
2025-01-25 02:34:48,672 [INFO] ThirdParty:1030 - CMSIS Pack Vendor :quantropi X-CUBE-qispace-sdk-base 1.9.3
2025-01-25 02:34:48,672 [INFO] ThirdParty:1030 - CMSIS Pack Vendor :STMicroelectronics X-CUBE-BLEMGR 4.0.0
2025-01-25 02:34:48,672 [INFO] ThirdParty:1030 - CMSIS Pack Vendor :STMicroelectronics X-CUBE-EEPRMA1 5.1.0
2025-01-25 02:34:48,672 [INFO] ThirdParty:1030 - CMSIS Pack Vendor :STMicroelectronics HAL Drivers 0.0.0
2025-01-25 02:34:48,672 [INFO] ThirdParty:1030 - CMSIS Pack Vendor :STMicroelectronics MBEDTLS 2.16.2
2025-01-25 02:34:48,672 [INFO] ThirdParty:1030 - CMSIS Pack Vendor :STMicroelectronics X-CUBE-IPS 3.1.0
2025-01-25 02:34:48,672 [INFO] ThirdParty:1030 - CMSIS Pack Vendor :STMicroelectronics X-CUBE-ALS 1.0.2
2025-01-25 02:34:48,672 [INFO] ThirdParty:1030 - CMSIS Pack Vendor :emotas I-CUBE-CANOPEN 1.3.0
2025-01-25 02:34:48,672 [INFO] ThirdParty:1030 - CMSIS Pack Vendor :STMicroelectronics X-CUBE-FREERTOS 1.3.0
2025-01-25 02:34:48,672 [INFO] ThirdParty:1030 - CMSIS Pack Vendor :wolfSSL I-CUBE-wolfSSL 5.7.4
2025-01-25 02:34:48,672 [INFO] ThirdParty:1030 - CMSIS Pack Vendor :STMicroelectronics X-CUBE-NFC7 1.0.1
2025-01-25 02:34:48,672 [INFO] ThirdParty:1030 - CMSIS Pack Vendor :STMicroelectronics MBEDTLS 2.14.1
2025-01-25 02:34:48,672 [INFO] ThirdParty:1030 - CMSIS Pack Vendor :ITTIA_DB I-CUBE-ITTIADB 8.9.0
2025-01-25 02:34:48,672 [INFO] ThirdParty:1030 - CMSIS Pack Vendor :STMicroelectronics X-CUBE-TOUCHGFX 4.24.2
2025-01-25 02:34:48,672 [INFO] ThirdParty:1030 - CMSIS Pack Vendor :STMicroelectronics X-CUBE-TOUCHGFX 4.24.1
2025-01-25 02:34:48,672 [INFO] ThirdParty:1030 - CMSIS Pack Vendor :wolfSSL I-CUBE-wolfTPM 3.4.0
2025-01-25 02:34:48,672 [INFO] ThirdParty:1030 - CMSIS Pack Vendor :portGmbH I-Cube-SoM-uGOAL 1.1.0
2025-01-25 02:34:48,673 [INFO] ThirdParty:1030 - CMSIS Pack Vendor :STMicroelectronics X-CUBE-AI 10.0.0
2025-01-25 02:34:48,673 [INFO] ThirdParty:1030 - CMSIS Pack Vendor :STMicroelectronics ThreadX 1.0.0
2025-01-25 02:34:48,673 [INFO] ThirdParty:1030 - CMSIS Pack Vendor :STMicroelectronics FP-SNS-SMARTAG2 1.2.0
2025-01-25 02:34:48,673 [INFO] ThirdParty:1030 - CMSIS Pack Vendor :STMicroelectronics X-CUBE-MEMS1 11.1.0
2025-01-25 02:34:48,673 [INFO] ThirdParty:1030 - CMSIS Pack Vendor :STMicroelectronics X-CUBE-AZRTOS-WL 2.0.0
2025-01-25 02:34:48,673 [INFO] ThirdParty:1030 - CMSIS Pack Vendor :SEGGER I-CUBE-embOS 1.3.1
2025-01-25 02:34:48,673 [INFO] ThirdParty:1030 - CMSIS Pack Vendor :STMicroelectronics X-CUBE-ALGOBUILD 1.4.0
2025-01-25 02:34:48,673 [INFO] ThirdParty:1030 - CMSIS Pack Vendor :STMicroelectronics FP-SNS-MOTENV1 5.0.0
2025-01-25 02:34:48,673 [INFO] ThirdParty:1030 - CMSIS Pack Vendor :STMicroelectronics USB_DEVICE 1.0.0
2025-01-25 02:34:48,673 [INFO] ThirdParty:1030 - CMSIS Pack Vendor :STMicroelectronics X-CUBE-AZRTOS-H7RS 1.0.0
2025-01-25 02:34:48,673 [INFO] ThirdParty:1030 - CMSIS Pack Vendor :wolfSSL I-CUBE-wolfMQTT 1.19.0
2025-01-25 02:34:48,673 [INFO] ThirdParty:1030 - CMSIS Pack Vendor :STMicroelectronics X-CUBE-AZRTOS-L4 2.0.0
2025-01-25 02:34:48,673 [INFO] ThirdParty:1030 - CMSIS Pack Vendor :STMicroelectronics ThreadX 0.0.2
2025-01-25 02:34:48,673 [INFO] ThirdParty:1030 - CMSIS Pack Vendor :WES I-CUBE-Cesium 1.3.0
2025-01-25 02:34:48,673 [INFO] ThirdParty:1030 - CMSIS Pack Vendor :STMicroelectronics lwIP 2.1.2
2025-01-25 02:34:48,673 [INFO] ThirdParty:1030 - CMSIS Pack Vendor :STMicroelectronics X-CUBE-SFXS2LP1 4.0.0
2025-01-25 02:34:48,673 [INFO] ThirdParty:1030 - CMSIS Pack Vendor :STMicroelectronics X-CUBE-BLE2 3.3.0
2025-01-25 02:34:48,673 [INFO] ThirdParty:1030 - CMSIS Pack Vendor :STMicroelectronics X-CUBE-TOF1 3.4.2
2025-01-25 02:34:48,673 [INFO] ThirdParty:1030 - CMSIS Pack Vendor :STMicroelectronics X-CUBE-AI 9.1.0
2025-01-25 02:34:48,673 [INFO] ThirdParty:1030 - CMSIS Pack Vendor :STMicroelectronics PDM2PCM 3.2.0
2025-01-25 02:34:48,673 [INFO] ThirdParty:1030 - CMSIS Pack Vendor :wolfSSL I-CUBE-wolfSSH 1.4.17
2025-01-25 02:34:48,673 [INFO] ThirdParty:841 - exiting critical section [change project]
2025-01-25 02:34:49,008 [INFO] PinOutPanel:1589 - setPackage(No Configuration,No Configuration)
2025-01-25 02:34:49,009 [INFO] PinOutPanel:1589 - setPackage(STM32F030R8Tx,LQFP64)
2025-01-25 02:34:49,373 [INFO] UtilMem:75 - Before build in PCC Used Memory: 263552408 Bytes (765460480)
2025-01-25 02:34:49,612 [INFO] UtilMem:75 - After build in PCC Used Memory: 303398288 Bytes (765460480)
2025-01-25 02:34:49,640 [INFO] IPUIPlugin:80 - create IPUIPlugin
2025-01-25 02:34:49,640 [INFO] IPUIPlugin:80 - create IPUIPlugin
2025-01-25 02:34:49,640 [INFO] IPUIPlugin:80 - create IPUIPlugin
2025-01-25 02:34:49,640 [INFO] IPUIPlugin:80 - create IPUIPlugin
2025-01-25 02:34:49,640 [INFO] IPUIPlugin:80 - create IPUIPlugin
2025-01-25 02:34:49,640 [INFO] IPUIPlugin:80 - create IPUIPlugin
2025-01-25 02:34:49,640 [INFO] IPUIPlugin:80 - create IPUIPlugin
2025-01-25 02:34:49,641 [INFO] IPUIPlugin:80 - create IPUIPlugin
2025-01-25 02:34:49,641 [INFO] IPUIPlugin:80 - create IPUIPlugin
2025-01-25 02:34:49,641 [INFO] IPUIPlugin:80 - create IPUIPlugin
2025-01-25 02:34:49,641 [INFO] IPUIPlugin:80 - create IPUIPlugin
2025-01-25 02:34:49,641 [INFO] IPUIPlugin:80 - create IPUIPlugin
2025-01-25 02:34:49,641 [INFO] IPUIPlugin:80 - create IPUIPlugin
2025-01-25 02:34:49,641 [INFO] IPUIPlugin:80 - create IPUIPlugin
2025-01-25 02:34:49,641 [INFO] IPUIPlugin:80 - create IPUIPlugin
2025-01-25 02:34:49,641 [INFO] IPUIPlugin:80 - create IPUIPlugin
2025-01-25 02:34:49,642 [INFO] IPUIPlugin:80 - create IPUIPlugin
2025-01-25 02:34:49,642 [INFO] IPUIPlugin:80 - create IPUIPlugin
2025-01-25 02:34:49,642 [INFO] IPUIPlugin:80 - create IPUIPlugin
2025-01-25 02:34:49,642 [INFO] IPUIPlugin:80 - create IPUIPlugin
2025-01-25 02:34:49,642 [INFO] IPUIPlugin:80 - create IPUIPlugin
2025-01-25 02:34:49,642 [INFO] IPUIPlugin:80 - create IPUIPlugin
2025-01-25 02:34:49,642 [INFO] IPUIPlugin:80 - create IPUIPlugin
2025-01-25 02:34:49,643 [INFO] IPUIPlugin:80 - create IPUIPlugin
2025-01-25 02:34:49,643 [INFO] IPUIPlugin:80 - create IPUIPlugin
2025-01-25 02:34:49,643 [INFO] IPUIPlugin:80 - create IPUIPlugin
2025-01-25 02:34:49,699 [INFO] CADModel:165 - CPN selected for project levelSTM32F030R8T6
2025-01-25 02:34:49,699 [INFO] CADModel:114 - Register for checkConnection events
2025-01-25 02:34:49,766 [INFO] OpenFileManager:363 - Restore cursor
2025-01-25 17:02:17,115 [INFO] Activator:176 - 


2025-01-25 17:02:17,170 [INFO] Activator:177 - !SESSION log4j initialized
2025-01-25 17:02:27,882 [INFO] LogOutputStream:77 - [STDOUT_REDIRECT] 
2025-01-25 17:02:30,214 [INFO] ApplicationProperties:184 - Using Application install path: /opt/st/stm32cubeide_1.17.0/plugins/com.st.stm32cube.common.mx_6.13.0.202411220809
2025-01-25 17:02:30,283 [INFO] DbMcusXml:78 - Set database path to: /opt/st/stm32cubeide_1.17.0/plugins/com.st.stm32cube.common.mx_6.13.0.202411220809//db//mcu/
2025-01-25 17:02:30,284 [INFO] ApiDb:274 - Set plugin database path to: /opt/st/stm32cubeide_1.17.0/plugins/com.st.stm32cube.common.mx_6.13.0.202411220809//db//plugins/boardmanager/
2025-01-25 17:02:30,284 [WARN] ApiDb:259 - Overriding images path with different value:  => /opt/st/stm32cubeide_1.17.0/plugins/com.st.stm32cube.common.mx_6.13.0.202411220809//db//plugins/mcufinder/images/
2025-01-25 17:02:30,748 [INFO] ApiDb:250 - Set database path to: /home/scott/.stmcufinder/plugins/mcufinder//mcu/
2025-01-25 17:02:30,751 [INFO] DbMcusAds:125 - Set database path to: /home/scott/.stmcufinder/plugins/mcufinder//mcu/
2025-01-25 17:02:30,756 [INFO] CrossReferenceDbSqlite:203 - Set database path to: /home/scott/.stmcufinder/plugins/mcufinder//mcu/cs/
2025-01-25 17:02:31,033 [INFO] RulesReader:64 - Compatibility file has been processed (297 Rules)
2025-01-25 17:02:31,261 [INFO] DbMcusXml:78 - Set database path to: /opt/st/stm32cubeide_1.17.0/plugins/com.st.stm32cube.common.mx_6.13.0.202411220809//db//mcu/
2025-01-25 17:02:31,262 [INFO] ApiDb:274 - Set plugin database path to: /opt/st/stm32cubeide_1.17.0/plugins/com.st.stm32cube.common.mx_6.13.0.202411220809//db//plugins/boardmanager/
2025-01-25 17:02:31,262 [INFO] ApiDb:261 - Set plugin images path to: /opt/st/stm32cubeide_1.17.0/plugins/com.st.stm32cube.common.mx_6.13.0.202411220809//db//plugins/mcufinder/images/
2025-01-25 17:02:31,262 [WARN] DbFile:41 - Overriding database path with different value: /home/scott/.stmcufinder/plugins/mcufinder/ => /home/scott/.stmcufinder/plugins/mcufinder
2025-01-25 17:02:31,262 [INFO] ApiDb:250 - Set database path to: /home/scott/.stmcufinder/plugins/mcufinder//mcu/
2025-01-25 17:02:31,262 [WARN] DbFile:41 - Overriding database path with different value: /home/scott/.stmcufinder/plugins/mcufinder/ => /home/scott/.stmcufinder/plugins/mcufinder
2025-01-25 17:02:31,262 [INFO] DbMcusAds:125 - Set database path to: /home/scott/.stmcufinder/plugins/mcufinder//mcu/
2025-01-25 17:02:31,262 [WARN] DbFile:41 - Overriding database path with different value: /home/scott/.stmcufinder/plugins/mcufinder/ => /home/scott/.stmcufinder/plugins/mcufinder
2025-01-25 17:02:31,262 [WARN] DbFile:41 - Overriding database path with different value: /home/scott/.stmcufinder/plugins/mcufinder/ => /home/scott/.stmcufinder/plugins/mcufinder
2025-01-25 17:02:31,262 [INFO] CrossReferenceDbSqlite:203 - Set database path to: /home/scott/.stmcufinder/plugins/mcufinder//mcu/cs/
2025-01-25 17:02:31,429 [INFO] MainPanel:272 - HeapMemory: 268435456
2025-01-25 17:02:32,062 [INFO] DbMcusXml:78 - Set database path to: /opt/st/stm32cubeide_1.17.0/plugins/com.st.stm32cube.common.mx_6.13.0.202411220809//db//mcu/
2025-01-25 17:02:32,063 [INFO] ApiDb:274 - Set plugin database path to: /opt/st/stm32cubeide_1.17.0/plugins/com.st.stm32cube.common.mx_6.13.0.202411220809//db//plugins/boardmanager/
2025-01-25 17:02:32,063 [INFO] ApiDb:261 - Set plugin images path to: /opt/st/stm32cubeide_1.17.0/plugins/com.st.stm32cube.common.mx_6.13.0.202411220809//db//plugins/mcufinder/images/
2025-01-25 17:02:32,063 [WARN] DbFile:41 - Overriding database path with different value: /home/scott/.stmcufinder/plugins/mcufinder/ => /home/scott/.stmcufinder/plugins/mcufinder
2025-01-25 17:02:32,063 [INFO] ApiDb:250 - Set database path to: /home/scott/.stmcufinder/plugins/mcufinder//mcu/
2025-01-25 17:02:32,063 [WARN] DbFile:41 - Overriding database path with different value: /home/scott/.stmcufinder/plugins/mcufinder/ => /home/scott/.stmcufinder/plugins/mcufinder
2025-01-25 17:02:32,063 [INFO] DbMcusAds:125 - Set database path to: /home/scott/.stmcufinder/plugins/mcufinder//mcu/
2025-01-25 17:02:32,063 [WARN] DbFile:41 - Overriding database path with different value: /home/scott/.stmcufinder/plugins/mcufinder/ => /home/scott/.stmcufinder/plugins/mcufinder
2025-01-25 17:02:32,064 [WARN] DbFile:41 - Overriding database path with different value: /home/scott/.stmcufinder/plugins/mcufinder/ => /home/scott/.stmcufinder/plugins/mcufinder
2025-01-25 17:02:32,064 [INFO] CrossReferenceDbSqlite:203 - Set database path to: /home/scott/.stmcufinder/plugins/mcufinder//mcu/cs/
2025-01-25 17:02:32,081 [INFO] ApplicationProperties:184 - Using Application install path: /opt/st/stm32cubeide_1.17.0/plugins/com.st.stm32cube.common.mx_6.13.0.202411220809
2025-01-25 17:02:32,083 [INFO] PluginManage:196 - Search for loadable plugins [exclusion list=, ]
2025-01-25 17:02:32,085 [INFO] PluginManage:310 - Check plugin analytics
2025-01-25 17:02:32,408 [INFO] AnalyticsPlugin:253 - Accepted Software Licenses: STM32CubeMX.6.13.0
2025-01-25 17:02:32,408 [INFO] AnalyticsPlugin:255 - Accepted CMSIS Pack Licenses: 
2025-01-25 17:02:32,408 [INFO] AnalyticsPlugin:257 - Accepted Firmware Licenses: 
2025-01-25 17:02:32,412 [INFO] PluginManage:359 - Loaded plugin analytics (category:tool,tabindex:-1)
2025-01-25 17:02:32,412 [INFO] PluginManage:310 - Check plugin cadmodel
2025-01-25 17:02:32,466 [INFO] CADModel:105 - Init CAD model plugin
2025-01-25 17:02:32,467 [INFO] PluginManage:359 - Loaded plugin cadmodel (category:power,tabindex:5)
2025-01-25 17:02:32,467 [INFO] PluginManage:310 - Check plugin clock
2025-01-25 17:02:32,540 [INFO] PluginManage:359 - Loaded plugin clock (category:base,tabindex:2)
2025-01-25 17:02:32,541 [INFO] PluginManage:310 - Check plugin ddr
2025-01-25 17:02:32,546 [INFO] PluginManage:359 - Loaded plugin ddr (category:tool,tabindex:6)
2025-01-25 17:02:32,546 [INFO] PluginManage:310 - Check plugin filemanager
2025-01-25 17:02:32,945 [INFO] PluginManage:359 - Loaded plugin filemanager (category:base,tabindex:10)
2025-01-25 17:02:32,945 [INFO] PluginManage:310 - Check plugin ipmanager
2025-01-25 17:02:33,005 [INFO] PluginManage:359 - Loaded plugin ipmanager (category:base,tabindex:5)
2025-01-25 17:02:33,006 [INFO] PluginManage:310 - Check plugin lpbam
2025-01-25 17:02:33,049 [INFO] PluginManage:359 - Loaded plugin lpbam (category:base,tabindex:0)
2025-01-25 17:02:33,049 [INFO] PluginManage:310 - Check plugin memorymap
2025-01-25 17:02:33,105 [INFO] PluginManage:359 - Loaded plugin memorymap (category:base,tabindex:4)
2025-01-25 17:02:33,105 [INFO] PluginManage:310 - Check plugin pinoutandconfiguration
2025-01-25 17:02:33,173 [INFO] PluginManage:359 - Loaded plugin pinoutandconfiguration (category:base,tabindex:1)
2025-01-25 17:02:33,173 [INFO] PluginManage:310 - Check plugin pinoutconfig
2025-01-25 17:02:33,361 [WARN] SupportedApi:132 - Cannot load RTOS API schema: s4s-elt-must-match.1: The content of 'definitions' must match (annotation?, (simpleType | complexType)?, (unique | key | keyref)*)). A problem was found starting at: attribute.
2025-01-25 17:02:33,535 [INFO] PluginManage:359 - Loaded plugin pinoutconfig (category:base,tabindex:0)
2025-01-25 17:02:33,535 [INFO] PluginManage:310 - Check plugin power
2025-01-25 17:02:33,577 [INFO] PluginManage:359 - Loaded plugin power (category:power,tabindex:4)
2025-01-25 17:02:33,578 [INFO] PluginManage:310 - Check plugin projectmanager
2025-01-25 17:02:33,614 [INFO] PluginManage:359 - Loaded plugin projectmanager (category:projectmanager,tabindex:4)
2025-01-25 17:02:33,614 [INFO] PluginManage:310 - Check plugin rif
2025-01-25 17:02:33,667 [INFO] PluginManage:359 - Loaded plugin rif (category:base,tabindex:3)
2025-01-25 17:02:33,667 [INFO] PluginManage:310 - Check plugin thirdparty
2025-01-25 17:02:34,158 [INFO] PluginManage:359 - Loaded plugin thirdparty (category:base,tabindex:-1)
2025-01-25 17:02:34,158 [INFO] PluginManage:310 - Check plugin tools
2025-01-25 17:02:34,159 [WARN] IntegrityCheckThread:84 - waiting for thirdparty lock release [integrity check]
2025-01-25 17:02:34,160 [INFO] IntegrityCheckThread:86 - entering critical section [integrity check]
2025-01-25 17:02:34,160 [INFO] ThirdPartyUpdaterWithRetryManager:70 - Updater plugin not ready yet. [1/15]
2025-01-25 17:02:34,937 [INFO] PluginManage:359 - Loaded plugin tools (category:base,tabindex:7)
2025-01-25 17:02:34,937 [INFO] PluginManage:310 - Check plugin tutovideos
2025-01-25 17:02:35,240 [INFO] PluginManage:359 - Loaded plugin tutovideos (category:base,tabindex:-1)
2025-01-25 17:02:35,241 [INFO] PluginManage:310 - Check plugin updater
2025-01-25 17:02:35,280 [INFO] PluginManage:359 - Loaded plugin updater (category:base,tabindex:12)
2025-01-25 17:02:35,281 [INFO] PluginManage:310 - Check plugin userauth
2025-01-25 17:02:35,293 [INFO] UserAuth:118 - Init User Auth plugin
2025-01-25 17:02:35,294 [INFO] PluginManage:359 - Loaded plugin userauth (category:base,tabindex:14)
2025-01-25 17:02:35,295 [INFO] PluginManage:283 - PluginManage : Loaded plugins [18]
2025-01-25 17:02:35,627 [INFO] PinOutPanel:1589 - setPackage(No Configuration,No Configuration)
2025-01-25 17:02:35,780 [INFO] CADModel:165 - CPN selected for project level
2025-01-25 17:02:35,781 [INFO] CADModel:114 - Register for checkConnection events
2025-01-25 17:02:35,879 [INFO] IPUIPlugin:80 - create IPUIPlugin
2025-01-25 17:02:35,880 [INFO] PluginManager:220 - loadIPPluginJar : add comp
2025-01-25 17:02:35,909 [INFO] IPUIPlugin:80 - create IPUIPlugin
2025-01-25 17:02:35,909 [INFO] PluginManager:220 - loadIPPluginJar : add ucpd
2025-01-25 17:02:35,911 [INFO] IPUIPlugin:80 - create IPUIPlugin
2025-01-25 17:02:35,912 [INFO] PluginManager:220 - loadIPPluginJar : add dfsdm
2025-01-25 17:02:35,964 [INFO] IPUIPlugin:80 - create IPUIPlugin
2025-01-25 17:02:35,964 [INFO] PluginManager:220 - loadIPPluginJar : add stm32_wpan
2025-01-25 17:02:35,969 [INFO] IPUIPlugin:80 - create IPUIPlugin
2025-01-25 17:02:35,970 [INFO] PluginManager:220 - loadIPPluginJar : add dma3
2025-01-25 17:02:35,972 [INFO] IPUIPlugin:80 - create IPUIPlugin
2025-01-25 17:02:35,972 [INFO] PluginManager:220 - loadIPPluginJar : add fatfs
2025-01-25 17:02:35,974 [INFO] IPUIPlugin:80 - create IPUIPlugin
2025-01-25 17:02:35,974 [INFO] PluginManager:220 - loadIPPluginJar : add spi
2025-01-25 17:02:36,026 [INFO] IPUIPlugin:80 - create IPUIPlugin
2025-01-25 17:02:36,027 [INFO] PluginManager:220 - loadIPPluginJar : add ddr_ctrl_phy
2025-01-25 17:02:36,068 [INFO] IPUIPlugin:80 - create IPUIPlugin
2025-01-25 17:02:36,068 [INFO] PluginManager:220 - loadIPPluginJar : add fmc
2025-01-25 17:02:36,111 [INFO] IPUIPlugin:80 - create IPUIPlugin
2025-01-25 17:02:36,111 [INFO] PluginManager:220 - loadIPPluginJar : add linkedlist
2025-01-25 17:02:36,115 [INFO] IPUIPlugin:80 - create IPUIPlugin
2025-01-25 17:02:36,116 [INFO] PluginManager:220 - loadIPPluginJar : add gfxmmu
2025-01-25 17:02:36,121 [INFO] IPUIPlugin:80 - create IPUIPlugin
2025-01-25 17:02:36,121 [INFO] PluginManager:220 - loadIPPluginJar : add touchsensing
2025-01-25 17:02:36,123 [INFO] IPUIPlugin:80 - create IPUIPlugin
2025-01-25 17:02:36,124 [INFO] PluginManager:220 - loadIPPluginJar : add usart
2025-01-25 17:02:36,176 [INFO] IPUIPlugin:80 - create IPUIPlugin
2025-01-25 17:02:36,177 [INFO] PluginManager:220 - loadIPPluginJar : add gpio
2025-01-25 17:02:36,184 [INFO] IPUIPlugin:80 - create IPUIPlugin
2025-01-25 17:02:36,184 [INFO] PluginManager:220 - loadIPPluginJar : add usbx
2025-01-25 17:02:36,188 [INFO] IPUIPlugin:80 - create IPUIPlugin
2025-01-25 17:02:36,188 [INFO] PluginManager:220 - loadIPPluginJar : add ts
2025-01-25 17:02:36,193 [INFO] IPUIPlugin:80 - create IPUIPlugin
2025-01-25 17:02:36,193 [INFO] PluginManager:220 - loadIPPluginJar : add gtzc
2025-01-25 17:02:36,247 [INFO] IPUIPlugin:80 - create IPUIPlugin
2025-01-25 17:02:36,265 [INFO] PluginManager:220 - loadIPPluginJar : add plateformsettings
2025-01-25 17:02:36,270 [INFO] IPUIPlugin:80 - create IPUIPlugin
2025-01-25 17:02:36,270 [INFO] PluginManager:220 - loadIPPluginJar : add i3c
2025-01-25 17:02:36,318 [INFO] IPUIPlugin:80 - create IPUIPlugin
2025-01-25 17:02:36,318 [INFO] PluginManager:220 - loadIPPluginJar : add mdma
2025-01-25 17:02:36,323 [INFO] IPUIPlugin:80 - create IPUIPlugin
2025-01-25 17:02:36,323 [INFO] PluginManager:220 - loadIPPluginJar : add pdm2pcm
2025-01-25 17:02:36,359 [INFO] IPUIPlugin:80 - create IPUIPlugin
2025-01-25 17:02:36,359 [INFO] PluginManager:220 - loadIPPluginJar : add aes
2025-01-25 17:02:36,369 [INFO] IPUIPlugin:80 - create IPUIPlugin
2025-01-25 17:02:36,370 [INFO] PluginManager:220 - loadIPPluginJar : add gic
2025-01-25 17:02:36,372 [INFO] IPUIPlugin:80 - create IPUIPlugin
2025-01-25 17:02:36,372 [INFO] PluginManager:220 - loadIPPluginJar : add ltdc
2025-01-25 17:02:36,428 [INFO] IPUIPlugin:80 - create IPUIPlugin
2025-01-25 17:02:36,428 [INFO] PluginManager:220 - loadIPPluginJar : add resmgrutility
2025-01-25 17:02:36,432 [INFO] IPUIPlugin:80 - create IPUIPlugin
2025-01-25 17:02:36,432 [INFO] PluginManager:220 - loadIPPluginJar : add tsc
2025-01-25 17:02:36,435 [INFO] IPUIPlugin:80 - create IPUIPlugin
2025-01-25 17:02:36,436 [INFO] PluginManager:220 - loadIPPluginJar : add quadspi
2025-01-25 17:02:36,441 [INFO] IPUIPlugin:80 - create IPUIPlugin
2025-01-25 17:02:36,442 [INFO] PluginManager:220 - loadIPPluginJar : add openamp
2025-01-25 17:02:36,476 [INFO] IPUIPlugin:80 - create IPUIPlugin
2025-01-25 17:02:36,476 [INFO] PluginManager:220 - loadIPPluginJar : add nvic
2025-01-25 17:02:36,483 [INFO] IPUIPlugin:80 - create IPUIPlugin
2025-01-25 17:02:36,483 [INFO] PluginManager:220 - loadIPPluginJar : add sai
2025-01-25 17:02:36,486 [INFO] IPUIPlugin:80 - create IPUIPlugin
2025-01-25 17:02:36,487 [INFO] PluginManager:220 - loadIPPluginJar : add radio
2025-01-25 17:02:36,491 [INFO] IPUIPlugin:80 - create IPUIPlugin
2025-01-25 17:02:36,491 [INFO] PluginManager:220 - loadIPPluginJar : add lorawan
2025-01-25 17:02:36,493 [INFO] IPUIPlugin:80 - create IPUIPlugin
2025-01-25 17:02:36,493 [INFO] PluginManager:220 - loadIPPluginJar : add tim
2025-01-25 17:02:36,496 [INFO] IPUIPlugin:80 - create IPUIPlugin
2025-01-25 17:02:36,496 [INFO] PluginManager:220 - loadIPPluginJar : add cryp
2025-01-25 17:02:36,529 [INFO] IPUIPlugin:80 - create IPUIPlugin
2025-01-25 17:02:36,529 [INFO] PluginManager:220 - loadIPPluginJar : add hash
2025-01-25 17:02:36,571 [INFO] IPUIPlugin:80 - create IPUIPlugin
2025-01-25 17:02:36,572 [INFO] PluginManager:220 - loadIPPluginJar : add adc
2025-01-25 17:02:36,603 [INFO] IPUIPlugin:80 - create IPUIPlugin
2025-01-25 17:02:36,604 [INFO] PluginManager:220 - loadIPPluginJar : add dma
2025-01-25 17:02:36,606 [INFO] IPUIPlugin:80 - create IPUIPlugin
2025-01-25 17:02:36,606 [INFO] PluginManager:220 - loadIPPluginJar : add tracer_emb
2025-01-25 17:02:36,616 [INFO] IPUIPlugin:80 - create IPUIPlugin
2025-01-25 17:02:36,616 [INFO] PluginManager:220 - loadIPPluginJar : add ipddr
2025-01-25 17:02:36,620 [INFO] IPUIPlugin:80 - create IPUIPlugin
2025-01-25 17:02:36,620 [INFO] PluginManager:220 - loadIPPluginJar : add i2s
2025-01-25 17:02:36,654 [INFO] IPUIPlugin:80 - create IPUIPlugin
2025-01-25 17:02:36,654 [INFO] PluginManager:220 - loadIPPluginJar : add freertos
2025-01-25 17:02:36,659 [INFO] IPUIPlugin:80 - create IPUIPlugin
2025-01-25 17:02:36,660 [INFO] PluginManager:220 - loadIPPluginJar : add opamp
2025-01-25 17:02:36,663 [INFO] IPUIPlugin:80 - create IPUIPlugin
2025-01-25 17:02:36,663 [INFO] PluginManager:220 - loadIPPluginJar : add i2c
2025-01-25 17:02:36,666 [INFO] IPUIPlugin:80 - create IPUIPlugin
2025-01-25 17:02:36,666 [INFO] PluginManager:220 - loadIPPluginJar : add extmemmanager
2025-01-25 17:02:36,669 [INFO] IPUIPlugin:80 - create IPUIPlugin
2025-01-25 17:02:36,669 [INFO] PluginManager:220 - loadIPPluginJar : add can
2025-01-25 17:02:36,671 [INFO] IPUIPlugin:80 - create IPUIPlugin
2025-01-25 17:02:36,671 [INFO] PluginManager:220 - loadIPPluginJar : add genericplugin
2025-01-25 17:02:36,781 [FATAL] Updater:351 - Updater called before beeing initialized
2025-01-25 17:02:36,826 [INFO] RulesReader:64 - Compatibility file has been processed (297 Rules)
2025-01-25 17:02:36,841 [INFO] RulesReader:64 - Compatibility file has been processed (297 Rules)
2025-01-25 17:02:36,852 [INFO] CADModel:165 - CPN selected for project level
2025-01-25 17:02:36,852 [INFO] CADModel:114 - Register for checkConnection events
2025-01-25 17:02:36,852 [FATAL] Updater:351 - Updater called before beeing initialized
2025-01-25 17:02:36,853 [ERROR] CADModel:125 - Updater not yet initialized, retry later 
2025-01-25 17:02:37,129 [FATAL] Updater:351 - Updater called before beeing initialized
2025-01-25 17:02:37,131 [INFO] CADModel:165 - CPN selected for project level
2025-01-25 17:02:37,131 [INFO] CADModel:114 - Register for checkConnection events
2025-01-25 17:02:37,131 [FATAL] Updater:351 - Updater called before beeing initialized
2025-01-25 17:02:37,131 [ERROR] CADModel:125 - Updater not yet initialized, retry later 
2025-01-25 17:02:37,135 [FATAL] Updater:351 - Updater called before beeing initialized
2025-01-25 17:02:37,161 [INFO] ThirdPartyUpdaterWithRetryManager:70 - Updater plugin not ready yet. [2/15]
2025-01-25 17:02:37,229 [FATAL] Updater:351 - Updater called before beeing initialized
2025-01-25 17:02:37,244 [INFO] DbMcusAds:53 - JSON generation date=Tue Dec 17 11:01:15 EST 2024 (1734451275222)
2025-01-25 17:02:37,244 [FATAL] Updater:351 - Updater called before beeing initialized
2025-01-25 17:02:37,376 [WARN] DetailPanel:346 - Failed to get advertising image, set to default
2025-01-25 17:02:37,605 [FATAL] Updater:351 - Updater called before beeing initialized
2025-01-25 17:02:37,623 [FATAL] Updater:351 - Updater called before beeing initialized
2025-01-25 17:02:37,624 [FATAL] Updater:351 - Updater called before beeing initialized
2025-01-25 17:02:37,624 [WARN] DetailPanel:346 - Failed to get advertising image, set to default
2025-01-25 17:02:37,625 [FATAL] Updater:351 - Updater called before beeing initialized
2025-01-25 17:02:37,695 [ERROR] Updater:1198 - MainUpdater not yet initialized. External WinMGr cannot be set.
2025-01-25 17:02:37,721 [INFO] Updater:1134 - Updater Version found : 6.13.0
2025-01-25 17:02:37,749 [INFO] ApplicationProperties:184 - Using Application install path: /opt/st/stm32cubeide_1.17.0/plugins/com.st.stm32cube.common.mx_6.13.0.202411220809
2025-01-25 17:02:38,437 [INFO] MainUpdater:2872 - connection check result : 10
2025-01-25 17:02:38,437 [INFO] MainUpdater:289 - Updater Check For Update Now.
2025-01-25 17:02:38,438 [INFO] MicroXplorer:498 - Change Database Version : DB.6.0.130
2025-01-25 17:02:38,443 [INFO] McuFinderGlobals:63 - Set McuFinder mode to 2 (CubeIDE integrated)
2025-01-25 17:02:38,443 [INFO] UserAuth:171 - activating auth plugin
2025-01-25 17:02:38,449 [INFO] UserAuth:486 - Internet connection configuration mode: 1
2025-01-25 17:02:38,608 [INFO] JxBrowserEngine:152 - Initiate JxBrowser Engine with user profile folder
2025-01-25 17:02:38,763 [INFO] CheckServerUpdateThread:120 - End of CheckServer Thread
2025-01-25 17:02:43,426 [WARN] PackLoader:240 - Cannot read IP mode file for STMicroelectronics.FP-SNS-MOTENVWB1.1.4.0
2025-01-25 17:02:43,469 [WARN] PackLoader:240 - Cannot read IP mode file for STMicroelectronics.FP-ATR-ASTRA1.2.0.1
2025-01-25 17:02:43,701 [WARN] PackLoader:240 - Cannot read IP mode file for STMicroelectronics.X-CUBE-SMBUS.2.1.0
2025-01-25 17:02:43,723 [WARN] PackLoader:240 - Cannot read IP mode file for STMicroelectronics.X-CUBE-WB05N.1.1.0
2025-01-25 17:02:44,004 [WARN] PackLoader:240 - Cannot read IP mode file for STMicroelectronics.X-CUBE-AZRTOS-F7.1.1.0
2025-01-25 17:02:44,047 [WARN] PackLoader:240 - Cannot read IP mode file for STMicroelectronics.FP-SNS-FLIGHT1.5.0.2
2025-01-25 17:02:44,105 [WARN] PackLoader:240 - Cannot read IP mode file for Infineon.AIROC-Wi-Fi-Bluetooth-STM32.1.7.0
2025-01-25 17:02:44,161 [WARN] PackLoader:240 - Cannot read IP mode file for STMicroelectronics.X-CUBE-DISPLAY.3.0.0
2025-01-25 17:02:44,231 [WARN] PackLoader:240 - Cannot read IP mode file for STMicroelectronics.X-CUBE-BLE1.7.0.0
2025-01-25 17:02:44,279 [WARN] PackLoader:240 - Cannot read IP mode file for STMicroelectronics.X-CUBE-NFC10.1.0.0
2025-01-25 17:02:44,392 [WARN] PackLoader:240 - Cannot read IP mode file for STMicroelectronics.X-CUBE-BLEMGR.4.0.0
2025-01-25 17:02:44,443 [WARN] PackLoader:240 - Cannot read IP mode file for emotas.I-CUBE-CANOPEN.1.3.0
2025-01-25 17:02:44,684 [WARN] PackLoader:240 - Cannot read IP mode file for STMicroelectronics.X-CUBE-AI.10.0.0
2025-01-25 17:02:44,798 [WARN] PackLoader:240 - Cannot read IP mode file for STMicroelectronics.FP-SNS-SMARTAG2.1.2.0
2025-01-25 17:02:44,883 [WARN] PackLoader:240 - Cannot read IP mode file for STMicroelectronics.X-CUBE-MEMS1.11.1.0
2025-01-25 17:02:45,274 [INFO] LogOutputStream:77 - [STDOUT_REDIRECT] 1 : Invalid condition id : UX_CORESTACK_Condition cause : null
2025-01-25 17:02:45,276 [INFO] LogOutputStream:77 - [STDOUT_REDIRECT] 1 : Invalid condition id : UX_CORESTACK_Condition cause : null
2025-01-25 17:02:45,276 [INFO] LogOutputStream:77 - [STDOUT_REDIRECT] 1 : Invalid condition id : UX_CORESTACK_Condition cause : null
2025-01-25 17:02:45,277 [INFO] LogOutputStream:77 - [STDOUT_REDIRECT] 1 : Invalid condition id : UX_CORESTACK_Condition cause : null
2025-01-25 17:02:45,277 [INFO] LogOutputStream:77 - [STDOUT_REDIRECT] 1 : Invalid condition id : UX_CORESTACK_Condition cause : null
2025-01-25 17:02:45,283 [WARN] PackLoader:240 - Cannot read IP mode file for STMicroelectronics.X-CUBE-AZRTOS-WL.2.0.0
2025-01-25 17:02:45,430 [WARN] PackLoader:240 - Cannot read IP mode file for STMicroelectronics.FP-SNS-MOTENV1.5.0.0
2025-01-25 17:02:45,463 [WARN] PackLoader:240 - Cannot read IP mode file for wolfSSL.I-CUBE-wolfMQTT.1.19.0
2025-01-25 17:02:45,560 [WARN] PackLoader:240 - Cannot read IP mode file for WES.I-CUBE-Cesium.1.3.0
2025-01-25 17:02:46,018 [WARN] PackLoader:240 - Cannot read IP mode file for STMicroelectronics.X-CUBE-BLE2.3.3.0
2025-01-25 17:02:46,122 [WARN] PackLoader:240 - Cannot read IP mode file for STMicroelectronics.X-CUBE-NFC9.1.0.0
2025-01-25 17:02:46,268 [WARN] PackLoader:240 - Cannot read IP mode file for STMicroelectronics.X-CUBE-AZRTOS-G0.1.1.0
2025-01-25 17:02:46,400 [WARN] PackLoader:240 - Cannot read IP mode file for STMicroelectronics.X-CUBE-SAFEA1.1.2.2
2025-01-25 17:02:46,644 [WARN] PackLoader:240 - Cannot read IP mode file for STMicroelectronics.X-CUBE-NFC4.3.0.0
2025-01-25 17:02:46,809 [WARN] PackLoader:240 - Cannot read IP mode file for EmbeddedOffice.I-CUBE-FS-RTOS.1.0.1
2025-01-25 17:02:46,921 [WARN] PackLoader:240 - Cannot read IP mode file for STMicroelectronics.X-CUBE-TCPP.4.2.0
2025-01-25 17:02:47,029 [WARN] PackLoader:240 - Cannot read IP mode file for RealThread.X-CUBE-RT-Thread_Nano.4.1.1
2025-01-25 17:02:47,129 [WARN] PackLoader:240 - Cannot read IP mode file for STMicroelectronics.FP-ATR-SIGFOX1.3.2.0
2025-01-25 17:02:47,192 [WARN] ConditionMgr:438 - getConditionDescription Invalid condition id : Cortex-A Device cause : null
2025-01-25 17:02:47,282 [WARN] ConditionMgr:1044 - genDependencies : Invalid condition id : Cortex-A Device cause : null
2025-01-25 17:02:47,282 [WARN] ConditionMgr:1044 - genDependencies : Invalid condition id : Cortex-A Device cause : null
2025-01-25 17:02:47,282 [WARN] ConditionMgr:1044 - genDependencies : Invalid condition id : Cortex-A Device cause : null
2025-01-25 17:02:47,552 [WARN] PackLoader:240 - Cannot read IP mode file for STMicroelectronics.X-CUBE-EEPRMA1.5.1.0
2025-01-25 17:02:47,640 [WARN] PackLoader:240 - Cannot read IP mode file for wolfSSL.I-CUBE-wolfSSL.5.7.4
2025-01-25 17:02:47,762 [WARN] PackLoader:240 - Cannot read IP mode file for ITTIA_DB.I-CUBE-ITTIADB.8.9.0
2025-01-25 17:02:47,915 [WARN] PackLoader:240 - Cannot read IP mode file for SEGGER.I-CUBE-embOS.1.3.1
2025-01-25 17:02:48,043 [WARN] PackLoader:240 - Cannot read IP mode file for STMicroelectronics.X-CUBE-ALGOBUILD.1.4.0
2025-01-25 17:02:48,106 [WARN] PackLoader:240 - Cannot read IP mode file for STMicroelectronics.X-CUBE-AI.9.1.0
2025-01-25 17:02:48,320 [WARN] PackLoader:240 - Cannot read IP mode file for STMicroelectronics.X-CUBE-AZRTOS-F4.1.1.0
2025-01-25 17:02:48,390 [WARN] PackLoader:240 - Cannot read IP mode file for STMicroelectronics.X-CUBE-ISPU.2.1.0
2025-01-25 17:02:48,564 [WARN] PackLoader:240 - Cannot read IP mode file for STMicroelectronics.X-CUBE-AZRTOS-L5.2.0.0
2025-01-25 17:02:48,681 [WARN] PackLoader:240 - Cannot read IP mode file for STMicroelectronics.X-CUBE-NFC6.3.1.0
2025-01-25 17:02:48,814 [WARN] PackLoader:240 - Cannot read IP mode file for STMicroelectronics.X-CUBE-DPower.1.2.0
2025-01-25 17:02:48,925 [WARN] PackLoader:240 - Cannot read IP mode file for STMicroelectronics.X-CUBE-FREERTOS.1.3.0
2025-01-25 17:02:50,058 [WARN] PackLoader:240 - Cannot read IP mode file for STMicroelectronics.X-CUBE-NFC7.1.0.1
2025-01-25 17:02:50,250 [WARN] ConditionMgr:438 - getConditionDescription Invalid condition id : LAN8742 Phy interface Condition cause : null
2025-01-25 17:02:50,251 [WARN] PackLoader:240 - Cannot read IP mode file for STMicroelectronics.X-CUBE-AZRTOS-L4.2.0.0
2025-01-25 17:02:50,252 [WARN] ConditionMgr:1044 - genDependencies : Invalid condition id : LAN8742 Phy interface Condition cause : null
2025-01-25 17:02:50,252 [WARN] ConditionMgr:1044 - genDependencies : Invalid condition id : LAN8742 Phy interface Condition cause : null
2025-01-25 17:02:50,252 [WARN] ConditionMgr:1044 - genDependencies : Invalid condition id : LAN8742 Phy interface Condition cause : null
2025-01-25 17:02:50,386 [WARN] PackLoader:240 - Cannot read IP mode file for STMicroelectronics.X-CUBE-SFXS2LP1.4.0.0
2025-01-25 17:02:50,693 [WARN] PackLoader:240 - Cannot read IP mode file for STMicroelectronics.X-CUBE-AZRTOS-H7.3.3.0
2025-01-25 17:02:50,809 [WARN] PackLoader:240 - Cannot read IP mode file for STMicroelectronics.X-CUBE-IPS.3.0.0
2025-01-25 17:02:50,971 [WARN] ConditionMgr:438 - getConditionDescription Invalid condition id : UX DEVICE CLASS RTOS Condition cause : null
2025-01-25 17:02:50,971 [WARN] ConditionMgr:438 - getConditionDescription Invalid condition id : UX DEVICE CLASS RTOS Condition cause : null
2025-01-25 17:02:50,974 [WARN] PackLoader:240 - Cannot read IP mode file for STMicroelectronics.X-CUBE-AZRTOS-WB.2.0.0
2025-01-25 17:02:50,974 [WARN] ConditionMgr:1044 - genDependencies : Invalid condition id : UX DEVICE CLASS RTOS Condition cause : null
2025-01-25 17:02:50,975 [WARN] ConditionMgr:1044 - genDependencies : Invalid condition id : UX DEVICE CLASS RTOS Condition cause : null
2025-01-25 17:02:50,975 [WARN] ConditionMgr:1044 - genDependencies : Invalid condition id : UX DEVICE CLASS RTOS Condition cause : null
2025-01-25 17:02:50,976 [WARN] ConditionMgr:1044 - genDependencies : Invalid condition id : UX DEVICE CLASS RTOS Condition cause : null
2025-01-25 17:02:50,976 [WARN] ConditionMgr:1044 - genDependencies : Invalid condition id : UX DEVICE CLASS RTOS Condition cause : null
2025-01-25 17:02:51,069 [WARN] PackLoader:240 - Cannot read IP mode file for STMicroelectronics.X-CUBE-GNSS1.7.0.1
2025-01-25 17:02:51,248 [WARN] PackLoader:240 - Cannot read IP mode file for STMicroelectronics.FP-SNS-STBOX1.2.0.0
2025-01-25 17:02:51,375 [WARN] PackLoader:240 - Cannot read IP mode file for STMicroelectronics.X-CUBE-SUBG2.5.0.0
2025-01-25 17:02:51,669 [WARN] PackLoader:240 - Cannot read IP mode file for Cesanta.I-CUBE-Mongoose.7.13.0
2025-01-25 17:02:51,840 [WARN] PackLoader:240 - Cannot read IP mode file for STMicroelectronics.X-CUBE-AZRTOS-G4.2.0.0
2025-01-25 17:02:51,981 [WARN] PackLoader:240 - Cannot read IP mode file for STMicroelectronics.X-CUBE-IPS.3.1.0
2025-01-25 17:02:52,057 [WARN] PackLoader:240 - Cannot read IP mode file for STMicroelectronics.X-CUBE-ALS.1.0.2
2025-01-25 17:02:52,148 [WARN] PackLoader:240 - Cannot read IP mode file for STMicroelectronics.X-CUBE-TOUCHGFX.4.24.2
2025-01-25 17:02:52,259 [WARN] PackLoader:240 - Cannot read IP mode file for STMicroelectronics.X-CUBE-TOUCHGFX.4.24.1
2025-01-25 17:02:52,432 [WARN] PackLoader:240 - Cannot read IP mode file for wolfSSL.I-CUBE-wolfTPM.3.4.0
2025-01-25 17:02:53,525 [WARN] PackLoader:240 - Cannot read IP mode file for portGmbH.I-Cube-SoM-uGOAL.1.1.0
2025-01-25 17:02:53,826 [WARN] PackLoader:240 - Cannot read IP mode file for STMicroelectronics.X-CUBE-AZRTOS-H7RS.1.0.0
2025-01-25 17:02:54,113 [WARN] PackLoader:240 - Cannot read IP mode file for STMicroelectronics.X-CUBE-TOF1.3.4.2
2025-01-25 17:02:54,306 [WARN] PackLoader:240 - Cannot read IP mode file for wolfSSL.I-CUBE-wolfSSH.1.4.17
2025-01-25 17:02:54,307 [INFO] ThirdParty:978 - Integrity check success = true
2025-01-25 17:02:54,307 [INFO] IntegrityCheckThread:100 - exiting critical section [integrity check]
2025-01-25 17:02:54,307 [INFO] IntegrityCheckThread:103 - End integrity checks thread
2025-01-25 17:03:07,513 [INFO] WebApp:168 - Instantiating new browser for Auth
2025-01-25 17:03:22,723 [INFO] WebApp:449 - Apply proxy settings
2025-01-25 17:03:22,724 [INFO] WebApp:534 - Chromium requires no authentication
2025-01-25 17:03:23,051 [INFO] WebApp:477 - Direct internet connection detected
2025-01-25 17:03:24,684 [INFO] WebApp:880 - Register for checkConnection events
2025-01-25 17:03:24,684 [INFO] WebApp:449 - Apply proxy settings
2025-01-25 17:03:24,685 [INFO] WebApp:534 - Chromium requires no authentication
2025-01-25 17:03:24,686 [INFO] WebApp:477 - Direct internet connection detected
2025-01-25 17:03:28,847 [INFO] WebApp:221 - Starting web application
2025-01-25 17:03:28,847 [INFO] WebApp:579 - Web application path used /opt/st/stm32cubeide_1.17.0/plugins/com.st.stm32cube.common.mx_6.13.0.202411220809/db/plugins/mcufinder/reactClient1/index.html
2025-01-25 17:03:29,754 [INFO] WebApp:187 - Connection restablished
2025-01-25 17:15:25,526 [ERROR] LogOutputStream:75 - [STDERR_REDIRECT] 
