2025-01-23 01:59:43,300 [INFO] Activator:176 - 


2025-01-23 01:59:43,304 [INFO] Activator:177 - !SESSION log4j initialized
2025-01-23 01:59:54,336 [INFO] LogOutputStream:77 - [STDOUT_REDIRECT] 
2025-01-23 01:59:59,557 [INFO] ApplicationProperties:184 - Using Application install path: /opt/st/stm32cubeide_1.17.0/plugins/com.st.stm32cube.common.mx_6.13.0.202411220809
2025-01-23 01:59:59,613 [INFO] DbMcusXml:78 - Set database path to: /opt/st/stm32cubeide_1.17.0/plugins/com.st.stm32cube.common.mx_6.13.0.202411220809//db//mcu/
2025-01-23 01:59:59,614 [INFO] ApiDb:274 - Set plugin database path to: /opt/st/stm32cubeide_1.17.0/plugins/com.st.stm32cube.common.mx_6.13.0.202411220809//db//plugins/boardmanager/
2025-01-23 01:59:59,614 [WARN] ApiDb:259 - Overriding images path with different value:  => /opt/st/stm32cubeide_1.17.0/plugins/com.st.stm32cube.common.mx_6.13.0.202411220809//db//plugins/mcufinder/images/
2025-01-23 01:59:59,830 [INFO] ApiDb:250 - Set database path to: /home/scott/.stmcufinder/plugins/mcufinder//mcu/
2025-01-23 01:59:59,832 [INFO] DbMcusAds:125 - Set database path to: /home/scott/.stmcufinder/plugins/mcufinder//mcu/
2025-01-23 01:59:59,836 [INFO] CrossReferenceDbSqlite:203 - Set database path to: /home/scott/.stmcufinder/plugins/mcufinder//mcu/cs/
2025-01-23 02:00:00,147 [INFO] RulesReader:64 - Compatibility file has been processed (297 Rules)
2025-01-23 02:00:00,367 [INFO] DbMcusXml:78 - Set database path to: /opt/st/stm32cubeide_1.17.0/plugins/com.st.stm32cube.common.mx_6.13.0.202411220809//db//mcu/
2025-01-23 02:00:00,367 [INFO] ApiDb:274 - Set plugin database path to: /opt/st/stm32cubeide_1.17.0/plugins/com.st.stm32cube.common.mx_6.13.0.202411220809//db//plugins/boardmanager/
2025-01-23 02:00:00,367 [INFO] ApiDb:261 - Set plugin images path to: /opt/st/stm32cubeide_1.17.0/plugins/com.st.stm32cube.common.mx_6.13.0.202411220809//db//plugins/mcufinder/images/
2025-01-23 02:00:00,368 [WARN] DbFile:41 - Overriding database path with different value: /home/scott/.stmcufinder/plugins/mcufinder/ => /home/scott/.stmcufinder/plugins/mcufinder
2025-01-23 02:00:00,368 [INFO] ApiDb:250 - Set database path to: /home/scott/.stmcufinder/plugins/mcufinder//mcu/
2025-01-23 02:00:00,368 [WARN] DbFile:41 - Overriding database path with different value: /home/scott/.stmcufinder/plugins/mcufinder/ => /home/scott/.stmcufinder/plugins/mcufinder
2025-01-23 02:00:00,368 [INFO] DbMcusAds:125 - Set database path to: /home/scott/.stmcufinder/plugins/mcufinder//mcu/
2025-01-23 02:00:00,368 [WARN] DbFile:41 - Overriding database path with different value: /home/scott/.stmcufinder/plugins/mcufinder/ => /home/scott/.stmcufinder/plugins/mcufinder
2025-01-23 02:00:00,369 [WARN] DbFile:41 - Overriding database path with different value: /home/scott/.stmcufinder/plugins/mcufinder/ => /home/scott/.stmcufinder/plugins/mcufinder
2025-01-23 02:00:00,369 [INFO] CrossReferenceDbSqlite:203 - Set database path to: /home/scott/.stmcufinder/plugins/mcufinder//mcu/cs/
2025-01-23 02:00:00,614 [INFO] MainPanel:272 - HeapMemory: 268435456
2025-01-23 02:00:01,198 [INFO] DbMcusXml:78 - Set database path to: /opt/st/stm32cubeide_1.17.0/plugins/com.st.stm32cube.common.mx_6.13.0.202411220809//db//mcu/
2025-01-23 02:00:01,198 [INFO] ApiDb:274 - Set plugin database path to: /opt/st/stm32cubeide_1.17.0/plugins/com.st.stm32cube.common.mx_6.13.0.202411220809//db//plugins/boardmanager/
2025-01-23 02:00:01,198 [INFO] ApiDb:261 - Set plugin images path to: /opt/st/stm32cubeide_1.17.0/plugins/com.st.stm32cube.common.mx_6.13.0.202411220809//db//plugins/mcufinder/images/
2025-01-23 02:00:01,199 [WARN] DbFile:41 - Overriding database path with different value: /home/scott/.stmcufinder/plugins/mcufinder/ => /home/scott/.stmcufinder/plugins/mcufinder
2025-01-23 02:00:01,199 [INFO] ApiDb:250 - Set database path to: /home/scott/.stmcufinder/plugins/mcufinder//mcu/
2025-01-23 02:00:01,199 [WARN] DbFile:41 - Overriding database path with different value: /home/scott/.stmcufinder/plugins/mcufinder/ => /home/scott/.stmcufinder/plugins/mcufinder
2025-01-23 02:00:01,199 [INFO] DbMcusAds:125 - Set database path to: /home/scott/.stmcufinder/plugins/mcufinder//mcu/
2025-01-23 02:00:01,199 [WARN] DbFile:41 - Overriding database path with different value: /home/scott/.stmcufinder/plugins/mcufinder/ => /home/scott/.stmcufinder/plugins/mcufinder
2025-01-23 02:00:01,199 [WARN] DbFile:41 - Overriding database path with different value: /home/scott/.stmcufinder/plugins/mcufinder/ => /home/scott/.stmcufinder/plugins/mcufinder
2025-01-23 02:00:01,199 [INFO] CrossReferenceDbSqlite:203 - Set database path to: /home/scott/.stmcufinder/plugins/mcufinder//mcu/cs/
2025-01-23 02:00:01,217 [INFO] ApplicationProperties:184 - Using Application install path: /opt/st/stm32cubeide_1.17.0/plugins/com.st.stm32cube.common.mx_6.13.0.202411220809
2025-01-23 02:00:01,219 [INFO] PluginManage:196 - Search for loadable plugins [exclusion list=, ]
2025-01-23 02:00:01,220 [INFO] PluginManage:310 - Check plugin analytics
2025-01-23 02:00:01,521 [INFO] AnalyticsPlugin:253 - Accepted Software Licenses: STM32CubeMX.6.13.0
2025-01-23 02:00:01,521 [INFO] AnalyticsPlugin:255 - Accepted CMSIS Pack Licenses: 
2025-01-23 02:00:01,521 [INFO] AnalyticsPlugin:257 - Accepted Firmware Licenses: 
2025-01-23 02:00:01,523 [INFO] PluginManage:359 - Loaded plugin analytics (category:tool,tabindex:-1)
2025-01-23 02:00:01,524 [INFO] PluginManage:310 - Check plugin cadmodel
2025-01-23 02:00:01,557 [INFO] CADModel:105 - Init CAD model plugin
2025-01-23 02:00:01,557 [INFO] PluginManage:359 - Loaded plugin cadmodel (category:power,tabindex:5)
2025-01-23 02:00:01,558 [INFO] PluginManage:310 - Check plugin clock
2025-01-23 02:00:01,633 [INFO] PluginManage:359 - Loaded plugin clock (category:base,tabindex:2)
2025-01-23 02:00:01,634 [INFO] PluginManage:310 - Check plugin ddr
2025-01-23 02:00:01,652 [INFO] PluginManage:359 - Loaded plugin ddr (category:tool,tabindex:6)
2025-01-23 02:00:01,652 [INFO] PluginManage:310 - Check plugin filemanager
2025-01-23 02:00:02,438 [INFO] PluginManage:359 - Loaded plugin filemanager (category:base,tabindex:10)
2025-01-23 02:00:02,438 [INFO] PluginManage:310 - Check plugin ipmanager
2025-01-23 02:00:02,473 [INFO] PluginManage:359 - Loaded plugin ipmanager (category:base,tabindex:5)
2025-01-23 02:00:02,473 [INFO] PluginManage:310 - Check plugin lpbam
2025-01-23 02:00:02,509 [INFO] PluginManage:359 - Loaded plugin lpbam (category:base,tabindex:0)
2025-01-23 02:00:02,510 [INFO] PluginManage:310 - Check plugin memorymap
2025-01-23 02:00:02,594 [INFO] PluginManage:359 - Loaded plugin memorymap (category:base,tabindex:4)
2025-01-23 02:00:02,594 [INFO] PluginManage:310 - Check plugin pinoutandconfiguration
2025-01-23 02:00:02,664 [INFO] PluginManage:359 - Loaded plugin pinoutandconfiguration (category:base,tabindex:1)
2025-01-23 02:00:02,664 [INFO] PluginManage:310 - Check plugin pinoutconfig
2025-01-23 02:00:02,886 [WARN] SupportedApi:132 - Cannot load RTOS API schema: s4s-elt-must-match.1: The content of 'definitions' must match (annotation?, (simpleType | complexType)?, (unique | key | keyref)*)). A problem was found starting at: attribute.
2025-01-23 02:00:03,134 [INFO] PluginManage:359 - Loaded plugin pinoutconfig (category:base,tabindex:0)
2025-01-23 02:00:03,134 [INFO] PluginManage:310 - Check plugin power
2025-01-23 02:00:03,167 [INFO] PluginManage:359 - Loaded plugin power (category:power,tabindex:4)
2025-01-23 02:00:03,167 [INFO] PluginManage:310 - Check plugin projectmanager
2025-01-23 02:00:03,210 [INFO] PluginManage:359 - Loaded plugin projectmanager (category:projectmanager,tabindex:4)
2025-01-23 02:00:03,211 [INFO] PluginManage:310 - Check plugin rif
2025-01-23 02:00:03,266 [INFO] PluginManage:359 - Loaded plugin rif (category:base,tabindex:3)
2025-01-23 02:00:03,266 [INFO] PluginManage:310 - Check plugin thirdparty
2025-01-23 02:00:03,714 [WARN] IntegrityCheckThread:84 - waiting for thirdparty lock release [integrity check]
2025-01-23 02:00:03,715 [INFO] IntegrityCheckThread:86 - entering critical section [integrity check]
2025-01-23 02:00:03,715 [INFO] PluginManage:359 - Loaded plugin thirdparty (category:base,tabindex:-1)
2025-01-23 02:00:03,715 [INFO] ThirdPartyUpdaterWithRetryManager:70 - Updater plugin not ready yet. [1/15]
2025-01-23 02:00:03,715 [INFO] PluginManage:310 - Check plugin tools
2025-01-23 02:00:03,749 [INFO] PluginManage:359 - Loaded plugin tools (category:base,tabindex:7)
2025-01-23 02:00:03,750 [INFO] PluginManage:310 - Check plugin tutovideos
2025-01-23 02:00:04,199 [INFO] PluginManage:359 - Loaded plugin tutovideos (category:base,tabindex:-1)
2025-01-23 02:00:04,200 [INFO] PluginManage:310 - Check plugin updater
2025-01-23 02:00:04,498 [INFO] PluginManage:359 - Loaded plugin updater (category:base,tabindex:12)
2025-01-23 02:00:04,499 [INFO] PluginManage:310 - Check plugin userauth
2025-01-23 02:00:04,517 [INFO] UserAuth:118 - Init User Auth plugin
2025-01-23 02:00:04,519 [INFO] PluginManage:359 - Loaded plugin userauth (category:base,tabindex:14)
2025-01-23 02:00:04,520 [INFO] PluginManage:283 - PluginManage : Loaded plugins [18]
2025-01-23 02:00:04,933 [INFO] PinOutPanel:1589 - setPackage(No Configuration,No Configuration)
2025-01-23 02:00:05,112 [INFO] CADModel:165 - CPN selected for project level
2025-01-23 02:00:05,112 [INFO] CADModel:114 - Register for checkConnection events
2025-01-23 02:00:05,240 [INFO] IPUIPlugin:80 - create IPUIPlugin
2025-01-23 02:00:05,241 [INFO] PluginManager:220 - loadIPPluginJar : add comp
2025-01-23 02:00:05,279 [INFO] IPUIPlugin:80 - create IPUIPlugin
2025-01-23 02:00:05,279 [INFO] PluginManager:220 - loadIPPluginJar : add ucpd
2025-01-23 02:00:05,284 [INFO] IPUIPlugin:80 - create IPUIPlugin
2025-01-23 02:00:05,284 [INFO] PluginManager:220 - loadIPPluginJar : add dfsdm
2025-01-23 02:00:05,335 [INFO] IPUIPlugin:80 - create IPUIPlugin
2025-01-23 02:00:05,336 [INFO] PluginManager:220 - loadIPPluginJar : add stm32_wpan
2025-01-23 02:00:05,340 [INFO] IPUIPlugin:80 - create IPUIPlugin
2025-01-23 02:00:05,341 [INFO] PluginManager:220 - loadIPPluginJar : add dma3
2025-01-23 02:00:05,343 [INFO] IPUIPlugin:80 - create IPUIPlugin
2025-01-23 02:00:05,343 [INFO] PluginManager:220 - loadIPPluginJar : add fatfs
2025-01-23 02:00:05,346 [INFO] IPUIPlugin:80 - create IPUIPlugin
2025-01-23 02:00:05,346 [INFO] PluginManager:220 - loadIPPluginJar : add spi
2025-01-23 02:00:05,382 [INFO] IPUIPlugin:80 - create IPUIPlugin
2025-01-23 02:00:05,382 [INFO] PluginManager:220 - loadIPPluginJar : add ddr_ctrl_phy
2025-01-23 02:00:05,390 [INFO] IPUIPlugin:80 - create IPUIPlugin
2025-01-23 02:00:05,391 [INFO] PluginManager:220 - loadIPPluginJar : add fmc
2025-01-23 02:00:05,433 [INFO] IPUIPlugin:80 - create IPUIPlugin
2025-01-23 02:00:05,433 [INFO] PluginManager:220 - loadIPPluginJar : add linkedlist
2025-01-23 02:00:05,440 [INFO] IPUIPlugin:80 - create IPUIPlugin
2025-01-23 02:00:05,440 [INFO] PluginManager:220 - loadIPPluginJar : add gfxmmu
2025-01-23 02:00:05,446 [INFO] IPUIPlugin:80 - create IPUIPlugin
2025-01-23 02:00:05,447 [INFO] PluginManager:220 - loadIPPluginJar : add touchsensing
2025-01-23 02:00:05,450 [INFO] IPUIPlugin:80 - create IPUIPlugin
2025-01-23 02:00:05,450 [INFO] PluginManager:220 - loadIPPluginJar : add usart
2025-01-23 02:00:05,491 [INFO] IPUIPlugin:80 - create IPUIPlugin
2025-01-23 02:00:05,491 [INFO] PluginManager:220 - loadIPPluginJar : add gpio
2025-01-23 02:00:05,497 [INFO] IPUIPlugin:80 - create IPUIPlugin
2025-01-23 02:00:05,497 [INFO] PluginManager:220 - loadIPPluginJar : add usbx
2025-01-23 02:00:05,501 [INFO] IPUIPlugin:80 - create IPUIPlugin
2025-01-23 02:00:05,502 [INFO] PluginManager:220 - loadIPPluginJar : add ts
2025-01-23 02:00:05,506 [INFO] IPUIPlugin:80 - create IPUIPlugin
2025-01-23 02:00:05,506 [INFO] PluginManager:220 - loadIPPluginJar : add gtzc
2025-01-23 02:00:05,559 [INFO] IPUIPlugin:80 - create IPUIPlugin
2025-01-23 02:00:05,567 [INFO] PluginManager:220 - loadIPPluginJar : add plateformsettings
2025-01-23 02:00:05,571 [INFO] IPUIPlugin:80 - create IPUIPlugin
2025-01-23 02:00:05,572 [INFO] PluginManager:220 - loadIPPluginJar : add i3c
2025-01-23 02:00:05,608 [INFO] IPUIPlugin:80 - create IPUIPlugin
2025-01-23 02:00:05,608 [INFO] PluginManager:220 - loadIPPluginJar : add mdma
2025-01-23 02:00:05,613 [INFO] IPUIPlugin:80 - create IPUIPlugin
2025-01-23 02:00:05,613 [INFO] PluginManager:220 - loadIPPluginJar : add pdm2pcm
2025-01-23 02:00:05,649 [INFO] IPUIPlugin:80 - create IPUIPlugin
2025-01-23 02:00:05,650 [INFO] PluginManager:220 - loadIPPluginJar : add aes
2025-01-23 02:00:05,660 [INFO] IPUIPlugin:80 - create IPUIPlugin
2025-01-23 02:00:05,661 [INFO] PluginManager:220 - loadIPPluginJar : add gic
2025-01-23 02:00:05,663 [INFO] IPUIPlugin:80 - create IPUIPlugin
2025-01-23 02:00:05,664 [INFO] PluginManager:220 - loadIPPluginJar : add ltdc
2025-01-23 02:00:05,718 [INFO] IPUIPlugin:80 - create IPUIPlugin
2025-01-23 02:00:05,718 [INFO] PluginManager:220 - loadIPPluginJar : add resmgrutility
2025-01-23 02:00:05,722 [INFO] IPUIPlugin:80 - create IPUIPlugin
2025-01-23 02:00:05,722 [INFO] PluginManager:220 - loadIPPluginJar : add tsc
2025-01-23 02:00:05,725 [INFO] IPUIPlugin:80 - create IPUIPlugin
2025-01-23 02:00:05,725 [INFO] PluginManager:220 - loadIPPluginJar : add quadspi
2025-01-23 02:00:05,731 [INFO] IPUIPlugin:80 - create IPUIPlugin
2025-01-23 02:00:05,732 [INFO] PluginManager:220 - loadIPPluginJar : add openamp
2025-01-23 02:00:05,765 [INFO] IPUIPlugin:80 - create IPUIPlugin
2025-01-23 02:00:05,766 [INFO] PluginManager:220 - loadIPPluginJar : add nvic
2025-01-23 02:00:05,772 [INFO] IPUIPlugin:80 - create IPUIPlugin
2025-01-23 02:00:05,773 [INFO] PluginManager:220 - loadIPPluginJar : add sai
2025-01-23 02:00:05,776 [INFO] IPUIPlugin:80 - create IPUIPlugin
2025-01-23 02:00:05,777 [INFO] PluginManager:220 - loadIPPluginJar : add radio
2025-01-23 02:00:05,781 [INFO] IPUIPlugin:80 - create IPUIPlugin
2025-01-23 02:00:05,781 [INFO] PluginManager:220 - loadIPPluginJar : add lorawan
2025-01-23 02:00:05,783 [INFO] IPUIPlugin:80 - create IPUIPlugin
2025-01-23 02:00:05,783 [INFO] PluginManager:220 - loadIPPluginJar : add tim
2025-01-23 02:00:05,786 [INFO] IPUIPlugin:80 - create IPUIPlugin
2025-01-23 02:00:05,786 [INFO] PluginManager:220 - loadIPPluginJar : add cryp
2025-01-23 02:00:05,817 [INFO] IPUIPlugin:80 - create IPUIPlugin
2025-01-23 02:00:05,818 [INFO] PluginManager:220 - loadIPPluginJar : add hash
2025-01-23 02:00:05,849 [INFO] IPUIPlugin:80 - create IPUIPlugin
2025-01-23 02:00:05,849 [INFO] PluginManager:220 - loadIPPluginJar : add adc
2025-01-23 02:00:05,887 [INFO] IPUIPlugin:80 - create IPUIPlugin
2025-01-23 02:00:05,888 [INFO] PluginManager:220 - loadIPPluginJar : add dma
2025-01-23 02:00:05,891 [INFO] IPUIPlugin:80 - create IPUIPlugin
2025-01-23 02:00:05,892 [INFO] PluginManager:220 - loadIPPluginJar : add tracer_emb
2025-01-23 02:00:05,907 [INFO] IPUIPlugin:80 - create IPUIPlugin
2025-01-23 02:00:05,907 [INFO] PluginManager:220 - loadIPPluginJar : add ipddr
2025-01-23 02:00:05,910 [INFO] IPUIPlugin:80 - create IPUIPlugin
2025-01-23 02:00:05,910 [INFO] PluginManager:220 - loadIPPluginJar : add i2s
2025-01-23 02:00:05,943 [INFO] IPUIPlugin:80 - create IPUIPlugin
2025-01-23 02:00:05,943 [INFO] PluginManager:220 - loadIPPluginJar : add freertos
2025-01-23 02:00:05,948 [INFO] IPUIPlugin:80 - create IPUIPlugin
2025-01-23 02:00:05,948 [INFO] PluginManager:220 - loadIPPluginJar : add opamp
2025-01-23 02:00:05,952 [INFO] IPUIPlugin:80 - create IPUIPlugin
2025-01-23 02:00:05,952 [INFO] PluginManager:220 - loadIPPluginJar : add i2c
2025-01-23 02:00:05,955 [INFO] IPUIPlugin:80 - create IPUIPlugin
2025-01-23 02:00:05,955 [INFO] PluginManager:220 - loadIPPluginJar : add extmemmanager
2025-01-23 02:00:05,958 [INFO] IPUIPlugin:80 - create IPUIPlugin
2025-01-23 02:00:05,958 [INFO] PluginManager:220 - loadIPPluginJar : add can
2025-01-23 02:00:05,960 [INFO] IPUIPlugin:80 - create IPUIPlugin
2025-01-23 02:00:05,960 [INFO] PluginManager:220 - loadIPPluginJar : add genericplugin
2025-01-23 02:00:06,070 [FATAL] Updater:351 - Updater called before beeing initialized
2025-01-23 02:00:06,105 [INFO] RulesReader:64 - Compatibility file has been processed (297 Rules)
2025-01-23 02:00:06,119 [INFO] RulesReader:64 - Compatibility file has been processed (297 Rules)
2025-01-23 02:00:06,127 [INFO] CADModel:165 - CPN selected for project level
2025-01-23 02:00:06,127 [INFO] CADModel:114 - Register for checkConnection events
2025-01-23 02:00:06,128 [FATAL] Updater:351 - Updater called before beeing initialized
2025-01-23 02:00:06,128 [ERROR] CADModel:125 - Updater not yet initialized, retry later 
2025-01-23 02:00:06,644 [FATAL] Updater:351 - Updater called before beeing initialized
2025-01-23 02:00:06,646 [INFO] CADModel:165 - CPN selected for project level
2025-01-23 02:00:06,646 [INFO] CADModel:114 - Register for checkConnection events
2025-01-23 02:00:06,646 [FATAL] Updater:351 - Updater called before beeing initialized
2025-01-23 02:00:06,646 [ERROR] CADModel:125 - Updater not yet initialized, retry later 
2025-01-23 02:00:06,648 [FATAL] Updater:351 - Updater called before beeing initialized
2025-01-23 02:00:06,716 [INFO] ThirdPartyUpdaterWithRetryManager:70 - Updater plugin not ready yet. [2/15]
2025-01-23 02:00:06,737 [FATAL] Updater:351 - Updater called before beeing initialized
2025-01-23 02:00:06,812 [INFO] DbMcusAds:53 - JSON generation date=Tue Dec 17 11:01:15 EST 2024 (1734451275222)
2025-01-23 02:00:06,813 [FATAL] Updater:351 - Updater called before beeing initialized
2025-01-23 02:00:07,152 [WARN] DetailPanel:346 - Failed to get advertising image, set to default
2025-01-23 02:00:07,377 [FATAL] Updater:351 - Updater called before beeing initialized
2025-01-23 02:00:07,391 [FATAL] Updater:351 - Updater called before beeing initialized
2025-01-23 02:00:07,391 [FATAL] Updater:351 - Updater called before beeing initialized
2025-01-23 02:00:07,391 [WARN] DetailPanel:346 - Failed to get advertising image, set to default
2025-01-23 02:00:07,392 [FATAL] Updater:351 - Updater called before beeing initialized
2025-01-23 02:00:07,461 [ERROR] Updater:1198 - MainUpdater not yet initialized. External WinMGr cannot be set.
2025-01-23 02:00:07,488 [INFO] Updater:1134 - Updater Version found : 6.13.0
2025-01-23 02:00:07,511 [INFO] ApplicationProperties:184 - Using Application install path: /opt/st/stm32cubeide_1.17.0/plugins/com.st.stm32cube.common.mx_6.13.0.202411220809
2025-01-23 02:00:08,110 [INFO] MainUpdater:2872 - connection check result : 10
2025-01-23 02:00:08,112 [INFO] MainUpdater:289 - Updater Check For Update Now.
2025-01-23 02:00:08,112 [INFO] MicroXplorer:498 - Change Database Version : DB.6.0.130
2025-01-23 02:00:08,124 [INFO] McuFinderGlobals:63 - Set McuFinder mode to 2 (CubeIDE integrated)
2025-01-23 02:00:08,125 [INFO] UserAuth:171 - activating auth plugin
2025-01-23 02:00:08,131 [INFO] UserAuth:486 - Internet connection configuration mode: 1
2025-01-23 02:00:08,287 [INFO] JxBrowserEngine:152 - Initiate JxBrowser Engine with user profile folder
2025-01-23 02:00:08,518 [INFO] CheckServerUpdateThread:120 - End of CheckServer Thread
2025-01-23 02:00:10,847 [WARN] PackLoader:240 - Cannot read IP mode file for STMicroelectronics.FP-SNS-MOTENVWB1.1.4.0
2025-01-23 02:00:10,925 [WARN] PackLoader:240 - Cannot read IP mode file for STMicroelectronics.FP-ATR-ASTRA1.2.0.1
2025-01-23 02:00:11,004 [WARN] PackLoader:240 - Cannot read IP mode file for STMicroelectronics.X-CUBE-SMBUS.2.1.0
2025-01-23 02:00:11,039 [WARN] PackLoader:240 - Cannot read IP mode file for STMicroelectronics.X-CUBE-WB05N.1.1.0
2025-01-23 02:00:11,124 [WARN] PackLoader:240 - Cannot read IP mode file for STMicroelectronics.X-CUBE-AZRTOS-F7.1.1.0
2025-01-23 02:00:11,158 [WARN] PackLoader:240 - Cannot read IP mode file for STMicroelectronics.FP-SNS-FLIGHT1.5.0.2
2025-01-23 02:00:11,282 [WARN] PackLoader:240 - Cannot read IP mode file for Infineon.AIROC-Wi-Fi-Bluetooth-STM32.1.7.0
2025-01-23 02:00:11,308 [WARN] PackLoader:240 - Cannot read IP mode file for STMicroelectronics.X-CUBE-DISPLAY.3.0.0
2025-01-23 02:00:11,353 [WARN] PackLoader:240 - Cannot read IP mode file for STMicroelectronics.X-CUBE-BLE1.7.0.0
2025-01-23 02:00:11,382 [WARN] PackLoader:240 - Cannot read IP mode file for STMicroelectronics.X-CUBE-NFC10.1.0.0
2025-01-23 02:00:11,498 [WARN] PackLoader:240 - Cannot read IP mode file for STMicroelectronics.X-CUBE-BLEMGR.4.0.0
2025-01-23 02:00:11,537 [WARN] PackLoader:240 - Cannot read IP mode file for emotas.I-CUBE-CANOPEN.1.3.0
2025-01-23 02:00:11,607 [WARN] PackLoader:240 - Cannot read IP mode file for STMicroelectronics.X-CUBE-AI.10.0.0
2025-01-23 02:00:11,655 [WARN] PackLoader:240 - Cannot read IP mode file for STMicroelectronics.FP-SNS-SMARTAG2.1.2.0
2025-01-23 02:00:11,781 [WARN] PackLoader:240 - Cannot read IP mode file for STMicroelectronics.X-CUBE-MEMS1.11.1.0
2025-01-23 02:00:12,127 [INFO] LogOutputStream:77 - [STDOUT_REDIRECT] 1 : Invalid condition id : UX_CORESTACK_Condition cause : null
2025-01-23 02:00:12,128 [INFO] LogOutputStream:77 - [STDOUT_REDIRECT] 1 : Invalid condition id : UX_CORESTACK_Condition cause : null
2025-01-23 02:00:12,129 [INFO] LogOutputStream:77 - [STDOUT_REDIRECT] 1 : Invalid condition id : UX_CORESTACK_Condition cause : null
2025-01-23 02:00:12,129 [INFO] LogOutputStream:77 - [STDOUT_REDIRECT] 1 : Invalid condition id : UX_CORESTACK_Condition cause : null
2025-01-23 02:00:12,130 [INFO] LogOutputStream:77 - [STDOUT_REDIRECT] 1 : Invalid condition id : UX_CORESTACK_Condition cause : null
2025-01-23 02:00:12,136 [WARN] PackLoader:240 - Cannot read IP mode file for STMicroelectronics.X-CUBE-AZRTOS-WL.2.0.0
2025-01-23 02:00:12,147 [WARN] PackLoader:240 - Cannot read IP mode file for STMicroelectronics.FP-SNS-MOTENV1.5.0.0
2025-01-23 02:00:12,178 [WARN] PackLoader:240 - Cannot read IP mode file for wolfSSL.I-CUBE-wolfMQTT.1.19.0
2025-01-23 02:00:12,210 [WARN] PackLoader:240 - Cannot read IP mode file for WES.I-CUBE-Cesium.1.3.0
2025-01-23 02:00:12,241 [WARN] PackLoader:240 - Cannot read IP mode file for STMicroelectronics.X-CUBE-BLE2.3.3.0
2025-01-23 02:00:12,259 [WARN] PackLoader:240 - Cannot read IP mode file for STMicroelectronics.X-CUBE-NFC9.1.0.0
2025-01-23 02:00:12,362 [WARN] PackLoader:240 - Cannot read IP mode file for STMicroelectronics.X-CUBE-AZRTOS-G0.1.1.0
2025-01-23 02:00:12,384 [WARN] PackLoader:240 - Cannot read IP mode file for STMicroelectronics.X-CUBE-SAFEA1.1.2.2
2025-01-23 02:00:12,408 [WARN] PackLoader:240 - Cannot read IP mode file for STMicroelectronics.X-CUBE-NFC4.3.0.0
2025-01-23 02:00:12,460 [WARN] PackLoader:240 - Cannot read IP mode file for EmbeddedOffice.I-CUBE-FS-RTOS.1.0.1
2025-01-23 02:00:12,481 [WARN] PackLoader:240 - Cannot read IP mode file for STMicroelectronics.X-CUBE-TCPP.4.2.0
2025-01-23 02:00:12,502 [WARN] PackLoader:240 - Cannot read IP mode file for RealThread.X-CUBE-RT-Thread_Nano.4.1.1
2025-01-23 02:00:12,528 [WARN] PackLoader:240 - Cannot read IP mode file for STMicroelectronics.FP-ATR-SIGFOX1.3.2.0
2025-01-23 02:00:12,545 [WARN] ConditionMgr:438 - getConditionDescription Invalid condition id : Cortex-A Device cause : null
2025-01-23 02:00:12,590 [WARN] ConditionMgr:1044 - genDependencies : Invalid condition id : Cortex-A Device cause : null
2025-01-23 02:00:12,590 [WARN] ConditionMgr:1044 - genDependencies : Invalid condition id : Cortex-A Device cause : null
2025-01-23 02:00:12,590 [WARN] ConditionMgr:1044 - genDependencies : Invalid condition id : Cortex-A Device cause : null
2025-01-23 02:00:12,609 [WARN] PackLoader:240 - Cannot read IP mode file for STMicroelectronics.X-CUBE-EEPRMA1.5.1.0
2025-01-23 02:00:12,637 [WARN] PackLoader:240 - Cannot read IP mode file for wolfSSL.I-CUBE-wolfSSL.5.7.4
2025-01-23 02:00:12,680 [WARN] PackLoader:240 - Cannot read IP mode file for ITTIA_DB.I-CUBE-ITTIADB.8.9.0
2025-01-23 02:00:12,771 [WARN] PackLoader:240 - Cannot read IP mode file for SEGGER.I-CUBE-embOS.1.3.1
2025-01-23 02:00:12,859 [WARN] PackLoader:240 - Cannot read IP mode file for STMicroelectronics.X-CUBE-ALGOBUILD.1.4.0
2025-01-23 02:00:12,895 [WARN] PackLoader:240 - Cannot read IP mode file for STMicroelectronics.X-CUBE-AI.9.1.0
2025-01-23 02:00:13,086 [WARN] PackLoader:240 - Cannot read IP mode file for STMicroelectronics.X-CUBE-AZRTOS-F4.1.1.0
2025-01-23 02:00:13,114 [WARN] PackLoader:240 - Cannot read IP mode file for STMicroelectronics.X-CUBE-ISPU.2.1.0
2025-01-23 02:00:13,136 [WARN] PackLoader:240 - Cannot read IP mode file for STMicroelectronics.X-CUBE-AZRTOS-L5.2.0.0
2025-01-23 02:00:13,164 [WARN] PackLoader:240 - Cannot read IP mode file for STMicroelectronics.X-CUBE-NFC6.3.1.0
2025-01-23 02:00:13,184 [WARN] PackLoader:240 - Cannot read IP mode file for STMicroelectronics.X-CUBE-DPower.1.2.0
2025-01-23 02:00:13,216 [WARN] PackLoader:240 - Cannot read IP mode file for STMicroelectronics.X-CUBE-FREERTOS.1.3.0
2025-01-23 02:00:13,241 [WARN] PackLoader:240 - Cannot read IP mode file for STMicroelectronics.X-CUBE-NFC7.1.0.1
2025-01-23 02:00:13,333 [WARN] ConditionMgr:438 - getConditionDescription Invalid condition id : LAN8742 Phy interface Condition cause : null
2025-01-23 02:00:13,334 [WARN] PackLoader:240 - Cannot read IP mode file for STMicroelectronics.X-CUBE-AZRTOS-L4.2.0.0
2025-01-23 02:00:13,336 [WARN] ConditionMgr:1044 - genDependencies : Invalid condition id : LAN8742 Phy interface Condition cause : null
2025-01-23 02:00:13,336 [WARN] ConditionMgr:1044 - genDependencies : Invalid condition id : LAN8742 Phy interface Condition cause : null
2025-01-23 02:00:13,337 [WARN] ConditionMgr:1044 - genDependencies : Invalid condition id : LAN8742 Phy interface Condition cause : null
2025-01-23 02:00:13,358 [WARN] PackLoader:240 - Cannot read IP mode file for STMicroelectronics.X-CUBE-SFXS2LP1.4.0.0
2025-01-23 02:00:13,526 [WARN] PackLoader:240 - Cannot read IP mode file for STMicroelectronics.X-CUBE-AZRTOS-H7.3.3.0
2025-01-23 02:00:13,550 [WARN] PackLoader:240 - Cannot read IP mode file for STMicroelectronics.X-CUBE-IPS.3.0.0
2025-01-23 02:00:13,584 [WARN] ConditionMgr:438 - getConditionDescription Invalid condition id : UX DEVICE CLASS RTOS Condition cause : null
2025-01-23 02:00:13,585 [WARN] ConditionMgr:438 - getConditionDescription Invalid condition id : UX DEVICE CLASS RTOS Condition cause : null
2025-01-23 02:00:13,587 [WARN] PackLoader:240 - Cannot read IP mode file for STMicroelectronics.X-CUBE-AZRTOS-WB.2.0.0
2025-01-23 02:00:13,588 [WARN] ConditionMgr:1044 - genDependencies : Invalid condition id : UX DEVICE CLASS RTOS Condition cause : null
2025-01-23 02:00:13,589 [WARN] ConditionMgr:1044 - genDependencies : Invalid condition id : UX DEVICE CLASS RTOS Condition cause : null
2025-01-23 02:00:13,592 [WARN] ConditionMgr:1044 - genDependencies : Invalid condition id : UX DEVICE CLASS RTOS Condition cause : null
2025-01-23 02:00:13,592 [WARN] ConditionMgr:1044 - genDependencies : Invalid condition id : UX DEVICE CLASS RTOS Condition cause : null
2025-01-23 02:00:13,592 [WARN] ConditionMgr:1044 - genDependencies : Invalid condition id : UX DEVICE CLASS RTOS Condition cause : null
2025-01-23 02:00:13,616 [WARN] PackLoader:240 - Cannot read IP mode file for STMicroelectronics.X-CUBE-GNSS1.7.0.1
2025-01-23 02:00:13,662 [WARN] PackLoader:240 - Cannot read IP mode file for STMicroelectronics.FP-SNS-STBOX1.2.0.0
2025-01-23 02:00:13,713 [WARN] PackLoader:240 - Cannot read IP mode file for STMicroelectronics.X-CUBE-SUBG2.5.0.0
2025-01-23 02:00:13,740 [WARN] PackLoader:240 - Cannot read IP mode file for Cesanta.I-CUBE-Mongoose.7.13.0
2025-01-23 02:00:13,766 [WARN] PackLoader:240 - Cannot read IP mode file for STMicroelectronics.X-CUBE-AZRTOS-G4.2.0.0
2025-01-23 02:00:13,931 [WARN] PackLoader:240 - Cannot read IP mode file for STMicroelectronics.X-CUBE-IPS.3.1.0
2025-01-23 02:00:13,960 [WARN] PackLoader:240 - Cannot read IP mode file for STMicroelectronics.X-CUBE-ALS.1.0.2
2025-01-23 02:00:13,995 [WARN] PackLoader:240 - Cannot read IP mode file for STMicroelectronics.X-CUBE-TOUCHGFX.4.24.2
2025-01-23 02:00:14,016 [WARN] PackLoader:240 - Cannot read IP mode file for STMicroelectronics.X-CUBE-TOUCHGFX.4.24.1
2025-01-23 02:00:14,024 [WARN] PackLoader:240 - Cannot read IP mode file for wolfSSL.I-CUBE-wolfTPM.3.4.0
2025-01-23 02:00:14,049 [WARN] PackLoader:240 - Cannot read IP mode file for portGmbH.I-Cube-SoM-uGOAL.1.1.0
2025-01-23 02:00:14,216 [WARN] PackLoader:240 - Cannot read IP mode file for STMicroelectronics.X-CUBE-AZRTOS-H7RS.1.0.0
2025-01-23 02:00:14,337 [WARN] PackLoader:240 - Cannot read IP mode file for STMicroelectronics.X-CUBE-TOF1.3.4.2
2025-01-23 02:00:14,367 [WARN] PackLoader:240 - Cannot read IP mode file for wolfSSL.I-CUBE-wolfSSH.1.4.17
2025-01-23 02:00:14,367 [INFO] ThirdParty:978 - Integrity check success = true
2025-01-23 02:00:14,367 [INFO] IntegrityCheckThread:100 - exiting critical section [integrity check]
2025-01-23 02:00:14,367 [INFO] IntegrityCheckThread:103 - End integrity checks thread
2025-01-23 02:00:36,951 [INFO] WebApp:168 - Instantiating new browser for Auth
2025-01-23 02:00:54,756 [INFO] WebApp:449 - Apply proxy settings
2025-01-23 02:00:54,757 [INFO] WebApp:534 - Chromium requires no authentication
2025-01-23 02:00:54,914 [INFO] WebApp:477 - Direct internet connection detected
2025-01-23 02:00:55,481 [INFO] WebApp:880 - Register for checkConnection events
2025-01-23 02:00:55,482 [INFO] WebApp:449 - Apply proxy settings
2025-01-23 02:00:55,482 [INFO] WebApp:534 - Chromium requires no authentication
2025-01-23 02:00:55,483 [INFO] WebApp:477 - Direct internet connection detected
2025-01-23 02:00:59,750 [INFO] WebApp:221 - Starting web application
2025-01-23 02:00:59,751 [INFO] WebApp:579 - Web application path used /opt/st/stm32cubeide_1.17.0/plugins/com.st.stm32cube.common.mx_6.13.0.202411220809/db/plugins/mcufinder/reactClient1/index.html
2025-01-23 02:01:00,573 [INFO] WebApp:187 - Connection restablished
2025-01-23 02:22:06,217 [INFO] McuFinderGlobals:63 - Set McuFinder mode to 2 (CubeIDE integrated)
2025-01-23 02:22:06,274 [INFO] MainUpdater:2872 - connection check result : 10
2025-01-23 02:22:06,943 [INFO] ApiDb:581 - Connected to CubeFinder SQLite database (/home/scott/.stmcufinder/plugins/mcufinder/mcu/cube-finder-db.db)
2025-01-23 02:22:07,129 [INFO] ApiDb:668 - CubeFinder database Data Model version=2.1
2025-01-23 02:22:07,129 [INFO] ApiDb:669 - CubeFinder database Configuration version=3.0.39
2025-01-23 02:22:07,129 [INFO] ApiDb:670 - CubeFinder database generation date=2024-12-10 (1733817889)
2025-01-23 02:22:07,129 [INFO] ApiDb:671 - CubeFinder database FW Pack versions=[FP-ATR-ASTRA1_V2.0.0, FP-SNS-FLIGHT1_V5.0.2, FP-SNS-MOTENV1_V5.0.0, FP-SNS-MOTENVWB1_V1.4.0, FP-SNS-SMARTAG2_V1.2.0, FP-SNS-STBOX1_V2.0.0, STM32Cube_FW_C0_V1.3.0, STM32Cube_FW_F4_V1.28.1, STM32Cube_FW_F7_V1.17.2, STM32Cube_FW_G0_V1.6.2, STM32Cube_FW_G4_V1.6.1, STM32Cube_FW_H5_V1.4.0, STM32Cube_FW_H7RS_V1.1.0, STM32Cube_FW_H7_V1.12.0, STM32Cube_FW_L0_V1.12.2, STM32Cube_FW_L4_V1.18.1, STM32Cube_FW_L5_V1.5.1, STM32Cube_FW_N6_V1.0.0, STM32Cube_FW_U0_V1.2.0, STM32Cube_FW_U3_V1.0.0, STM32Cube_FW_U5_V1.7.0, STM32Cube_FW_WB0_V1.1.0, STM32Cube_FW_WBA_V1.5.0, STM32Cube_FW_WB_V1.21.0, STM32Cube_FW_WL3_V1.0.0, STM32Cube_FW_WL_V1.3.0, X-CUBE-ALGOBUILD_V1.4.0, X-CUBE-ALS_V1.0.2, X-CUBE-AZRTOS-F4_V1.1.0, X-CUBE-AZRTOS-F7_V1.1.0, X-CUBE-AZRTOS-G0_V1.1.0, X-CUBE-AZRTOS-G4_V2.0.0, X-CUBE-AZRTOS-H7RS_V1.0.0, X-CUBE-AZRTOS-H7_V3.3.0, X-CUBE-AZRTOS-L4_V2.0.0, X-CUBE-AZRTOS-L5_V2.0.0, X-CUBE-AZRTOS-WB_V2.0.0, X-CUBE-AZRTOS-WL_V2.0.0, X-CUBE-BLE1_V7.0.0, X-CUBE-BLE2_V3.3.0, X-CUBE-BLEMGR_V3.1.0, X-CUBE-EEPRMA1_V5.1.0, X-CUBE-FREERTOS_V1.2.0, X-CUBE-GNSS1_V6.0.0, X-CUBE-MEMS1_V11.0.0, X-CUBE-NFC4_V3.0.0, X-CUBE-NFC7_V1.0.1, X-CUBE-SFXS2LP1_V4.0.0, X-CUBE-SUBG2_V5.0.0, X-CUBE-TOF1_V3.4.2]
2025-01-23 02:22:07,696 [INFO] DbBoardsSqlite:226 - include board P-NUCLEO-WB55-NUCLEO as a kit item of type 'Nucleo-64'
2025-01-23 02:22:07,697 [INFO] DbBoardsSqlite:226 - include board P-NUCLEO-WB55-USBDONGLE as a kit item of type 'Nucleo USB Dongle'
2025-01-23 02:22:07,758 [INFO] DbBoardsSqlite:226 - include board STEVAL-IDP005V1 as a kit item of type 'Evaluation Board'
2025-01-23 02:22:07,759 [INFO] DbBoardsSqlite:226 - include board STEVAL-IDP005V2 as a kit item of type 'Evaluation Board'
2025-01-23 02:22:08,446 [INFO] ApiDb:240 - Found 858 in-development CPN: [B-G473E-ZEST1S, B-WB1M-WPAN1, B-WBA5M-WPAN, B-WL5M-SUBG1, NUCLEO-C031C6, NUCLEO-C051C8, NUCLEO-C071RB, NUCLEO-C092RC, NUCLEO-H503RB, NUCLEO-H533RE, NUCLEO-H563ZI, NUCLEO-H7S3L8, NUCLEO-N657X0-Q, NUCLEO-U031R8, NUCLEO-U083RC, NUCLEO-U385RG-Q, NUCLEO-U545RE-Q, NUCLEO-U5A5ZJ-Q, NUCLEO-WB05KZ, NUCLEO-WB07CC, NUCLEO-WB09KE, NUCLEO-WBA52CG, NUCLEO-WBA55CG, NUCLEO-WL33CC1, NUCLEO-WL33CC2, STEVAL-PROTEUS1, STEVAL-SMARTAG2, STEVAL-STWINBX1, STM320518-EVAL, STM32C0116-DK, STM32C011D6Y3TR, STM32C011D6Y6TR, STM32C011F4P3, STM32C011F4P6, STM32C011F4U3, STM32C011F4U6TR, STM32C011F6P3, STM32C011F6P6, STM32C011F6U3, STM32C011F6U6TR, STM32C011J4M3, STM32C011J4M6, STM32C011J6M3, STM32C011J6M6, STM32C0316-DK, STM32C031C4T3, STM32C031C4T6, STM32C031C4U3, STM32C031C4U6, STM32C031C6T3, STM32C031C6T6, STM32C031C6U3, STM32C031C6U6, STM32C031F4P3, STM32C031F4P6, STM32C031F6P3, STM32C031F6P6, STM32C031G4U3, STM32C031G4U6, STM32C031G6U3, STM32C031G6U6, STM32C031K4T3, STM32C031K4T6, STM32C031K4U3, STM32C031K4U6, STM32C031K6T3, STM32C031K6T6, STM32C031K6U3, STM32C031K6U6, STM32C051C6T6, STM32C051C6U6, STM32C051C8T6, STM32C051C8U6, STM32C051D8Y6TR, STM32C051F6P6, STM32C051F8P6, STM32C051G6U6, STM32C051G8U6, STM32C051K6T6, STM32C051K6U6, STM32C051K8T6, STM32C071C8T6, STM32C071C8T6N, STM32C071C8U6, STM32C071C8U6N, STM32C071CBT6, STM32C071CBT6N, STM32C071CBU6, STM32C071CBU6N, STM32C071F8P6, STM32C071F8P6N, STM32C071FBP6, STM32C071FBP6N, STM32C071FBY6TR, STM32C071G8U6, STM32C071G8U6N, STM32C071GBU6, STM32C071GBU6N, STM32C071K8T6, STM32C071K8T6N, STM32C071K8U6, STM32C071K8U6N, STM32C071KBT6, STM32C071KBT6N, STM32C071KBU6, STM32C071KBU6N, STM32C071R8T6, STM32C071R8T6N, STM32C071RBI6N, STM32C071RBT6, STM32C071RBT6N, STM32C091CBT6, STM32C091CBU6, STM32C091CCT6, STM32C091CCU6, STM32C091ECY6TR, STM32C091FBP6, STM32C091FCP6, STM32C091GBU6, STM32C091GCU6, STM32C091KBT6, STM32C091KBU6, STM32C091KCT6, STM32C091KCU6, STM32C091RBT6, STM32C091RCI6, STM32C091RCT6, STM32C092CBT6, STM32C092CBU6, STM32C092CCT6, STM32C092CCU6, STM32C092ECY6TR, STM32C092FBP6, STM32C092FCP6, STM32C092GBU6, STM32C092GCU6, STM32C092KBT6, STM32C092KBU6, STM32C092KCT6, STM32C092KCU6, STM32C092RBT6, STM32C092RCI6, STM32C092RCT6, STM32G071K8TXN, STM32G071K8UXN, STM32G081GBU6N, STM32G081KBT6N, STM32G081KBUXN, STM32G0B1CCT6N, STM32G0B1KCT6, STM32G0B1NEY6TR, STM32G0B1RCT6N, STM32G0C1CCT6, STM32G0C1CCT6N, STM32G0C1CCU6N, STM32G0C1CET6N, STM32G0C1CEU6N, STM32G0C1KCT6, STM32G0C1NEY6TR, STM32G0C1RCI6N, STM32G0C1RCT6N, STM32G0C1REI6N, STM32G0C1RET6N, STM32G0C1VCI6, STM32G0C1VEI6, STM32G411C6T3, STM32G411C6T6, STM32G411C6U3, STM32G411C6U6, STM32G411C8T3, STM32G411C8T6, STM32G411C8U3, STM32G411C8U6, STM32G411CBT3, STM32G411CBT6, STM32G411CBU3, STM32G411CBU6, STM32G411CCT3, STM32G411CCT6, STM32G411CCU3, STM32G411CCU6, STM32G411K6T3, STM32G411K6T6, STM32G411K6U3, STM32G411K6U6, STM32G411K8T3, STM32G411K8T6, STM32G411K8U3, STM32G411K8U6, STM32G411KBT3, STM32G411KBT6, STM32G411KBU3, STM32G411KBU6, STM32G411M6T3, STM32G411M6T6, STM32G411M8T3, STM32G411M8T6, STM32G411MBT3, STM32G411MBT6, STM32G411MCT3, STM32G411MCT6, STM32G411R6T3, STM32G411R6T6, STM32G411R8T3, STM32G411R8T6, STM32G411RBT3, STM32G411RBT6, STM32G411RCT3, STM32G411RCT6, STM32G414CBT3, STM32G414CBT6, STM32G414CBU3, STM32G414CBU6, STM32G414CCT3, STM32G414CCT6, STM32G414CCU3, STM32G414CCU6, STM32G414MBT3, STM32G414MBT6, STM32G414MCT3, STM32G414MCT6, STM32G414RBT3, STM32G414RBT6, STM32G414RCT3, STM32G414RCT6, STM32G414VBT3, STM32G414VBT6, STM32G414VCT3, STM32G414VCT6, STM32G431CBT3Z, STM32G431RBT3Z, STM32G471CCT6, STM32G471CCU6, STM32G471CET3, STM32G471CET6, STM32G471CEU3, STM32G471CEU6, STM32G471MCT6, STM32G471MET3, STM32G471MET6, STM32G471MEY6TR, STM32G471QCT6, STM32G471QET3, STM32G471RCT6, STM32G471RET3, STM32G471RET6, STM32G471VCH6, STM32G471VCI6, STM32G471VCT6, STM32G471VEH3, STM32G471VEH6, STM32G471VEI3, STM32G471VEI6, STM32G471VET3, STM32G471VET6, STM32G473QET3Z, STM32G473RET3Z, STM32G474CCT6, STM32G491RET3Z, STM32H503CBT6, STM32H503CBU6, STM32H503EBY6TR, STM32H503KBU6, STM32H503RBT6, STM32H523CCT6, STM32H523CCU6, STM32H523CET6, STM32H523CEU6, STM32H523HEY6TR, STM32H523RCT6, STM32H523RET6, STM32H523VCI6, STM32H523VCT6, STM32H523VEI6, STM32H523VET6, STM32H523ZCJ6, STM32H523ZCT6, STM32H523ZEJ6, STM32H523ZET6, STM32H533CET6, STM32H533CEU6, STM32H533HEY6TR, STM32H533RET6, STM32H533VEI6, STM32H533VET6, STM32H533ZEJ6, STM32H533ZET6, STM32H562AGI6, STM32H562AII6, STM32H562IGK6, STM32H562IGT6, STM32H562IIK6, STM32H562IIT6, STM32H562RGT6, STM32H562RGV6, STM32H562RIT6, STM32H562RIV6, STM32H562VGT6, STM32H562VIT6, STM32H562ZGT6, STM32H562ZIT6, STM32H563AGI6, STM32H563AII3Q, STM32H563AII6, STM32H563IGK6, STM32H563IGT6, STM32H563IIK3Q, STM32H563IIK6, STM32H563IIT3Q, STM32H563IIT6, STM32H563MIY3QTR, STM32H563RGT6, STM32H563RGV6, STM32H563RIT6, STM32H563RIV6, STM32H563VGT6, STM32H563VIT3Q, STM32H563VIT6, STM32H563ZGT6, STM32H563ZIT3Q, STM32H563ZIT6, STM32H573AII3Q, STM32H573AII6, STM32H573I-DK, STM32H573IIK3Q, STM32H573IIK6, STM32H573IIT3Q, STM32H573IIT6, STM32H573MIY3QTR, STM32H573RIT6, STM32H573RIV6, STM32H573VIT3Q, STM32H573VIT6, STM32H573ZIT3Q, STM32H573ZIT6, STM32H7R3A8I6, STM32H7R3I8K6, STM32H7R3I8T6, STM32H7R3L8H6, STM32H7R3L8H6H, STM32H7R3R8V6, STM32H7R3V8H6, STM32H7R3V8T6, STM32H7R3V8Y6TR, STM32H7R3Z8J6, STM32H7R3Z8T6, STM32H7R7A8I6, STM32H7R7I8K6, STM32H7R7I8T6, STM32H7R7L8H6, STM32H7R7L8H6H, STM32H7R7Z8J6, STM32H7S3A8I6, STM32H7S3I8K6, STM32H7S3I8T6, STM32H7S3L8H6, STM32H7S3L8H6H, STM32H7S3R8V6, STM32H7S3V8H6, STM32H7S3V8T6, STM32H7S3V8Y6TR, STM32H7S3Z8J6, STM32H7S3Z8T6, STM32H7S78-DK, STM32H7S7A8I6, STM32H7S7I8K6, STM32H7S7I8T6, STM32H7S7L8H6, STM32H7S7L8H6H, STM32H7S7Z8J6, STM32L4R5QGI6STR, STM32MP131AAE3, STM32MP131AAF3, STM32MP131AAG3, STM32MP131CAE3, STM32MP131CAF3, STM32MP131CAG3, STM32MP131DAE7, STM32MP131DAF7, STM32MP131DAG7, STM32MP131FAE7, STM32MP131FAF7, STM32MP131FAG7, STM32MP133AAE3, STM32MP133AAF3, STM32MP133AAG3, STM32MP133CAE3, STM32MP133CAF3, STM32MP133CAG3, STM32MP133DAE7, STM32MP133DAF7, STM32MP133DAG7, STM32MP133FAE7, STM32MP133FAF7, STM32MP133FAG7, STM32MP135AAE3, STM32MP135AAF3, STM32MP135AAG3, STM32MP135CAE3, STM32MP135CAF3, STM32MP135CAG3, STM32MP135DAE7, STM32MP135DAF7, STM32MP135DAG7, STM32MP135F-DK, STM32MP135FAE7, STM32MP135FAF7, STM32MP135FAF7T, STM32MP135FAF7U, STM32MP135FAG7, STM32MP231AAJ3, STM32MP231AAK3, STM32MP231AAL3, STM32MP231CAJ3, STM32MP231CAK3, STM32MP231CAL3, STM32MP231DAJ3, STM32MP231DAK3, STM32MP231DAL3, STM32MP231FAJ3, STM32MP231FAK3, STM32MP231FAL3, STM32MP233AAJ3, STM32MP233AAK3, STM32MP233AAL3, STM32MP233CAJ3, STM32MP233CAK3, STM32MP233CAL3, STM32MP233DAJ3, STM32MP233DAK3, STM32MP233DAL3, STM32MP233FAJ3, STM32MP233FAK3, STM32MP233FAL3, STM32MP235AAJ3, STM32MP235AAK3, STM32MP235AAL3, STM32MP235CAJ3, STM32MP235CAK3, STM32MP235CAL3, STM32MP235DAJ3, STM32MP235DAK3, STM32MP235DAL3, STM32MP235FAJ3, STM32MP235FAK3, STM32MP235FAL3, STM32MP251AAI3, STM32MP251AAJ3, STM32MP251AAK3, STM32MP251AAL3, STM32MP251CAI3, STM32MP251CAJ3, STM32MP251CAK3, STM32MP251CAL3, STM32MP251DAI3, STM32MP251DAJ3, STM32MP251DAK3, STM32MP251DAL3, STM32MP251FAI3, STM32MP251FAJ3, STM32MP251FAK3, STM32MP251FAL3, STM32MP253AAI3, STM32MP253AAJ3, STM32MP253AAK3, STM32MP253AAL3, STM32MP253CAI3, STM32MP253CAJ3, STM32MP253CAK3, STM32MP253CAL3, STM32MP253DAI3, STM32MP253DAJ3, STM32MP253DAK3, STM32MP253DAL3, STM32MP253FAI3, STM32MP253FAJ3, STM32MP253FAK3, STM32MP253FAL3, STM32MP255AAI3, STM32MP255AAJ3, STM32MP255AAK3, STM32MP255AAL3, STM32MP255CAI3, STM32MP255CAJ3, STM32MP255CAK3, STM32MP255CAL3, STM32MP255DAI3, STM32MP255DAJ3, STM32MP255DAK3, STM32MP255DAL3, STM32MP255FAI3, STM32MP255FAJ3, STM32MP255FAK3, STM32MP255FAL3, STM32MP257AAI3, STM32MP257AAJ3, STM32MP257AAK3, STM32MP257AAL3, STM32MP257CAI3, STM32MP257CAJ3, STM32MP257CAK3, STM32MP257CAL3, STM32MP257DAI3, STM32MP257DAJ3, STM32MP257DAK3, STM32MP257DAL3, STM32MP257F-DK, STM32MP257F-EV1, STM32MP257FAI3, STM32MP257FAJ3, STM32MP257FAK3, STM32MP257FAL3, STM32N645A0H3Q, STM32N645B0H3Q, STM32N645I0H3Q, STM32N645L0H3Q, STM32N645X0H3Q, STM32N645Z0H3Q, STM32N647A0H3Q, STM32N647B0H3Q, STM32N647I0H3Q, STM32N647L0H3Q, STM32N647X0H3Q, STM32N647Z0H3Q, STM32N655A0H3Q, STM32N655B0H3Q, STM32N655I0H3Q, STM32N655L0H3Q, STM32N655X0H3Q, STM32N655Z0H3Q, STM32N6570-DK, STM32N657A0H3Q, STM32N657B0H3Q, STM32N657I0H3Q, STM32N657L0H3Q, STM32N657X0H3Q, STM32N657Z0H3Q, STM32U031C6T6, STM32U031C6U6, STM32U031C8T6, STM32U031C8U6, STM32U031F4P6, STM32U031F6P6, STM32U031F8P6, STM32U031G6Y6TR, STM32U031G8Y6TR, STM32U031K4U6, STM32U031K6U6, STM32U031K8U6, STM32U031R6I6, STM32U031R6T6, STM32U031R8I6, STM32U031R8T6, STM32U073C8T6, STM32U073C8U6, STM32U073CBT6, STM32U073CBU6, STM32U073CCT6, STM32U073CCU6, STM32U073H8Y6TR, STM32U073HBY6TR, STM32U073HCY6TR, STM32U073K8U6, STM32U073KBU6, STM32U073KCU6, STM32U073M8I6, STM32U073M8T6, STM32U073MBI6, STM32U073MBT6, STM32U073MCI6, STM32U073MCT6, STM32U073R8I6, STM32U073R8T6, STM32U073RBI6, STM32U073RBT6, STM32U073RCI6, STM32U073RCT6, STM32U083C-DK, STM32U083CCT6, STM32U083CCU6, STM32U083HCY6TR, STM32U083KCU6, STM32U083MCI6, STM32U083MCT6, STM32U083RCI6, STM32U083RCT6, STM32U375CET6, STM32U375CET6Q, STM32U375CEU6, STM32U375CEU6Q, STM32U375CEY6QTR, STM32U375CGT6, STM32U375CGT6Q, STM32U375CGU6, STM32U375CGU6Q, STM32U375CGY6QTR, STM32U375KEU6, STM32U375KGU6, STM32U375REI6, STM32U375REI6Q, STM32U375RET6, STM32U375RET6Q, STM32U375REY6GTR, STM32U375REY6QTR, STM32U375RGI6, STM32U375RGI6Q, STM32U375RGT6, STM32U375RGT6Q, STM32U375RGY6GTR, STM32U375RGY6QTR, STM32U375VEI6, STM32U375VEI6Q, STM32U375VET6, STM32U375VET6Q, STM32U375VGI6, STM32U375VGI6Q, STM32U375VGT6, STM32U375VGT6Q, STM32U385CGT6, STM32U385CGT6Q, STM32U385CGU6, STM32U385CGU6Q, STM32U385CGY6QTR, STM32U385KGU6, STM32U385RGI6, STM32U385RGI6Q, STM32U385RGT6, STM32U385RGT6Q, STM32U385RGY6GTR, STM32U385RGY6QTR, STM32U385VGI6, STM32U385VGI6Q, STM32U385VGT6, STM32U385VGT6Q, STM32U535CBT6, STM32U535CBT6Q, STM32U535CBU6, STM32U535CBU6Q, STM32U535CCT6, STM32U535CCT6Q, STM32U535CCU6, STM32U535CCU6Q, STM32U535CET6, STM32U535CET6Q, STM32U535CEU6, STM32U535CEU6Q, STM32U535JEY6QTR, STM32U535NCY6QTR, STM32U535NEY6QTR, STM32U535RBI6, STM32U535RBI6Q, STM32U535RBT6, STM32U535RBT6Q, STM32U535RCI6, STM32U535RCI6Q, STM32U535RCT6, STM32U535RCT6Q, STM32U535REI6, STM32U535REI6Q, STM32U535RET6, STM32U535RET6Q, STM32U535VCI6, STM32U535VCI6Q, STM32U535VCT6, STM32U535VCT6Q, STM32U535VEI6, STM32U535VEI6Q, STM32U535VET6, STM32U535VET6Q, STM32U545CET6, STM32U545CET6Q, STM32U545CEU6, STM32U545CEU6Q, STM32U545JEY6QTR, STM32U545NEY6QTR, STM32U545REI6, STM32U545REI6Q, STM32U545RET6, STM32U545RET6Q, STM32U545VEI6, STM32U545VEI6Q, STM32U545VET6, STM32U545VET6Q, STM32U595AIH6, STM32U595AIH6Q, STM32U595AJH6, STM32U595AJH6Q, STM32U595QII6, STM32U595QII6Q, STM32U595QJI6, STM32U595QJI6Q, STM32U595RIT6, STM32U595RIT6Q, STM32U595RJT6, STM32U595RJT6Q, STM32U595VIT6, STM32U595VIT6Q, STM32U595VJT6, STM32U595VJT6Q, STM32U595ZIT6, STM32U595ZIT6Q, STM32U595ZIY6QTR, STM32U595ZJT6, STM32U595ZJT6Q, STM32U595ZJY6QTR, STM32U599BJY6QTR, STM32U599NIH6Q, STM32U599NJH6Q, STM32U599VIT6Q, STM32U599VJT6, STM32U599VJT6Q, STM32U599ZIT6Q, STM32U599ZIY6QTR, STM32U599ZJT6Q, STM32U599ZJY6QTR, STM32U5A5AJH6, STM32U5A5AJH6Q, STM32U5A5QII3Q , STM32U5A5QJI6, STM32U5A5QJI6Q, STM32U5A5RJT6, STM32U5A5RJT6Q, STM32U5A5VJT6, STM32U5A5VJT6Q, STM32U5A5ZJT6, STM32U5A5ZJT6Q, STM32U5A5ZJY6QTR, STM32U5A9BJY6QTR, STM32U5A9J-DK, STM32U5A9NJH6Q, STM32U5A9VJT6Q, STM32U5A9ZJT6Q, STM32U5A9ZJY6QTR, STM32U5F7VIT6, STM32U5F7VIT6Q, STM32U5F7VJT6, STM32U5F7VJT6Q, STM32U5F9BJY6QTR, STM32U5F9NJH6Q, STM32U5F9VIT6Q, STM32U5F9VJT6Q, STM32U5F9ZIJ6QTR, STM32U5F9ZIT6Q, STM32U5F9ZJJ6QTR, STM32U5F9ZJT6Q, STM32U5G7VJT6, STM32U5G7VJT6Q, STM32U5G9BJY6QTR, STM32U5G9J-DK1, STM32U5G9J-DK2, STM32U5G9NJH6Q, STM32U5G9VJT6Q, STM32U5G9ZJJ6QTR, STM32U5G9ZJT6Q, STM32WB05KZV6TR, STM32WB05KZV7TR, STM32WB05TZF6TR, STM32WB05TZF7TR, STM32WB06CCF6TR, STM32WB06CCF7TR, STM32WB06CCV6TR, STM32WB06CCV7TR, STM32WB06KCV6TR, STM32WB06KCV7TR, STM32WB07CCF6TR, STM32WB07CCF7TR, STM32WB07CCV6TR, STM32WB07CCV7TR, STM32WB07KCV6TR, STM32WB07KCV7TR, STM32WB09KEV6TR, STM32WB09KEV7TR, STM32WB09TEF6TR, STM32WB09TEF7TR, STM32WB1MMCH6, STM32WBA50KGU6, STM32WBA50KGU6TR, STM32WBA52CEU6, STM32WBA52CEU6TR, STM32WBA52CEU7, STM32WBA52CEU7TR, STM32WBA52CGU6, STM32WBA52CGU6TR, STM32WBA52CGU6U, STM32WBA52CGU7, STM32WBA52CGU7TR, STM32WBA52KEU6, STM32WBA52KEU6TR, STM32WBA52KGU6, STM32WBA52KGU6TR, STM32WBA54CEU6, STM32WBA54CEU6TR, STM32WBA54CEU7, STM32WBA54CEU7TR, STM32WBA54CGU6, STM32WBA54CGU6TR, STM32WBA54CGU7, STM32WBA54CGU7TR, STM32WBA54KEU6, STM32WBA54KEU6TR, STM32WBA54KEU7, STM32WBA54KEU7TR, STM32WBA54KGU6, STM32WBA54KGU6TR, STM32WBA54KGU7, STM32WBA54KGU7TR, STM32WBA55CEU6, STM32WBA55CEU6TR, STM32WBA55CEU7, STM32WBA55CEU7TR, STM32WBA55CGU6, STM32WBA55CGU6TR, STM32WBA55CGU6U, STM32WBA55CGU7, STM32WBA55CGU7TR, STM32WBA55G-DK1, STM32WBA55HEF6, STM32WBA55HEF7, STM32WBA55HGF6, STM32WBA55HGF7, STM32WBA55UEI6, STM32WBA55UEI6TR, STM32WBA55UEI7, STM32WBA55UEI7TR, STM32WBA55UGI6, STM32WBA55UGI6TR, STM32WBA55UGI7, STM32WBA55UGI7TR, STM32WBA5MJGH6TR, STM32WBA5MJGH6U, STM32WL33C8V6, STM32WL33C8V6TR, STM32WL33C8V7, STM32WL33C8V7TR, STM32WL33CBV6, STM32WL33CBV6TR, STM32WL33CBV7, STM32WL33CBV7TR, STM32WL33CCV6, STM32WL33CCV6TR, STM32WL33CCV7, STM32WL33CCV7A, STM32WL33CCV7ATR, STM32WL33CCV7TR, STM32WL33K8V6, STM32WL33K8V6TR, STM32WL33K8V7, STM32WL33K8V7TR, STM32WL33KBV6, STM32WL33KBV6TR, STM32WL33KBV7, STM32WL33KBV7TR, STM32WL33KCV6, STM32WL33KCV6TR, STM32WL33KCV7, STM32WL33KCV7TR, STM32WL5MOCH6, STM32WL5MOCH6TR]
2025-01-23 02:22:08,716 [INFO] BoardInfo:889 - No configuration file found for board P-NUCLEO-WB55
2025-01-23 02:22:08,716 [INFO] DbBoards:161 - Kit is not supported: P-NUCLEO-WB55
2025-01-23 02:22:08,723 [INFO] BoardInfo:889 - No configuration file found for board STEVAL-BFA001V1B
2025-01-23 02:22:08,724 [INFO] DbBoards:161 - Kit is not supported: STEVAL-BFA001V1B
2025-01-23 02:22:08,725 [INFO] BoardInfo:889 - No configuration file found for board STEVAL-BFA001V2B
2025-01-23 02:22:08,726 [INFO] DbBoards:161 - Kit is not supported: STEVAL-BFA001V2B
2025-01-23 02:22:08,893 [INFO] DbBoards:168 - Found 209 boards, 206 are supported
2025-01-23 02:22:08,893 [INFO] DbBoards:169 - Found 209 boards, 42 of them is supported for  Bsp
2025-01-23 02:22:08,911 [INFO] ApiDb:668 - CubeFinder database Data Model version=2.1
2025-01-23 02:22:08,912 [INFO] ApiDb:669 - CubeFinder database Configuration version=3.0.39
2025-01-23 02:22:08,912 [INFO] ApiDb:670 - CubeFinder database generation date=2024-12-10 (1733817889)
2025-01-23 02:22:08,912 [INFO] ApiDb:671 - CubeFinder database FW Pack versions=[FP-ATR-ASTRA1_V2.0.0, FP-SNS-FLIGHT1_V5.0.2, FP-SNS-MOTENV1_V5.0.0, FP-SNS-MOTENVWB1_V1.4.0, FP-SNS-SMARTAG2_V1.2.0, FP-SNS-STBOX1_V2.0.0, STM32Cube_FW_C0_V1.3.0, STM32Cube_FW_F4_V1.28.1, STM32Cube_FW_F7_V1.17.2, STM32Cube_FW_G0_V1.6.2, STM32Cube_FW_G4_V1.6.1, STM32Cube_FW_H5_V1.4.0, STM32Cube_FW_H7RS_V1.1.0, STM32Cube_FW_H7_V1.12.0, STM32Cube_FW_L0_V1.12.2, STM32Cube_FW_L4_V1.18.1, STM32Cube_FW_L5_V1.5.1, STM32Cube_FW_N6_V1.0.0, STM32Cube_FW_U0_V1.2.0, STM32Cube_FW_U3_V1.0.0, STM32Cube_FW_U5_V1.7.0, STM32Cube_FW_WB0_V1.1.0, STM32Cube_FW_WBA_V1.5.0, STM32Cube_FW_WB_V1.21.0, STM32Cube_FW_WL3_V1.0.0, STM32Cube_FW_WL_V1.3.0, X-CUBE-ALGOBUILD_V1.4.0, X-CUBE-ALS_V1.0.2, X-CUBE-AZRTOS-F4_V1.1.0, X-CUBE-AZRTOS-F7_V1.1.0, X-CUBE-AZRTOS-G0_V1.1.0, X-CUBE-AZRTOS-G4_V2.0.0, X-CUBE-AZRTOS-H7RS_V1.0.0, X-CUBE-AZRTOS-H7_V3.3.0, X-CUBE-AZRTOS-L4_V2.0.0, X-CUBE-AZRTOS-L5_V2.0.0, X-CUBE-AZRTOS-WB_V2.0.0, X-CUBE-AZRTOS-WL_V2.0.0, X-CUBE-BLE1_V7.0.0, X-CUBE-BLE2_V3.3.0, X-CUBE-BLEMGR_V3.1.0, X-CUBE-EEPRMA1_V5.1.0, X-CUBE-FREERTOS_V1.2.0, X-CUBE-GNSS1_V6.0.0, X-CUBE-MEMS1_V11.0.0, X-CUBE-NFC4_V3.0.0, X-CUBE-NFC7_V1.0.1, X-CUBE-SFXS2LP1_V4.0.0, X-CUBE-SUBG2_V5.0.0, X-CUBE-TOF1_V3.4.2]
2025-01-23 02:22:12,241 [INFO] ApiDb:240 - Found 858 in-development CPN: [B-G473E-ZEST1S, B-WB1M-WPAN1, B-WBA5M-WPAN, B-WL5M-SUBG1, NUCLEO-C031C6, NUCLEO-C051C8, NUCLEO-C071RB, NUCLEO-C092RC, NUCLEO-H503RB, NUCLEO-H533RE, NUCLEO-H563ZI, NUCLEO-H7S3L8, NUCLEO-N657X0-Q, NUCLEO-U031R8, NUCLEO-U083RC, NUCLEO-U385RG-Q, NUCLEO-U545RE-Q, NUCLEO-U5A5ZJ-Q, NUCLEO-WB05KZ, NUCLEO-WB07CC, NUCLEO-WB09KE, NUCLEO-WBA52CG, NUCLEO-WBA55CG, NUCLEO-WL33CC1, NUCLEO-WL33CC2, STEVAL-PROTEUS1, STEVAL-SMARTAG2, STEVAL-STWINBX1, STM320518-EVAL, STM32C0116-DK, STM32C011D6Y3TR, STM32C011D6Y6TR, STM32C011F4P3, STM32C011F4P6, STM32C011F4U3, STM32C011F4U6TR, STM32C011F6P3, STM32C011F6P6, STM32C011F6U3, STM32C011F6U6TR, STM32C011J4M3, STM32C011J4M6, STM32C011J6M3, STM32C011J6M6, STM32C0316-DK, STM32C031C4T3, STM32C031C4T6, STM32C031C4U3, STM32C031C4U6, STM32C031C6T3, STM32C031C6T6, STM32C031C6U3, STM32C031C6U6, STM32C031F4P3, STM32C031F4P6, STM32C031F6P3, STM32C031F6P6, STM32C031G4U3, STM32C031G4U6, STM32C031G6U3, STM32C031G6U6, STM32C031K4T3, STM32C031K4T6, STM32C031K4U3, STM32C031K4U6, STM32C031K6T3, STM32C031K6T6, STM32C031K6U3, STM32C031K6U6, STM32C051C6T6, STM32C051C6U6, STM32C051C8T6, STM32C051C8U6, STM32C051D8Y6TR, STM32C051F6P6, STM32C051F8P6, STM32C051G6U6, STM32C051G8U6, STM32C051K6T6, STM32C051K6U6, STM32C051K8T6, STM32C071C8T6, STM32C071C8T6N, STM32C071C8U6, STM32C071C8U6N, STM32C071CBT6, STM32C071CBT6N, STM32C071CBU6, STM32C071CBU6N, STM32C071F8P6, STM32C071F8P6N, STM32C071FBP6, STM32C071FBP6N, STM32C071FBY6TR, STM32C071G8U6, STM32C071G8U6N, STM32C071GBU6, STM32C071GBU6N, STM32C071K8T6, STM32C071K8T6N, STM32C071K8U6, STM32C071K8U6N, STM32C071KBT6, STM32C071KBT6N, STM32C071KBU6, STM32C071KBU6N, STM32C071R8T6, STM32C071R8T6N, STM32C071RBI6N, STM32C071RBT6, STM32C071RBT6N, STM32C091CBT6, STM32C091CBU6, STM32C091CCT6, STM32C091CCU6, STM32C091ECY6TR, STM32C091FBP6, STM32C091FCP6, STM32C091GBU6, STM32C091GCU6, STM32C091KBT6, STM32C091KBU6, STM32C091KCT6, STM32C091KCU6, STM32C091RBT6, STM32C091RCI6, STM32C091RCT6, STM32C092CBT6, STM32C092CBU6, STM32C092CCT6, STM32C092CCU6, STM32C092ECY6TR, STM32C092FBP6, STM32C092FCP6, STM32C092GBU6, STM32C092GCU6, STM32C092KBT6, STM32C092KBU6, STM32C092KCT6, STM32C092KCU6, STM32C092RBT6, STM32C092RCI6, STM32C092RCT6, STM32G071K8TXN, STM32G071K8UXN, STM32G081GBU6N, STM32G081KBT6N, STM32G081KBUXN, STM32G0B1CCT6N, STM32G0B1KCT6, STM32G0B1NEY6TR, STM32G0B1RCT6N, STM32G0C1CCT6, STM32G0C1CCT6N, STM32G0C1CCU6N, STM32G0C1CET6N, STM32G0C1CEU6N, STM32G0C1KCT6, STM32G0C1NEY6TR, STM32G0C1RCI6N, STM32G0C1RCT6N, STM32G0C1REI6N, STM32G0C1RET6N, STM32G0C1VCI6, STM32G0C1VEI6, STM32G411C6T3, STM32G411C6T6, STM32G411C6U3, STM32G411C6U6, STM32G411C8T3, STM32G411C8T6, STM32G411C8U3, STM32G411C8U6, STM32G411CBT3, STM32G411CBT6, STM32G411CBU3, STM32G411CBU6, STM32G411CCT3, STM32G411CCT6, STM32G411CCU3, STM32G411CCU6, STM32G411K6T3, STM32G411K6T6, STM32G411K6U3, STM32G411K6U6, STM32G411K8T3, STM32G411K8T6, STM32G411K8U3, STM32G411K8U6, STM32G411KBT3, STM32G411KBT6, STM32G411KBU3, STM32G411KBU6, STM32G411M6T3, STM32G411M6T6, STM32G411M8T3, STM32G411M8T6, STM32G411MBT3, STM32G411MBT6, STM32G411MCT3, STM32G411MCT6, STM32G411R6T3, STM32G411R6T6, STM32G411R8T3, STM32G411R8T6, STM32G411RBT3, STM32G411RBT6, STM32G411RCT3, STM32G411RCT6, STM32G414CBT3, STM32G414CBT6, STM32G414CBU3, STM32G414CBU6, STM32G414CCT3, STM32G414CCT6, STM32G414CCU3, STM32G414CCU6, STM32G414MBT3, STM32G414MBT6, STM32G414MCT3, STM32G414MCT6, STM32G414RBT3, STM32G414RBT6, STM32G414RCT3, STM32G414RCT6, STM32G414VBT3, STM32G414VBT6, STM32G414VCT3, STM32G414VCT6, STM32G431CBT3Z, STM32G431RBT3Z, STM32G471CCT6, STM32G471CCU6, STM32G471CET3, STM32G471CET6, STM32G471CEU3, STM32G471CEU6, STM32G471MCT6, STM32G471MET3, STM32G471MET6, STM32G471MEY6TR, STM32G471QCT6, STM32G471QET3, STM32G471RCT6, STM32G471RET3, STM32G471RET6, STM32G471VCH6, STM32G471VCI6, STM32G471VCT6, STM32G471VEH3, STM32G471VEH6, STM32G471VEI3, STM32G471VEI6, STM32G471VET3, STM32G471VET6, STM32G473QET3Z, STM32G473RET3Z, STM32G474CCT6, STM32G491RET3Z, STM32H503CBT6, STM32H503CBU6, STM32H503EBY6TR, STM32H503KBU6, STM32H503RBT6, STM32H523CCT6, STM32H523CCU6, STM32H523CET6, STM32H523CEU6, STM32H523HEY6TR, STM32H523RCT6, STM32H523RET6, STM32H523VCI6, STM32H523VCT6, STM32H523VEI6, STM32H523VET6, STM32H523ZCJ6, STM32H523ZCT6, STM32H523ZEJ6, STM32H523ZET6, STM32H533CET6, STM32H533CEU6, STM32H533HEY6TR, STM32H533RET6, STM32H533VEI6, STM32H533VET6, STM32H533ZEJ6, STM32H533ZET6, STM32H562AGI6, STM32H562AII6, STM32H562IGK6, STM32H562IGT6, STM32H562IIK6, STM32H562IIT6, STM32H562RGT6, STM32H562RGV6, STM32H562RIT6, STM32H562RIV6, STM32H562VGT6, STM32H562VIT6, STM32H562ZGT6, STM32H562ZIT6, STM32H563AGI6, STM32H563AII3Q, STM32H563AII6, STM32H563IGK6, STM32H563IGT6, STM32H563IIK3Q, STM32H563IIK6, STM32H563IIT3Q, STM32H563IIT6, STM32H563MIY3QTR, STM32H563RGT6, STM32H563RGV6, STM32H563RIT6, STM32H563RIV6, STM32H563VGT6, STM32H563VIT3Q, STM32H563VIT6, STM32H563ZGT6, STM32H563ZIT3Q, STM32H563ZIT6, STM32H573AII3Q, STM32H573AII6, STM32H573I-DK, STM32H573IIK3Q, STM32H573IIK6, STM32H573IIT3Q, STM32H573IIT6, STM32H573MIY3QTR, STM32H573RIT6, STM32H573RIV6, STM32H573VIT3Q, STM32H573VIT6, STM32H573ZIT3Q, STM32H573ZIT6, STM32H7R3A8I6, STM32H7R3I8K6, STM32H7R3I8T6, STM32H7R3L8H6, STM32H7R3L8H6H, STM32H7R3R8V6, STM32H7R3V8H6, STM32H7R3V8T6, STM32H7R3V8Y6TR, STM32H7R3Z8J6, STM32H7R3Z8T6, STM32H7R7A8I6, STM32H7R7I8K6, STM32H7R7I8T6, STM32H7R7L8H6, STM32H7R7L8H6H, STM32H7R7Z8J6, STM32H7S3A8I6, STM32H7S3I8K6, STM32H7S3I8T6, STM32H7S3L8H6, STM32H7S3L8H6H, STM32H7S3R8V6, STM32H7S3V8H6, STM32H7S3V8T6, STM32H7S3V8Y6TR, STM32H7S3Z8J6, STM32H7S3Z8T6, STM32H7S78-DK, STM32H7S7A8I6, STM32H7S7I8K6, STM32H7S7I8T6, STM32H7S7L8H6, STM32H7S7L8H6H, STM32H7S7Z8J6, STM32L4R5QGI6STR, STM32MP131AAE3, STM32MP131AAF3, STM32MP131AAG3, STM32MP131CAE3, STM32MP131CAF3, STM32MP131CAG3, STM32MP131DAE7, STM32MP131DAF7, STM32MP131DAG7, STM32MP131FAE7, STM32MP131FAF7, STM32MP131FAG7, STM32MP133AAE3, STM32MP133AAF3, STM32MP133AAG3, STM32MP133CAE3, STM32MP133CAF3, STM32MP133CAG3, STM32MP133DAE7, STM32MP133DAF7, STM32MP133DAG7, STM32MP133FAE7, STM32MP133FAF7, STM32MP133FAG7, STM32MP135AAE3, STM32MP135AAF3, STM32MP135AAG3, STM32MP135CAE3, STM32MP135CAF3, STM32MP135CAG3, STM32MP135DAE7, STM32MP135DAF7, STM32MP135DAG7, STM32MP135F-DK, STM32MP135FAE7, STM32MP135FAF7, STM32MP135FAF7T, STM32MP135FAF7U, STM32MP135FAG7, STM32MP231AAJ3, STM32MP231AAK3, STM32MP231AAL3, STM32MP231CAJ3, STM32MP231CAK3, STM32MP231CAL3, STM32MP231DAJ3, STM32MP231DAK3, STM32MP231DAL3, STM32MP231FAJ3, STM32MP231FAK3, STM32MP231FAL3, STM32MP233AAJ3, STM32MP233AAK3, STM32MP233AAL3, STM32MP233CAJ3, STM32MP233CAK3, STM32MP233CAL3, STM32MP233DAJ3, STM32MP233DAK3, STM32MP233DAL3, STM32MP233FAJ3, STM32MP233FAK3, STM32MP233FAL3, STM32MP235AAJ3, STM32MP235AAK3, STM32MP235AAL3, STM32MP235CAJ3, STM32MP235CAK3, STM32MP235CAL3, STM32MP235DAJ3, STM32MP235DAK3, STM32MP235DAL3, STM32MP235FAJ3, STM32MP235FAK3, STM32MP235FAL3, STM32MP251AAI3, STM32MP251AAJ3, STM32MP251AAK3, STM32MP251AAL3, STM32MP251CAI3, STM32MP251CAJ3, STM32MP251CAK3, STM32MP251CAL3, STM32MP251DAI3, STM32MP251DAJ3, STM32MP251DAK3, STM32MP251DAL3, STM32MP251FAI3, STM32MP251FAJ3, STM32MP251FAK3, STM32MP251FAL3, STM32MP253AAI3, STM32MP253AAJ3, STM32MP253AAK3, STM32MP253AAL3, STM32MP253CAI3, STM32MP253CAJ3, STM32MP253CAK3, STM32MP253CAL3, STM32MP253DAI3, STM32MP253DAJ3, STM32MP253DAK3, STM32MP253DAL3, STM32MP253FAI3, STM32MP253FAJ3, STM32MP253FAK3, STM32MP253FAL3, STM32MP255AAI3, STM32MP255AAJ3, STM32MP255AAK3, STM32MP255AAL3, STM32MP255CAI3, STM32MP255CAJ3, STM32MP255CAK3, STM32MP255CAL3, STM32MP255DAI3, STM32MP255DAJ3, STM32MP255DAK3, STM32MP255DAL3, STM32MP255FAI3, STM32MP255FAJ3, STM32MP255FAK3, STM32MP255FAL3, STM32MP257AAI3, STM32MP257AAJ3, STM32MP257AAK3, STM32MP257AAL3, STM32MP257CAI3, STM32MP257CAJ3, STM32MP257CAK3, STM32MP257CAL3, STM32MP257DAI3, STM32MP257DAJ3, STM32MP257DAK3, STM32MP257DAL3, STM32MP257F-DK, STM32MP257F-EV1, STM32MP257FAI3, STM32MP257FAJ3, STM32MP257FAK3, STM32MP257FAL3, STM32N645A0H3Q, STM32N645B0H3Q, STM32N645I0H3Q, STM32N645L0H3Q, STM32N645X0H3Q, STM32N645Z0H3Q, STM32N647A0H3Q, STM32N647B0H3Q, STM32N647I0H3Q, STM32N647L0H3Q, STM32N647X0H3Q, STM32N647Z0H3Q, STM32N655A0H3Q, STM32N655B0H3Q, STM32N655I0H3Q, STM32N655L0H3Q, STM32N655X0H3Q, STM32N655Z0H3Q, STM32N6570-DK, STM32N657A0H3Q, STM32N657B0H3Q, STM32N657I0H3Q, STM32N657L0H3Q, STM32N657X0H3Q, STM32N657Z0H3Q, STM32U031C6T6, STM32U031C6U6, STM32U031C8T6, STM32U031C8U6, STM32U031F4P6, STM32U031F6P6, STM32U031F8P6, STM32U031G6Y6TR, STM32U031G8Y6TR, STM32U031K4U6, STM32U031K6U6, STM32U031K8U6, STM32U031R6I6, STM32U031R6T6, STM32U031R8I6, STM32U031R8T6, STM32U073C8T6, STM32U073C8U6, STM32U073CBT6, STM32U073CBU6, STM32U073CCT6, STM32U073CCU6, STM32U073H8Y6TR, STM32U073HBY6TR, STM32U073HCY6TR, STM32U073K8U6, STM32U073KBU6, STM32U073KCU6, STM32U073M8I6, STM32U073M8T6, STM32U073MBI6, STM32U073MBT6, STM32U073MCI6, STM32U073MCT6, STM32U073R8I6, STM32U073R8T6, STM32U073RBI6, STM32U073RBT6, STM32U073RCI6, STM32U073RCT6, STM32U083C-DK, STM32U083CCT6, STM32U083CCU6, STM32U083HCY6TR, STM32U083KCU6, STM32U083MCI6, STM32U083MCT6, STM32U083RCI6, STM32U083RCT6, STM32U375CET6, STM32U375CET6Q, STM32U375CEU6, STM32U375CEU6Q, STM32U375CEY6QTR, STM32U375CGT6, STM32U375CGT6Q, STM32U375CGU6, STM32U375CGU6Q, STM32U375CGY6QTR, STM32U375KEU6, STM32U375KGU6, STM32U375REI6, STM32U375REI6Q, STM32U375RET6, STM32U375RET6Q, STM32U375REY6GTR, STM32U375REY6QTR, STM32U375RGI6, STM32U375RGI6Q, STM32U375RGT6, STM32U375RGT6Q, STM32U375RGY6GTR, STM32U375RGY6QTR, STM32U375VEI6, STM32U375VEI6Q, STM32U375VET6, STM32U375VET6Q, STM32U375VGI6, STM32U375VGI6Q, STM32U375VGT6, STM32U375VGT6Q, STM32U385CGT6, STM32U385CGT6Q, STM32U385CGU6, STM32U385CGU6Q, STM32U385CGY6QTR, STM32U385KGU6, STM32U385RGI6, STM32U385RGI6Q, STM32U385RGT6, STM32U385RGT6Q, STM32U385RGY6GTR, STM32U385RGY6QTR, STM32U385VGI6, STM32U385VGI6Q, STM32U385VGT6, STM32U385VGT6Q, STM32U535CBT6, STM32U535CBT6Q, STM32U535CBU6, STM32U535CBU6Q, STM32U535CCT6, STM32U535CCT6Q, STM32U535CCU6, STM32U535CCU6Q, STM32U535CET6, STM32U535CET6Q, STM32U535CEU6, STM32U535CEU6Q, STM32U535JEY6QTR, STM32U535NCY6QTR, STM32U535NEY6QTR, STM32U535RBI6, STM32U535RBI6Q, STM32U535RBT6, STM32U535RBT6Q, STM32U535RCI6, STM32U535RCI6Q, STM32U535RCT6, STM32U535RCT6Q, STM32U535REI6, STM32U535REI6Q, STM32U535RET6, STM32U535RET6Q, STM32U535VCI6, STM32U535VCI6Q, STM32U535VCT6, STM32U535VCT6Q, STM32U535VEI6, STM32U535VEI6Q, STM32U535VET6, STM32U535VET6Q, STM32U545CET6, STM32U545CET6Q, STM32U545CEU6, STM32U545CEU6Q, STM32U545JEY6QTR, STM32U545NEY6QTR, STM32U545REI6, STM32U545REI6Q, STM32U545RET6, STM32U545RET6Q, STM32U545VEI6, STM32U545VEI6Q, STM32U545VET6, STM32U545VET6Q, STM32U595AIH6, STM32U595AIH6Q, STM32U595AJH6, STM32U595AJH6Q, STM32U595QII6, STM32U595QII6Q, STM32U595QJI6, STM32U595QJI6Q, STM32U595RIT6, STM32U595RIT6Q, STM32U595RJT6, STM32U595RJT6Q, STM32U595VIT6, STM32U595VIT6Q, STM32U595VJT6, STM32U595VJT6Q, STM32U595ZIT6, STM32U595ZIT6Q, STM32U595ZIY6QTR, STM32U595ZJT6, STM32U595ZJT6Q, STM32U595ZJY6QTR, STM32U599BJY6QTR, STM32U599NIH6Q, STM32U599NJH6Q, STM32U599VIT6Q, STM32U599VJT6, STM32U599VJT6Q, STM32U599ZIT6Q, STM32U599ZIY6QTR, STM32U599ZJT6Q, STM32U599ZJY6QTR, STM32U5A5AJH6, STM32U5A5AJH6Q, STM32U5A5QII3Q , STM32U5A5QJI6, STM32U5A5QJI6Q, STM32U5A5RJT6, STM32U5A5RJT6Q, STM32U5A5VJT6, STM32U5A5VJT6Q, STM32U5A5ZJT6, STM32U5A5ZJT6Q, STM32U5A5ZJY6QTR, STM32U5A9BJY6QTR, STM32U5A9J-DK, STM32U5A9NJH6Q, STM32U5A9VJT6Q, STM32U5A9ZJT6Q, STM32U5A9ZJY6QTR, STM32U5F7VIT6, STM32U5F7VIT6Q, STM32U5F7VJT6, STM32U5F7VJT6Q, STM32U5F9BJY6QTR, STM32U5F9NJH6Q, STM32U5F9VIT6Q, STM32U5F9VJT6Q, STM32U5F9ZIJ6QTR, STM32U5F9ZIT6Q, STM32U5F9ZJJ6QTR, STM32U5F9ZJT6Q, STM32U5G7VJT6, STM32U5G7VJT6Q, STM32U5G9BJY6QTR, STM32U5G9J-DK1, STM32U5G9J-DK2, STM32U5G9NJH6Q, STM32U5G9VJT6Q, STM32U5G9ZJJ6QTR, STM32U5G9ZJT6Q, STM32WB05KZV6TR, STM32WB05KZV7TR, STM32WB05TZF6TR, STM32WB05TZF7TR, STM32WB06CCF6TR, STM32WB06CCF7TR, STM32WB06CCV6TR, STM32WB06CCV7TR, STM32WB06KCV6TR, STM32WB06KCV7TR, STM32WB07CCF6TR, STM32WB07CCF7TR, STM32WB07CCV6TR, STM32WB07CCV7TR, STM32WB07KCV6TR, STM32WB07KCV7TR, STM32WB09KEV6TR, STM32WB09KEV7TR, STM32WB09TEF6TR, STM32WB09TEF7TR, STM32WB1MMCH6, STM32WBA50KGU6, STM32WBA50KGU6TR, STM32WBA52CEU6, STM32WBA52CEU6TR, STM32WBA52CEU7, STM32WBA52CEU7TR, STM32WBA52CGU6, STM32WBA52CGU6TR, STM32WBA52CGU6U, STM32WBA52CGU7, STM32WBA52CGU7TR, STM32WBA52KEU6, STM32WBA52KEU6TR, STM32WBA52KGU6, STM32WBA52KGU6TR, STM32WBA54CEU6, STM32WBA54CEU6TR, STM32WBA54CEU7, STM32WBA54CEU7TR, STM32WBA54CGU6, STM32WBA54CGU6TR, STM32WBA54CGU7, STM32WBA54CGU7TR, STM32WBA54KEU6, STM32WBA54KEU6TR, STM32WBA54KEU7, STM32WBA54KEU7TR, STM32WBA54KGU6, STM32WBA54KGU6TR, STM32WBA54KGU7, STM32WBA54KGU7TR, STM32WBA55CEU6, STM32WBA55CEU6TR, STM32WBA55CEU7, STM32WBA55CEU7TR, STM32WBA55CGU6, STM32WBA55CGU6TR, STM32WBA55CGU6U, STM32WBA55CGU7, STM32WBA55CGU7TR, STM32WBA55G-DK1, STM32WBA55HEF6, STM32WBA55HEF7, STM32WBA55HGF6, STM32WBA55HGF7, STM32WBA55UEI6, STM32WBA55UEI6TR, STM32WBA55UEI7, STM32WBA55UEI7TR, STM32WBA55UGI6, STM32WBA55UGI6TR, STM32WBA55UGI7, STM32WBA55UGI7TR, STM32WBA5MJGH6TR, STM32WBA5MJGH6U, STM32WL33C8V6, STM32WL33C8V6TR, STM32WL33C8V7, STM32WL33C8V7TR, STM32WL33CBV6, STM32WL33CBV6TR, STM32WL33CBV7, STM32WL33CBV7TR, STM32WL33CCV6, STM32WL33CCV6TR, STM32WL33CCV7, STM32WL33CCV7A, STM32WL33CCV7ATR, STM32WL33CCV7TR, STM32WL33K8V6, STM32WL33K8V6TR, STM32WL33K8V7, STM32WL33K8V7TR, STM32WL33KBV6, STM32WL33KBV6TR, STM32WL33KBV7, STM32WL33KBV7TR, STM32WL33KCV6, STM32WL33KCV6TR, STM32WL33KCV7, STM32WL33KCV7TR, STM32WL5MOCH6, STM32WL5MOCH6TR]
2025-01-23 02:22:12,247 [INFO] DbMcus:218 - Found 4545 MCUs, 4545 are supported
2025-01-23 02:22:12,248 [INFO] ApiDb:423 - Load user favorites file /home/scott/.stm32cubeide/favorites.mcus.txt: 0 item(s)
2025-01-23 02:22:12,248 [INFO] ApiDb:427 - User favorites MCUs=[]
2025-01-23 02:22:12,248 [INFO] DbMcus:224 - Set 0 / 0 favorites MCUs
2025-01-23 02:22:12,845 [INFO] ApiDb:423 - Load user favorites file /home/scott/.stm32cubeide/favorites.boards.txt: 0 item(s)
2025-01-23 02:22:12,845 [INFO] ApiDb:427 - User favorites Boards=[]
2025-01-23 02:22:12,846 [INFO] DbBoards:198 - Set 0 / 0 favorites Boards
2025-01-23 02:22:12,846 [INFO] McuFinderGlobals:76 - Set McuFinderConnectedMode to true
2025-01-23 02:22:12,852 [INFO] MultiScanPanel:200 - Auto-refresh data requested => check proxy status ongoing
2025-01-23 02:22:12,855 [INFO] FinderPluginLoader:95 - Searching for filters in installed packs
2025-01-23 02:22:14,801 [INFO] LoadUrlFilesThread:185 - End of LoadServerUrlFiles without Thread
2025-01-23 02:22:14,909 [INFO] DetailPanel:341 - Set advertising image to /home/scott/STM32Cube/Repository//en.prom-stm32n6-mcu-finder.png
2025-01-23 02:22:34,572 [INFO] MultiScanPanel:200 - Auto-refresh data requested => check proxy status ongoing
2025-01-23 02:22:34,699 [INFO] LoadUrlFilesThread:185 - End of LoadServerUrlFiles without Thread
2025-01-23 02:22:34,699 [INFO] DetailPanel:341 - Set advertising image to /home/scott/STM32Cube/Repository//en.prom-stm32n6-mcu-finder.png
2025-01-23 02:22:34,710 [INFO] DbBoards:642 - Loading board mini-images...
2025-01-23 02:22:35,001 [ERROR] DbBoards:659 - Image file not found for board B-WBA5M-WPAN: /home/scott/.stmcufinder/plugins/mcufinder//mcu//boards_images/B-WBA5M-WPAN.jpg
2025-01-23 02:22:36,557 [ERROR] DbBoards:659 - Image file not found for board NUCLEO-U385RG-Q: /home/scott/.stmcufinder/plugins/mcufinder//mcu//boards_images/NUCLEO-U385RG-Q.jpg
2025-01-23 02:22:36,606 [ERROR] DbBoards:659 - Image file not found for board NUCLEO-WB05KZ: /home/scott/.stmcufinder/plugins/mcufinder//mcu//boards_images/NUCLEO-WB05KZ.jpg
2025-01-23 02:22:36,684 [ERROR] DbBoards:659 - Image file not found for board NUCLEO-WL33CC1: /home/scott/.stmcufinder/plugins/mcufinder//mcu//boards_images/NUCLEO-WL33CC1.jpg
2025-01-23 02:22:36,684 [ERROR] DbBoards:659 - Image file not found for board NUCLEO-WL33CC2: /home/scott/.stmcufinder/plugins/mcufinder//mcu//boards_images/NUCLEO-WL33CC2.jpg
2025-01-23 02:22:38,158 [INFO] DbBoards:665 - Loaded 204 board mini-images
2025-01-23 02:24:15,324 [INFO] MainUpdater:2872 - connection check result : 10
2025-01-23 02:24:15,325 [INFO] MainUpdater:2872 - connection check result : 10
2025-01-23 02:24:15,456 [INFO] MicroXplorer:468 - Change Database Path : 
2025-01-23 02:24:15,456 [INFO] MicroXplorer:498 - Change Database Version : DB.6.0.130
2025-01-23 02:24:15,486 [WARN] ThirdParty:871 - waiting for thirdparty lock release [close project]
2025-01-23 02:24:15,486 [INFO] ThirdParty:873 - entering critical section [close project]
2025-01-23 02:24:15,487 [INFO] ThirdParty:883 - exiting critical section [close project]
2025-01-23 02:24:15,489 [INFO] PinOutPanel:1589 - setPackage(No Configuration,No Configuration)
2025-01-23 02:24:15,495 [INFO] UtilMem:75 - Begin LoadConfig() Used Memory: 540765424 Bytes (957349888)
2025-01-23 02:24:15,559 [INFO] OpenFileManager:332 - Change cursor
2025-01-23 02:24:15,664 [INFO] ProjectFactory:442 - No CPN specified for board NUCLEO-F030R8 => set CPN to STM32F030R8T6
2025-01-23 02:24:15,665 [INFO] Mcu:2035 - Initializing MCU STM32F030R8Tx STM32F030R8Tx STM32F030R8T6
2025-01-23 02:24:17,010 [INFO] Context:748 - Trying to add GPIOservice into a context  which must be forbidden
2025-01-23 02:24:17,543 [INFO] Rule:228 - rule 117617 - U5Cobra4M][GTZC] default value MPCBB3 and MPCBB5 - Not Secured memory - MPCBB1 is applicable
2025-01-23 02:24:17,543 [INFO] Rule:228 - rule 117617 - U5Cobra4M][GTZC] default value MPCBB3 and MPCBB5 - Not Secured memory - MPCBB1 is applicable
2025-01-23 02:24:17,543 [INFO] Rule:228 - rule 117617 - U5Cobra4M][GTZC] default value MPCBB3 and MPCBB5 - Not Secured memory - MPCBB2 is applicable
2025-01-23 02:24:17,543 [INFO] Rule:228 - rule 117617 - U5Cobra4M][GTZC] default value MPCBB3 and MPCBB5 - Not Secured memory - MPCBB2 is applicable
2025-01-23 02:24:17,543 [INFO] Rule:228 - rule 117617 - U5Cobra4M][GTZC] default value MPCBB3 and MPCBB5 - Not Secured memory - MPCBB3 is applicable
2025-01-23 02:24:17,544 [INFO] Rule:228 - rule 117617 - U5Cobra4M][GTZC] default value MPCBB3 and MPCBB5 - Not Secured memory - MPCBB3 is applicable
2025-01-23 02:24:17,544 [INFO] Rule:228 - rule 117617 - U5Cobra4M][GTZC] default value MPCBB3 and MPCBB5 - Not Secured memory - MPCBB4 is applicable
2025-01-23 02:24:17,544 [INFO] Rule:228 - rule 117617 - U5Cobra4M][GTZC] default value MPCBB3 and MPCBB5 - Not Secured memory - MPCBB4 is applicable
2025-01-23 02:24:17,544 [INFO] Rule:228 - rule 117617 - U5Cobra4M][GTZC] default value MPCBB3 and MPCBB5 - Secured memory - MPCBB1 is applicable
2025-01-23 02:24:17,544 [INFO] Rule:228 - rule 117617 - U5Cobra4M][GTZC] default value MPCBB3 and MPCBB5 - Secured memory - MPCBB2 is applicable
2025-01-23 02:24:17,544 [INFO] Rule:228 - rule 117617 - U5Cobra4M][GTZC] default value MPCBB3 and MPCBB5 - Secured memory - MPCBB3 is applicable
2025-01-23 02:24:17,544 [INFO] Rule:228 - rule 117617 - U5Cobra4M][GTZC] default value MPCBB3 and MPCBB5 - Secured memory - MPCBB4 is applicable
2025-01-23 02:24:17,544 [INFO] Rule:228 - rule 117617 - U5Cobra4M][GTZC] default value MPCBB3 and MPCBB5 - Privileged memory - MPCBB1 is applicable
2025-01-23 02:24:17,544 [INFO] Rule:228 - rule 117617 - U5Cobra4M][GTZC] default value MPCBB3 and MPCBB5 - Privileged memory - MPCBB2 is applicable
2025-01-23 02:24:17,544 [INFO] Rule:228 - rule 117617 - U5Cobra4M][GTZC] default value MPCBB3 and MPCBB5 - Privileged memory - MPCBB3 is applicable
2025-01-23 02:24:17,544 [INFO] Rule:228 - rule 117617 - U5Cobra4M][GTZC] default value MPCBB3 and MPCBB5 - Privileged memory - MPCBB4 is applicable
2025-01-23 02:24:17,544 [INFO] Rule:228 - rule 117617 - U5Cobra4M][GTZC] default value MPCBB3 and MPCBB5 - Not Privileged memory - MPCBB1 is applicable
2025-01-23 02:24:17,544 [INFO] Rule:228 - rule 117617 - U5Cobra4M][GTZC] default value MPCBB3 and MPCBB5 - Not Privileged memory - MPCBB2 is applicable
2025-01-23 02:24:17,544 [INFO] Rule:228 - rule 117617 - U5Cobra4M][GTZC] default value MPCBB3 and MPCBB5 - Not Privileged memory - MPCBB3 is applicable
2025-01-23 02:24:17,544 [INFO] Rule:228 - rule 117617 - U5Cobra4M][GTZC] default value MPCBB3 and MPCBB5 - Not Privileged memory - MPCBB4 is applicable
2025-01-23 02:24:17,544 [INFO] Rule:228 - rule 117617 - U5Cobra4M][GTZC] default value MPCBB3 and MPCBB5 - Privileged memory - MPCBB1 is applicable
2025-01-23 02:24:17,544 [INFO] Rule:228 - rule 117617 - U5Cobra4M][GTZC] default value MPCBB3 and MPCBB5 - Privileged memory - MPCBB2 is applicable
2025-01-23 02:24:17,545 [INFO] Rule:228 - rule 117617 - U5Cobra4M][GTZC] default value MPCBB3 and MPCBB5 - Privileged memory - MPCBB3 is applicable
2025-01-23 02:24:17,545 [INFO] Rule:228 - rule 117617 - U5Cobra4M][GTZC] default value MPCBB3 and MPCBB5 - Privileged memory - MPCBB4 is applicable
2025-01-23 02:24:17,545 [INFO] Rule:228 - rule 117617 - U5Cobra4M][GTZC] default value MPCBB3 and MPCBB5 - Privileged memory - MPCBB1 is applicable
2025-01-23 02:24:17,545 [INFO] Rule:228 - rule 117617 - U5Cobra4M][GTZC] default value MPCBB3 and MPCBB5 - Privileged memory - MPCBB2 is applicable
2025-01-23 02:24:17,545 [INFO] Rule:228 - rule 117617 - U5Cobra4M][GTZC] default value MPCBB3 and MPCBB5 - Privileged memory - MPCBB3 is applicable
2025-01-23 02:24:17,545 [INFO] Rule:228 - rule 117617 - U5Cobra4M][GTZC] default value MPCBB3 and MPCBB5 - Privileged memory - MPCBB4 is applicable
2025-01-23 02:24:17,545 [INFO] Rule:228 - rule 117617 - U5Cobra4M][GTZC] default value MPCBB3 and MPCBB5 - Not Privileged memory - MPCBB1 is applicable
2025-01-23 02:24:17,545 [INFO] Rule:228 - rule 117617 - U5Cobra4M][GTZC] default value MPCBB3 and MPCBB5 - Not Privileged memory - MPCBB2 is applicable
2025-01-23 02:24:17,545 [INFO] Rule:228 - rule 117617 - U5Cobra4M][GTZC] default value MPCBB3 and MPCBB5 - Not Privileged memory - MPCBB3 is applicable
2025-01-23 02:24:17,545 [INFO] Rule:228 - rule 117617 - U5Cobra4M][GTZC] default value MPCBB3 and MPCBB5 - Not Privileged memory - MPCBB4 is applicable
2025-01-23 02:24:17,545 [INFO] Rule:228 - rule 117617 - U5Cobra4M][GTZC] default value MPCBB3 and MPCBB5 - Privileged memory - MPCBB1 is applicable
2025-01-23 02:24:17,545 [INFO] Rule:228 - rule 117617 - U5Cobra4M][GTZC] default value MPCBB3 and MPCBB5 - Privileged memory - MPCBB2 is applicable
2025-01-23 02:24:17,545 [INFO] Rule:228 - rule 117617 - U5Cobra4M][GTZC] default value MPCBB3 and MPCBB5 - Privileged memory - MPCBB3 is applicable
2025-01-23 02:24:17,545 [INFO] Rule:228 - rule 117617 - U5Cobra4M][GTZC] default value MPCBB3 and MPCBB5 - Privileged memory - MPCBB4 is applicable
2025-01-23 02:24:17,545 [INFO] Rule:228 - rule Rename SubGHz_Phy SUBGHZ_APPLICATION SUBGHZ_PINGPONG to SUBGHZ_ADV_APPLICATION is applicable
2025-01-23 02:24:17,545 [INFO] Rule:228 - rule Rename Enabled to IBEACON is applicable
2025-01-23 02:24:17,545 [INFO] Rule:228 - rule GTZC_S instance for project manager is applicable
2025-01-23 02:24:17,545 [INFO] Rule:228 - rule GTZC_S instance for context M33S is applicable
2025-01-23 02:24:17,545 [INFO] Rule:228 - rule GTZC_S instance value for IP GTZC is applicable
2025-01-23 02:24:17,545 [INFO] Rule:228 - rule GTZC_S instance for mcu.IP is applicable
2025-01-23 02:24:17,546 [INFO] Rule:228 - rule GTZC_S instance for VP is applicable
2025-01-23 02:24:17,546 [INFO] Rule:228 - rule GTZC_S instance for signal is applicable
2025-01-23 02:24:17,546 [INFO] Rule:228 - rule GTZC_S instance for mcu.Pin is applicable
2025-01-23 02:24:17,546 [INFO] Rule:228 - rule GTZC_S instance for VP is applicable
2025-01-23 02:24:17,546 [INFO] Rule:228 - rule GTZC_S instance for signal is applicable
2025-01-23 02:24:17,546 [INFO] Rule:228 - rule GTZC_S instance for mcu is applicable
2025-01-23 02:24:17,546 [INFO] Rule:228 - rule GTZC_S instance for mcu.Pin is applicable
2025-01-23 02:24:17,546 [INFO] Rule:228 - rule GTZC_S instance value for IP GTZC is applicable
2025-01-23 02:24:17,546 [INFO] Rule:228 - rule GTZC_S instance for project manager is applicable
2025-01-23 02:24:17,546 [INFO] Rule:228 - rule GTZC_S instance for context M33S is applicable
2025-01-23 02:24:17,546 [INFO] Rule:228 - rule GTZC_S instance for VP is applicable
2025-01-23 02:24:17,546 [INFO] Rule:228 - rule GTZC_S instance for signal is applicable
2025-01-23 02:24:17,546 [INFO] Rule:228 - rule SPDIFRX instance for mcu is applicable
2025-01-23 02:24:17,546 [INFO] Rule:228 - rule Rename Tracer Mode is applicable
2025-01-23 02:24:17,546 [INFO] Rule:228 - rule SPDIFRX instance value for IP SPDIFRX is applicable
2025-01-23 02:24:17,546 [INFO] Rule:228 - rule SPDIFRX instance for signal is applicable
2025-01-23 02:24:17,546 [INFO] Rule:228 - rule SPDIFRX instance for project manager is applicable
2025-01-23 02:24:17,546 [INFO] Rule:228 - rule SPDIFRX instance for project manager is applicable
2025-01-23 02:24:17,546 [INFO] Rule:228 - rule ADC Scan  fix with FW F7 is applicable
2025-01-23 02:24:17,546 [INFO] Rule:228 - rule ADC Scan  fix with FW F7 is applicable
2025-01-23 02:24:17,546 [INFO] Rule:228 - rule Rename Comp Signal is applicable
2025-01-23 02:24:17,546 [INFO] Rule:228 - rule DMA-DAC mode for DIE422 is applicable
2025-01-23 02:24:17,546 [INFO] Rule:228 - rule DMA-DAC mode for DIE438 is applicable
2025-01-23 02:24:17,547 [INFO] Rule:228 - rule DMA-DAC mode for DIE432 or DIE446 is applicable
2025-01-23 02:24:17,547 [INFO] Rule:228 - rule DFSDM instance value for IP DFSDM is applicable
2025-01-23 02:24:17,547 [INFO] Rule:228 - rule DFSDM instance for mcu is applicable
2025-01-23 02:24:17,547 [INFO] Rule:228 - rule DFSDM instance for VP is applicable
2025-01-23 02:24:17,547 [INFO] Rule:228 - rule DFSDM instance for signal is applicable
2025-01-23 02:24:17,547 [INFO] Rule:228 - rule DFSDM instance for shared is applicable
2025-01-23 02:24:17,547 [INFO] Rule:228 - rule BreakInputSource parameter for IP Timer is applicable
2025-01-23 02:24:17,547 [INFO] Rule:228 - rule Sourcebreak parameter for IP Timer is applicable
2025-01-23 02:24:17,547 [INFO] Rule:228 - rule Sourcebreak parameter for IP Timer is applicable
2025-01-23 02:24:17,547 [INFO] Rule:228 - rule DFSDM for PCC is applicable
2025-01-23 02:24:17,547 [INFO] Rule:228 - rule Serial_Wire Mode is applicable
2025-01-23 02:24:17,547 [INFO] Rule:228 - rule JTAG_4_pins Mode is applicable
2025-01-23 02:24:17,547 [INFO] Rule:228 - rule JTAG_5_pins Mode is applicable
2025-01-23 02:24:17,547 [INFO] Rule:228 - rule Trace_Asynchronous_SW Mode is applicable
2025-01-23 02:24:17,547 [INFO] Rule:228 - rule Trace_Synchro_1bit_JTAG Mode is applicable
2025-01-23 02:24:17,547 [INFO] Rule:228 - rule Trace_Synchro_2bits_JTAG Mode is applicable
2025-01-23 02:24:17,547 [INFO] Rule:228 - rule Trace_Synchro_4bits_JTAG Mode is applicable
2025-01-23 02:24:17,547 [INFO] Rule:228 - rule Trace_Synchro_1bit_SW Mode is applicable
2025-01-23 02:24:17,547 [INFO] Rule:228 - rule Trace_Synchro_2bits_SW Mode is applicable
2025-01-23 02:24:17,547 [INFO] Rule:228 - rule Trace_Synchro_4bits_SW Mode is applicable
2025-01-23 02:24:17,548 [INFO] Rule:228 - rule SYS_WakeUp0 Mode is applicable
2025-01-23 02:24:17,548 [INFO] Rule:228 - rule SYS_WakeUp0 Mode for STM32F446 is applicable
2025-01-23 02:24:17,548 [INFO] Rule:228 - rule SYS_WakeUp1 Mode is applicable
2025-01-23 02:24:17,548 [INFO] Rule:228 - rule SYS_WakeUp1 Mode for STM32F446 is applicable
2025-01-23 02:24:17,548 [INFO] Rule:228 - rule SYS_WakeUp2 Mode is applicable
2025-01-23 02:24:17,548 [INFO] Rule:228 - rule SYS_WakeUp3 Mode is applicable
2025-01-23 02:24:17,548 [INFO] Rule:228 - rule SYS_WakeUp4 Mode is applicable
2025-01-23 02:24:17,548 [INFO] Rule:228 - rule SYS_WakeUp5 Mode is applicable
2025-01-23 02:24:17,548 [INFO] Rule:228 - rule SYS_WakeUp6 Mode is applicable
2025-01-23 02:24:17,548 [INFO] Rule:228 - rule SYS_WakeUp7 Mode is applicable
2025-01-23 02:24:17,548 [INFO] Rule:228 - rule WakeUp0 Mode is applicable
2025-01-23 02:24:17,548 [INFO] Rule:228 - rule WakeUp0 SIGNAL is applicable
2025-01-23 02:24:17,548 [INFO] Rule:228 - rule WakeUp1 Mode is applicable
2025-01-23 02:24:17,548 [INFO] Rule:228 - rule WakeUp1 SIGNAL is applicable
2025-01-23 02:24:17,548 [INFO] Rule:228 - rule WakeUp2 Mode is applicable
2025-01-23 02:24:17,548 [INFO] Rule:228 - rule WakeUp2 SIGNAL is applicable
2025-01-23 02:24:17,548 [INFO] Rule:228 - rule WakeUp4 Mode is applicable
2025-01-23 02:24:17,548 [INFO] Rule:228 - rule WakeUp4 SIGNAL is applicable
2025-01-23 02:24:17,548 [INFO] Rule:228 - rule WakeUp5 Mode is applicable
2025-01-23 02:24:17,548 [INFO] Rule:228 - rule WakeUp5 SIGNAL is applicable
2025-01-23 02:24:17,548 [INFO] Rule:228 - rule Mode_PVD_Ext is applicable
2025-01-23 02:24:17,548 [INFO] Rule:228 - rule Mode_PVD_Int is applicable
2025-01-23 02:24:17,549 [INFO] Rule:228 - rule Add RTC Activate Clock Source is applicable
2025-01-23 02:24:17,549 [INFO] Rule:228 - rule Add RTC Activate Calendar 1 is applicable
2025-01-23 02:24:17,549 [INFO] Rule:228 - rule Add RTC Activate Calendar 2 is applicable
2025-01-23 02:24:17,549 [INFO] Rule:228 - rule Add RTC Activate Calendar 3 is applicable
2025-01-23 02:24:17,549 [INFO] Rule:228 - rule UART/USART TX Mode is applicable
2025-01-23 02:24:17,549 [INFO] Rule:228 - rule UART/USART RX Mode is applicable
2025-01-23 02:24:17,549 [INFO] Rule:228 - rule UART/USART RX TX Mode is applicable
2025-01-23 02:24:17,549 [INFO] Rule:228 - rule UART/USART PARITY NONE is applicable
2025-01-23 02:24:17,549 [INFO] Rule:228 - rule UART/USART PARITY EVEN is applicable
2025-01-23 02:24:17,549 [INFO] Rule:228 - rule UART/USART PARITY ODD is applicable
2025-01-23 02:24:17,549 [INFO] Rule:228 - rule USART StopBits 1 is applicable
2025-01-23 02:24:17,550 [INFO] Rule:228 - rule USART StopBits 2 is applicable
2025-01-23 02:24:17,550 [INFO] Rule:228 - rule USART StopBits 1.5 is applicable
2025-01-23 02:24:17,550 [INFO] Rule:228 - rule USART StopBits 0.5 is applicable
2025-01-23 02:24:17,550 [INFO] Rule:228 - rule UART/USART WORD LENGTH 7 is applicable
2025-01-23 02:24:17,550 [INFO] Rule:228 - rule UART/USART WORD LENGTH 8 is applicable
2025-01-23 02:24:17,550 [INFO] Rule:228 - rule UART/USART WORD LENGTH 9 is applicable
2025-01-23 02:24:17,550 [INFO] Rule:228 - rule Rename FMC NAND NCE signal is applicable
2025-01-23 02:24:17,550 [INFO] Rule:228 - rule Rename FMC NAND INT signal is applicable
2025-01-23 02:24:17,550 [INFO] Rule:228 - rule Change Default Value for LSE Drive Capability for WB family is applicable
2025-01-23 02:24:17,550 [INFO] Rule:228 - rule Change Default Value for ADC Clock Prescaler G0 family is applicable
2025-01-23 02:24:17,550 [INFO] Rule:228 - rule Change Default Value for ADC ExternalTrigConv L4 family is applicable
2025-01-23 02:24:17,550 [INFO] Rule:228 - rule Change Default Value for ADC ExternalTrigInjecConv L4 family is applicable
2025-01-23 02:24:17,550 [INFO] Rule:228 - rule Change Default Value for ADC ExternalTrigConv F3 family is applicable
2025-01-23 02:24:17,550 [INFO] Rule:228 - rule Change Default Value for ADC ExternalTrigInjecConv F3 family is applicable
2025-01-23 02:24:17,550 [INFO] Rule:228 - rule Change Default Value for ADC ExternalTrigConv Goldfish serie is applicable
2025-01-23 02:24:17,550 [INFO] Rule:228 - rule Change Default Value for ADC ExternalTrigInjecConv Goldfish serie is applicable
2025-01-23 02:24:17,550 [INFO] Rule:228 - rule Change Default Value for ADC ExternalTrigConv L0 family is applicable
2025-01-23 02:24:17,550 [INFO] Rule:228 - rule Change Default Value for ADC ExternalTrigConv F0 family is applicable
2025-01-23 02:24:17,550 [INFO] Rule:228 - rule Change Default Value for ADC ExternalTrigConvn L1 family is applicable
2025-01-23 02:24:17,551 [INFO] Rule:228 - rule Change Default Value for ADC ExternalTrigInjecConv L1 family is applicable
2025-01-23 02:24:17,551 [INFO] Rule:228 - rule Change Default Value for ADC ExternalTrigConv F1 family is applicable
2025-01-23 02:24:17,551 [INFO] Rule:228 - rule Change Default Value for ADC ExternalTrigInjecConv F1 family is applicable
2025-01-23 02:24:17,551 [INFO] Rule:228 - rule Change Default Value for ADC ExternalTrigConv F7 family is applicable
2025-01-23 02:24:17,551 [INFO] Rule:228 - rule Change Default Value for ADC ExternalTrigInjecConv F7 family is applicable
2025-01-23 02:24:17,551 [INFO] Rule:228 - rule Change Default Value for ADC ExternalTrigConv F4 and F2 family is applicable
2025-01-23 02:24:17,551 [INFO] Rule:228 - rule Change Default Value for ADC ExternalTrigInjecConv F4 and F2 family is applicable
2025-01-23 02:24:17,551 [INFO] Rule:228 - rule ADC SamplingTime fix with FW L0  is applicable
2025-01-23 02:24:17,551 [INFO] Rule:228 - rule ADC SamplingTime fix with FW L0  is applicable
2025-01-23 02:24:17,551 [INFO] Rule:228 - rule ADC SamplingTime fix with FW L0 is applicable
2025-01-23 02:24:17,551 [INFO] Rule:228 - rule ADC SamplingTime fix with FW L0 is applicable
2025-01-23 02:24:17,551 [INFO] Rule:228 - rule ADC SamplingTime fix with FW L0  is applicable
2025-01-23 02:24:17,551 [INFO] Rule:228 - rule ADC SamplingTime fix with FW L0 is applicable
2025-01-23 02:24:17,551 [INFO] Rule:228 - rule Rename USB_OE Signal is applicable
2025-01-23 02:24:17,551 [INFO] Rule:228 - rule Rename Activate_OE Mode is applicable
2025-01-23 02:24:17,551 [INFO] Rule:228 - rule Rename DIE462/DIE415 pin PC14/OSC32_IN -> PC14-OSC32_IN (PC14) is applicable
2025-01-23 02:24:17,551 [INFO] Rule:228 - rule Rename DIE462/DIE415 pin PC15/OSC32_OUT -> PC15-OSC32_OUT (PC15) is applicable
2025-01-23 02:24:17,551 [INFO] Rule:228 - rule Rename DIE462/DIE415 pin PH0/OSC_IN -> PH0-OSC_IN (PH0) is applicable
2025-01-23 02:24:17,551 [INFO] Rule:228 - rule Rename DIE462/DIE415 pin PH1/OSC_OUT -> PH1-OSC_OUT (PH1) is applicable
2025-01-23 02:24:17,551 [INFO] Rule:228 - rule Rename DIE462 pin PA13 -> PA13 (JTMS/SWDIO) is applicable
2025-01-23 02:24:17,552 [INFO] Rule:228 - rule Rename DIE415 pin PA13 -> PA13 (JTMS/SWDIO) is applicable
2025-01-23 02:24:17,552 [INFO] Rule:228 - rule Rename DIE462 pin PA14 -> PA14 (JTCK/SWCLK) is applicable
2025-01-23 02:24:17,552 [INFO] Rule:228 - rule Rename DIE415 pin PA14 -> PA14 (JTCK/SWCLK) is applicable
2025-01-23 02:24:17,552 [INFO] Rule:228 - rule Rename DIE462/DIE415 pin PA15 -> PA15 (JTDI) is applicable
2025-01-23 02:24:17,552 [INFO] Rule:228 - rule Rename DIE462 pin PB3 -> PB3 (JTD0/TRACESWO) is applicable
2025-01-23 02:24:17,552 [INFO] Rule:228 - rule Rename DIE415 pin PB3 -> PB3 (JTD0-TRACESWO) is applicable
2025-01-23 02:24:17,552 [INFO] Rule:228 - rule Rename DIE462/DIE415 pin PB4 -> PB4 (NJTRST) is applicable
2025-01-23 02:24:17,552 [INFO] Rule:228 - rule Rename DIE462 pin PH3/BOOT0 -> PH3-BOOT0 (BOOT0) is applicable
2025-01-23 02:24:17,552 [INFO] Rule:228 - rule Rename CRYP DataEncryptionTypesList to Algorithm is applicable
2025-01-23 02:24:17,553 [INFO] Rule:228 - rule Rename AES DataEncryptionTypesList to Algorithm is applicable
2025-01-23 02:24:17,553 [INFO] Rule:228 - rule Rename TDESECB to CRYP_TDES_ECB is applicable
2025-01-23 02:24:17,553 [INFO] Rule:228 - rule Rename TDESCBC to CRYP_TDES_CBC is applicable
2025-01-23 02:24:17,553 [INFO] Rule:228 - rule Rename DESECB to CRYP_DES_ECB is applicable
2025-01-23 02:24:17,553 [INFO] Rule:228 - rule Rename DESCBC to CRYP_DES_CBC is applicable
2025-01-23 02:24:17,553 [INFO] Rule:228 - rule Rename AESECB to CRYP_AES_ECB is applicable
2025-01-23 02:24:17,553 [INFO] Rule:228 - rule Rename AESCBC to CRYP_AES_CBC is applicable
2025-01-23 02:24:17,553 [INFO] Rule:228 - rule Rename AESCTR to CRYP_AES_CTR is applicable
2025-01-23 02:24:17,553 [INFO] Rule:228 - rule Rename AESGCM to CRYP_AES_GCM is applicable
2025-01-23 02:24:17,553 [INFO] Rule:228 - rule Rename AESCCM to CRYP_AES_CCM is applicable
2025-01-23 02:24:17,553 [INFO] Rule:228 - rule Rename CAN TimeSeg1 to BS1 is applicable
2025-01-23 02:24:17,553 [INFO] Rule:228 - rule Rename CAN TimeSeg2 to BS2 is applicable
2025-01-23 02:24:17,553 [INFO] Rule:228 - rule Rename CAN SyncJumpWidth to SJW is applicable
2025-01-23 02:24:17,553 [INFO] Rule:228 - rule TimeTriggeredMode to TTCM is applicable
2025-01-23 02:24:17,554 [INFO] Rule:228 - rule Rename CAN AutoBusOff to ABOM is applicable
2025-01-23 02:24:17,554 [INFO] Rule:228 - rule Rename CAN AutoWakeUp to AWUM is applicable
2025-01-23 02:24:17,554 [INFO] Rule:228 - rule Rename CAN AutoRetransmission to NART is applicable
2025-01-23 02:24:17,554 [INFO] Rule:228 - rule Rename CAN ReceiveFifoLocked to RFLM is applicable
2025-01-23 02:24:17,554 [INFO] Rule:228 - rule Rename CAN TransmitFifoPriority to TXFP is applicable
2025-01-23 02:24:17,554 [INFO] Rule:228 - rule Rename HRTIMER HRTIM_OUTPUTFAULTLEVEL_HIGH in HRTIMER HRTIM_OUTPUTFAULTLEVEL_HIGHZ is applicable
2025-01-23 02:24:17,554 [INFO] Rule:228 - rule Rename TIMER TIM_CLEARINPUTSOURCE_OCREFCLR in  TIMER TIM_CLEARINPUTSOURCE_NONE for F7 family is applicable
2025-01-23 02:24:17,554 [INFO] Rule:228 - rule FDCAN_R1 - Rename FDCAN mode Master into Classic is applicable
2025-01-23 02:24:17,554 [INFO] Rule:228 - rule FDCAN_R2 - Rename FDCAN mode Slave into Classic is applicable
2025-01-23 02:24:17,554 [INFO] Rule:228 - rule FDCAN1_R3 - if PA10.Mode=FullDuplex, add Pin PA12 is applicable
2025-01-23 02:24:17,554 [INFO] Rule:228 - rule FDCAN1_R3 - if PA9.Mode=FullDuplex, add Pin PA11 is applicable
2025-01-23 02:24:17,554 [INFO] Rule:228 - rule FDCAN1_R3 - Alternatepin_1 - if PE1.Mode=FullDuplex, add Pin PB9 is applicable
2025-01-23 02:24:17,554 [INFO] Rule:228 - rule FDCAN1_R3 - Alternatepin_1 - if PE0.Mode=FullDuplex, add Pin PB8 is applicable
2025-01-23 02:24:17,554 [INFO] Rule:228 - rule FDCAN1_R3 - Alternatepin_2 - if PD5.Mode=FullDuplex, add Pin PD1 is applicable
2025-01-23 02:24:17,554 [INFO] Rule:228 - rule FDCAN1_R3 - Alternatepin_2 - if PD4.Mode=FullDuplex, add Pin PD0 is applicable
2025-01-23 02:24:17,555 [INFO] Rule:228 - rule FDCAN1_R4 - Rename Mode FullDuplex into Enable FDCAN_TXFD for pin PA10 is applicable
2025-01-23 02:24:17,555 [INFO] Rule:228 - rule FDCAN1_R4 - Rename Mode FullDuplex into Enable FDCAN_TXFD for pin PA9 is applicable
2025-01-23 02:24:17,555 [INFO] Rule:228 - rule FDCAN1_R4 - Alternatepin_1 - Rename Mode FullDuplex into Enable FDCAN_TXFD for pin PE1 is applicable
2025-01-23 02:24:17,555 [INFO] Rule:228 - rule FDCAN1_R4 - Alternatepin_1 - Rename Mode FullDuplex into Enable FDCAN_TXFD for pin PE0 is applicable
2025-01-23 02:24:17,555 [INFO] Rule:228 - rule FDCAN1_R4 - Alternatepin_2 - Rename Mode FullDuplex into Enable FDCAN_TXFD for pin PD5 is applicable
2025-01-23 02:24:17,555 [INFO] Rule:228 - rule FDCAN1_R4 - Alternatepin_2 - Rename Mode FullDuplex into Enable FDCAN_TXFD for pin PD4 is applicable
2025-01-23 02:24:17,555 [INFO] Rule:228 - rule FDCAN2_R3 - if PD10.Mode=FullDuplex, add Pin PB13 is applicable
2025-01-23 02:24:17,555 [INFO] Rule:228 - rule FDCAN2_R3 - if PD9.Mode=FullDuplex, add Pin PB12 is applicable
2025-01-23 02:24:17,555 [INFO] Rule:228 - rule FDCAN2_R3 - Alternatepin_1 - if PB7.Mode=FullDuplex, add Pin PB6 is applicable
2025-01-23 02:24:17,555 [INFO] Rule:228 - rule FDCAN2_R3 - Alternatepin_1 - if PD9.Mode=FullDuplex, add Pin PB12 is applicable
2025-01-23 02:24:17,555 [INFO] Rule:228 - rule FDCAN2_R4 - Rename Mode FullDuplex into Enable FDCAN_TXFD for pin PD10 is applicable
2025-01-23 02:24:17,555 [INFO] Rule:228 - rule FDCAN2_R4 - Rename Mode FullDuplex into Enable FDCAN_TXFD for pin PD9 is applicable
2025-01-23 02:24:17,555 [INFO] Rule:228 - rule FDCAN2_R4 - Alternatepin_1 - Rename Mode FullDuplex into Enable FDCAN_TXFD for pin PB7 is applicable
2025-01-23 02:24:17,555 [INFO] Rule:228 - rule FDCAN2_R4 - Alternatepin_1 - Rename Mode FullDuplex into Enable FDCAN_TXFD for pin PD6 is applicable
2025-01-23 02:24:17,555 [INFO] Rule:228 - rule USART TxPinLevelInvertParam Mode is applicable
2025-01-23 02:24:17,555 [INFO] Rule:228 - rule USART RxPinLevelInvertParam Mode is applicable
2025-01-23 02:24:17,555 [INFO] Rule:228 - rule USART DataInvertParam Mode is applicable
2025-01-23 02:24:17,555 [INFO] Rule:228 - rule USART SwapParam Mode is applicable
2025-01-23 02:24:17,555 [INFO] Rule:228 - rule USART OverrunDisableParam Mode is applicable
2025-01-23 02:24:17,555 [INFO] Rule:228 - rule USART DMADisableonRxErrorParam Mode is applicable
2025-01-23 02:24:17,555 [INFO] Rule:228 - rule USART MSBFirstParam Mode is applicable
2025-01-23 02:24:17,555 [INFO] Rule:228 - rule Update MwName for USB_DEVICE is applicable
2025-01-23 02:24:17,555 [INFO] Rule:228 - rule Change PWR_Regulator_Voltage_Scale Default Value for RCC  H7 family is applicable
2025-01-23 02:24:17,555 [INFO] Rule:228 - rule UART/USART IPParameter rename Prescaler parameter to ClockPrescaler is applicable
2025-01-23 02:24:17,555 [INFO] Rule:228 - rule UART/USART Prescaler rename Prescaler parameter to ClockPrescaler is applicable
2025-01-23 02:24:17,556 [INFO] Rule:228 - rule TIM1CLockSelection is applicable
2025-01-23 02:24:17,556 [INFO] Rule:228 - rule TIM15CLockSelection is applicable
2025-01-23 02:24:17,556 [INFO] Rule:228 - rule align RCC SDMMC3CLockSelection default value on MP1 is applicable
2025-01-23 02:24:17,556 [INFO] Rule:228 - rule align RCC SDMMC12CLockSelection default value on MP1 is applicable
2025-01-23 02:24:17,556 [INFO] Rule:228 - rule align RCC QSPICLockSelection default value on MP1 is applicable
2025-01-23 02:24:17,556 [INFO] Rule:228 - rule align RCC QSPICLockSelection default value on MP1 is applicable
2025-01-23 02:24:17,556 [INFO] Rule:228 - rule align RCC SPI6CLockSelection default value on MP1 is applicable
2025-01-23 02:24:17,556 [INFO] Rule:228 - rule align RCC LPTIM23CLockSelection default value on MP1 is applicable
2025-01-23 02:24:17,556 [INFO] Rule:228 - rule align RCC LPTIM1CLockSelection default value on MP1 is applicable
2025-01-23 02:24:17,556 [INFO] Rule:228 - rule align RCC USART1CLockSelection default value on MP1 is applicable
2025-01-23 02:24:17,556 [INFO] Rule:228 - rule align RCC USART24CLockSelection default value on MP1 is applicable
2025-01-23 02:24:17,556 [INFO] Rule:228 - rule align RCC USART6CLockSelection default value on MP1 is applicable
2025-01-23 02:24:17,556 [INFO] Rule:228 - rule align RCC UART78CLockSelection default value on MP1 is applicable
2025-01-23 02:24:17,556 [INFO] Rule:228 - rule align RCC USART35CLockSelection default value on MP1 is applicable
2025-01-23 02:24:17,556 [INFO] Rule:228 - rule align RCC SPI45CLockSelection default value on MP1 is applicable
2025-01-23 02:24:17,556 [INFO] Rule:228 - rule align RCC I2C46CLockSelection BCLK value on MP1 is applicable
2025-01-23 02:24:17,556 [INFO] Rule:228 - rule align RCC SPI45CLockSelection default value on MP1 is applicable
2025-01-23 02:24:17,556 [INFO] Rule:228 - rule align RCC I2C12CLockSelection default value on MP1 is applicable
2025-01-23 02:24:17,556 [INFO] Rule:228 - rule align RCC I2C35CLockSelection default value on MP1 is applicable
2025-01-23 02:24:17,556 [INFO] Rule:228 - rule align RCC LPTIM45CLockSelection default value on MP1 is applicable
2025-01-23 02:24:17,556 [INFO] Rule:228 - rule Rename DCMI PIXCK signal is applicable
2025-01-23 02:24:17,556 [INFO] Rule:228 - rule Change Default Value for I2C46CLockSelection MP1 family is applicable
2025-01-23 02:24:17,556 [INFO] Rule:228 - rule Change Default Value for UART for G4, G0 and WB families is applicable
2025-01-23 02:24:17,557 [INFO] Rule:228 - rule Change Default Value for USART for G4, G0 and WB families is applicable
2025-01-23 02:24:17,557 [INFO] Rule:228 - rule Change Default Value for USART for G4 family is applicable
2025-01-23 02:24:17,557 [INFO] Rule:228 - rule Change USART1CLockSelection refparam name for MP1 is applicable
2025-01-23 02:24:17,557 [INFO] Rule:228 - rule Change USART2CLockSelection refparam name for MP1 is applicable
2025-01-23 02:24:17,557 [INFO] Rule:228 - rule Change USART3CLockSelection refparam name for MP1 is applicable
2025-01-23 02:24:17,557 [INFO] Rule:228 - rule Change UART4CLockSelection refparam name for MP1 is applicable
2025-01-23 02:24:17,557 [INFO] Rule:228 - rule Change UART5CLockSelection refparam name for MP1 is applicable
2025-01-23 02:24:17,557 [INFO] Rule:228 - rule Change LPUART1CLockSelection refparam name for MP1 is applicable
2025-01-23 02:24:17,557 [INFO] Rule:228 - rule Change LPTIM1CLockSelection refparam name for MP1 is applicable
2025-01-23 02:24:17,557 [INFO] Rule:228 - rule Change LPTIM2CLockSelection refparam name for MP1 is applicable
2025-01-23 02:24:17,557 [INFO] Rule:228 - rule Change RCC_MCO1Source refparam name for MP1 is applicable
2025-01-23 02:24:17,557 [INFO] Rule:228 - rule Change LSCOSource1 refparam name for MP1 is applicable
2025-01-23 02:24:17,558 [INFO] Rule:228 - rule Change SMPSCLockSelection refparam name for MP1 is applicable
2025-01-23 02:24:17,558 [INFO] Rule:228 - rule Change LPTIM3CLockSelection refparam name for MP1 is applicable
2025-01-23 02:24:17,558 [INFO] Rule:228 - rule Change MPCBB* Default Template Mode to Parameters is applicable
2025-01-23 02:24:17,558 [INFO] Rule:228 - rule Change MPCWM* or MPCBB* Secure Mode to Parameters is applicable
2025-01-23 02:24:17,558 [INFO] Rule:228 - rule Change MPCWM* or MPCBB* No Secure Mode to Parameters is applicable
2025-01-23 02:24:17,558 [INFO] Rule:228 - rule Change TZSC IP Secure Mode to Parameters is applicable
2025-01-23 02:24:17,558 [INFO] Rule:228 - rule Change TZSC IP No Secure Mode to Parameters is applicable
2025-01-23 02:24:17,558 [INFO] Rule:228 - rule Change TZSC IP Privilege Mode to Parameters is applicable
2025-01-23 02:24:17,558 [INFO] Rule:228 - rule Change TZSC IP No Privilege Mode to Parameters is applicable
2025-01-23 02:24:17,558 [INFO] Rule:228 - rule Change TZIC IT Secure Mode to Parameters is applicable
2025-01-23 02:24:17,558 [INFO] Rule:228 - rule Change TZIC IT No Secure Mode to Parameters is applicable
2025-01-23 02:24:17,558 [INFO] Rule:228 - rule Add MPCBB1_NonSecureArea_Start_Address value with referenced to MPCBB1_NonSecureArea_Start value is applicable
2025-01-23 02:24:17,559 [INFO] Rule:228 - rule Add MPCBB2_NonSecureArea_Start_Address value with referenced to MPCBB2_NonSecureArea_Start value is applicable
2025-01-23 02:24:17,559 [INFO] Rule:228 - rule Add MPCWM1_NonSecureArea*_Start_Address value with referenced to MPCWM1_NonSecureArea*_Start value is applicable
2025-01-23 02:24:17,559 [INFO] Rule:228 - rule Add MPCWM2_NonSecureArea*_Start_Address value with referenced to MPCWM2_NonSecureArea*_Start value is applicable
2025-01-23 02:24:17,559 [INFO] Rule:228 - rule Add MPCWM3_NonSecureArea_Start_Address value with referenced to MPCWM3_NonSecureArea_Start value is applicable
2025-01-23 02:24:17,559 [INFO] Rule:228 - rule Change Default Value for PLL1UserDefinedConfig is applicable
2025-01-23 02:24:17,559 [INFO] Rule:228 - rule Change GPIO_PuPd Default Value for USART in async mode is applicable
2025-01-23 02:24:17,559 [INFO] Rule:228 - rule Change SMPSDivider Default Value is applicable
2025-01-23 02:24:17,559 [INFO] Rule:228 - rule OPAMP is applicable
2025-01-23 02:24:17,559 [INFO] Rule:228 - rule LPUART IPParameter rename Prescaler parameter to ClockPrescaler for STM32H7 is applicable
2025-01-23 02:24:17,559 [INFO] Rule:228 - rule LPUART IPParameter rename Prescaler parameter to ClockPrescaler for STM32H7 is applicable
2025-01-23 02:24:17,559 [INFO] Rule:228 - rule LPUART IPParameter rename Prescaler parameter to ClockPrescaler for STM32WB is applicable
2025-01-23 02:24:17,559 [INFO] Rule:228 - rule LPUART IPParameter rename Prescaler parameter to ClockPrescaler for STM32WB is applicable
2025-01-23 02:24:17,559 [INFO] Rule:228 - rule LPUART IPParameter rename Prescaler parameter to ClockPrescaler for STM32G4 is applicable
2025-01-23 02:24:17,560 [INFO] Rule:228 - rule LPUART IPParameter rename Prescaler parameter to ClockPrescaler for STM32G4 is applicable
2025-01-23 02:24:17,560 [INFO] Rule:228 - rule LPUART IPParameter rename Prescaler parameter to ClockPrescaler for STM32L5 is applicable
2025-01-23 02:24:17,560 [INFO] Rule:228 - rule LPUART IPParameter rename Prescaler parameter to ClockPrescaler for STM32L5 is applicable
2025-01-23 02:24:17,560 [INFO] Rule:228 - rule LPUART IPParameter rename Prescaler parameter to ClockPrescaler for STM32G4 is applicable
2025-01-23 02:24:17,560 [INFO] Rule:228 - rule LPUART IPParameter rename Prescaler parameter to ClockPrescaler for STM32G4 is applicable
2025-01-23 02:24:17,560 [INFO] Rule:228 - rule USB device lib V2.5.3 for L0 rename USBD_SUPPORT_USER_STRING parameter to USBD_SUPPORT_USER_STRING_DESC4 is applicable
2025-01-23 02:24:17,560 [INFO] Rule:228 - rule I2SCLockSelection clock entry align is applicable
2025-01-23 02:24:17,560 [INFO] Rule:228 - rule Assign TIMx context if used as SYS timebase is applicable
2025-01-23 02:24:17,560 [INFO] Rule:228 - rule Change GPIO_Pu Default Value for I2C is applicable
2025-01-23 02:24:17,560 [INFO] Rule:228 - rule Change GPIO_Pu Default Value for SMBus is applicable
2025-01-23 02:24:17,560 [INFO] Rule:228 - rule change FDCAN default value is applicable
2025-01-23 02:24:17,560 [INFO] Rule:228 - rule Change mode sai is applicable
2025-01-23 02:24:17,560 [INFO] Rule:228 - rule **Change sai mode is applicable
2025-01-23 02:24:17,560 [INFO] Rule:228 - rule Rename STM32WPAN CFG_BLE_IRK to CFG_BLE_IR is applicable
2025-01-23 02:24:17,560 [INFO] Rule:228 - rule Rename STM32WPAN CFG_BLE_ERK to CFG_BLE_ER is applicable
2025-01-23 02:24:17,561 [INFO] Rule:228 - rule Rename STM32WPAN CFG_BLE_IRK_HEX to CFG_BLE_IR_HEX is applicable
2025-01-23 02:24:17,561 [INFO] Rule:228 - rule Rename STM32WPAN CFG_BLE_ERK_HEX to CFG_BLE_ER_HEX is applicable
2025-01-23 02:24:17,575 [INFO] DbConfProperties:307 - Apply Compatibility (69/297 Rules)
2025-01-23 02:24:17,647 [INFO] ImportTextPane:218 - (OptionalMessage_ERROR) Unable to find key (Mcu.ThirdPartyNb) in loaded IOC file
2025-01-23 02:24:17,791 [INFO] RtosManager:555 - Registered RTOS mode: class=CMSIS, group=RTOS, mode=CMSIS_V1, owner=FREERTOS
2025-01-23 02:24:17,791 [INFO] RtosManager:555 - Registered RTOS mode: class=CMSIS, group=RTOS2, mode=CMSIS_V2, owner=FREERTOS
2025-01-23 02:24:17,791 [INFO] RtosManager:555 - Registered RTOS mode: class=RTOS, group=Core, mode=CMSIS_V1, owner=FREERTOS
2025-01-23 02:24:17,792 [INFO] RtosManager:555 - Registered RTOS mode: class=RTOS, group=Core, mode=CMSIS_V2, owner=FREERTOS
2025-01-23 02:24:17,792 [WARN] ModelIntegratedComponent:184 - Missing modes for component STMicroelectronics:FreeRTOS:0.0.1:STMicroelectronics:RTOS:FreeRTOS:Core:::10.2.0:
2025-01-23 02:24:17,813 [WARN] ModelIntegratedComponent:63 - No mode defined for component null
2025-01-23 02:24:17,813 [WARN] ModelIntegratedComponent:63 - No mode defined for component null
2025-01-23 02:24:17,813 [WARN] ModelIntegratedComponent:63 - No mode defined for component null
2025-01-23 02:24:17,813 [WARN] ModelIntegratedComponent:63 - No mode defined for component null
2025-01-23 02:24:17,813 [WARN] ModelIntegratedComponent:63 - No mode defined for component null
2025-01-23 02:24:17,813 [WARN] ModelIntegratedComponent:63 - No mode defined for component null
2025-01-23 02:24:17,813 [WARN] ModelIntegratedComponent:63 - No mode defined for component null
2025-01-23 02:24:17,813 [WARN] ModelIntegratedComponent:63 - No mode defined for component null
2025-01-23 02:24:17,813 [WARN] ModelIntegratedComponent:63 - No mode defined for component null
2025-01-23 02:24:17,813 [WARN] ModelIntegratedComponent:63 - No mode defined for component null
2025-01-23 02:24:17,813 [WARN] ModelIntegratedComponent:63 - No mode defined for component null
2025-01-23 02:24:17,813 [WARN] ModelIntegratedComponent:63 - No mode defined for component null
2025-01-23 02:24:17,813 [WARN] ModelIntegratedComponent:63 - No mode defined for component null
2025-01-23 02:24:17,813 [WARN] ModelIntegratedComponent:63 - No mode defined for component null
2025-01-23 02:24:17,813 [WARN] ModelIntegratedComponent:63 - No mode defined for component null
2025-01-23 02:24:17,813 [WARN] ModelIntegratedComponent:63 - No mode defined for component null
2025-01-23 02:24:17,813 [WARN] ModelIntegratedComponent:63 - No mode defined for component null
2025-01-23 02:24:17,814 [WARN] ModelIntegratedComponent:63 - No mode defined for component null
2025-01-23 02:24:17,814 [WARN] ModelIntegratedComponent:63 - No mode defined for component null
2025-01-23 02:24:17,814 [WARN] ModelIntegratedComponent:63 - No mode defined for component null
2025-01-23 02:24:17,814 [WARN] ModelIntegratedComponent:63 - No mode defined for component null
2025-01-23 02:24:17,814 [WARN] ModelIntegratedComponent:63 - No mode defined for component null
2025-01-23 02:24:17,814 [WARN] ModelIntegratedComponent:63 - No mode defined for component null
2025-01-23 02:24:17,814 [WARN] ModelIntegratedComponent:63 - No mode defined for component null
2025-01-23 02:24:17,814 [WARN] ModelIntegratedComponent:63 - No mode defined for component null
2025-01-23 02:24:17,814 [WARN] ModelIntegratedComponent:63 - No mode defined for component null
2025-01-23 02:24:17,814 [WARN] ModelIntegratedComponent:63 - No mode defined for component null
2025-01-23 02:24:17,814 [WARN] ModelIntegratedComponent:63 - No mode defined for component null
2025-01-23 02:24:17,814 [WARN] ModelIntegratedComponent:63 - No mode defined for component null
2025-01-23 02:24:17,814 [WARN] ModelIntegratedComponent:63 - No mode defined for component null
2025-01-23 02:24:17,814 [WARN] ModelIntegratedComponent:63 - No mode defined for component null
2025-01-23 02:24:17,814 [WARN] ModelIntegratedComponent:63 - No mode defined for component null
2025-01-23 02:24:17,814 [WARN] ModelIntegratedComponent:63 - No mode defined for component null
2025-01-23 02:24:17,814 [WARN] ModelIntegratedComponent:63 - No mode defined for component null
2025-01-23 02:24:17,814 [WARN] ModelIntegratedComponent:63 - No mode defined for component null
2025-01-23 02:24:17,815 [WARN] ModelPack:524 - Component already loaded: STMicroelectronics:HAL Drivers:0.0.0:STMicroelectronics:Device:STMicro_Driver:XSPI:HAL::0.0.1:HAL_XSPI
2025-01-23 02:24:18,077 [INFO] ThirdPartyModel:298 - Start build external matchings
2025-01-23 02:24:18,620 [INFO] ThirdPartyModel:316 - End build external matchings
2025-01-23 02:24:18,640 [INFO] ImportTextPane:218 - (OptionalMessage_ERROR) IP (RCC) : Invalid parameter (FamilyName)
2025-01-23 02:24:19,157 [INFO] UtilMem:75 - End LoadConfig() Used Memory: 674734856 Bytes (961544192)
2025-01-23 02:24:19,961 [WARN] ThirdParty:833 - waiting for thirdparty lock release [change project]
2025-01-23 02:24:19,962 [INFO] ThirdParty:835 - entering critical section [change project]
2025-01-23 02:24:19,962 [INFO] ThirdParty:1030 - CMSIS Pack Vendor :STMicroelectronics USBPD 4.1
2025-01-23 02:24:19,962 [INFO] ThirdParty:1030 - CMSIS Pack Vendor :STMicroelectronics X-CUBE-AZRTOS-H7 3.3.0
2025-01-23 02:24:19,962 [INFO] ThirdParty:1030 - CMSIS Pack Vendor :STMicroelectronics X-CUBE-NFC9 1.0.0
2025-01-23 02:24:19,962 [INFO] ThirdParty:1030 - CMSIS Pack Vendor :STMicroelectronics USB_HOST 2.0.0
2025-01-23 02:24:19,963 [INFO] ThirdParty:1030 - CMSIS Pack Vendor :STMicroelectronics FP-SNS-MOTENVWB1 1.4.0
2025-01-23 02:24:19,963 [INFO] ThirdParty:1030 - CMSIS Pack Vendor :STMicroelectronics X-CUBE-AZRTOS-F4 1.1.0
2025-01-23 02:24:19,963 [INFO] ThirdParty:1030 - CMSIS Pack Vendor :STMicroelectronics LIBJPEG 8.0.0
2025-01-23 02:24:19,963 [INFO] ThirdParty:1030 - CMSIS Pack Vendor :STMicroelectronics FP-ATR-ASTRA1 2.0.1
2025-01-23 02:24:19,963 [INFO] ThirdParty:1030 - CMSIS Pack Vendor :STMicroelectronics X-CUBE-SMBUS 2.1.0
2025-01-23 02:24:19,963 [INFO] ThirdParty:1030 - CMSIS Pack Vendor :STMicroelectronics X-CUBE-WB05N 1.1.0
2025-01-23 02:24:19,963 [INFO] ThirdParty:1030 - CMSIS Pack Vendor :STMicroelectronics USB_DEVICE 3.0.0
2025-01-23 02:24:19,963 [INFO] ThirdParty:1030 - CMSIS Pack Vendor :STMicroelectronics X-CUBE-ISPU 2.1.0
2025-01-23 02:24:19,963 [INFO] ThirdParty:1030 - CMSIS Pack Vendor :STMicroelectronics X-CUBE-IPS 3.0.0
2025-01-23 02:24:19,963 [INFO] ThirdParty:1030 - CMSIS Pack Vendor :STMicroelectronics X-CUBE-AZRTOS-WB 2.0.0
2025-01-23 02:24:19,963 [INFO] ThirdParty:1030 - CMSIS Pack Vendor :STMicroelectronics X-CUBE-GNSS1 7.0.1
2025-01-23 02:24:19,963 [INFO] ThirdParty:1030 - CMSIS Pack Vendor :STMicroelectronics X-CUBE-AZRTOS-F7 1.1.0
2025-01-23 02:24:19,963 [INFO] ThirdParty:1030 - CMSIS Pack Vendor :STMicroelectronics X-CUBE-AZRTOS-L5 2.0.0
2025-01-23 02:24:19,963 [INFO] ThirdParty:1030 - CMSIS Pack Vendor :STMicroelectronics USB_DEVICE 2.0.0
2025-01-23 02:24:19,963 [INFO] ThirdParty:1030 - CMSIS Pack Vendor :STMicroelectronics X-CUBE-NFC6 3.1.0
2025-01-23 02:24:19,963 [INFO] ThirdParty:1030 - CMSIS Pack Vendor :STMicroelectronics FP-SNS-STBOX1 2.0.0
2025-01-23 02:24:19,964 [INFO] ThirdParty:1030 - CMSIS Pack Vendor :STMicroelectronics FreeRTOS 0.0.1
2025-01-23 02:24:19,964 [INFO] ThirdParty:1030 - CMSIS Pack Vendor :STMicroelectronics X-CUBE-AZRTOS-G0 1.1.0
2025-01-23 02:24:19,964 [INFO] ThirdParty:1030 - CMSIS Pack Vendor :STMicroelectronics X-CUBE-SAFEA1 1.2.2
2025-01-23 02:24:19,964 [INFO] ThirdParty:1030 - CMSIS Pack Vendor :STMicroelectronics X-CUBE-NFC4 3.0.0
2025-01-23 02:24:19,964 [INFO] ThirdParty:1030 - CMSIS Pack Vendor :STMicroelectronics X-CUBE-DPower 1.2.0
2025-01-23 02:24:19,964 [INFO] ThirdParty:1030 - CMSIS Pack Vendor :STMicroelectronics X-CUBE-SUBG2 5.0.0
2025-01-23 02:24:19,964 [INFO] ThirdParty:1030 - CMSIS Pack Vendor :STMicroelectronics STM32_WPAN 1.0.0
2025-01-23 02:24:19,964 [INFO] ThirdParty:1030 - CMSIS Pack Vendor :EmbeddedOffice I-CUBE-FS-RTOS 1.0.1
2025-01-23 02:24:19,964 [INFO] ThirdParty:1030 - CMSIS Pack Vendor :STMicroelectronics lwIP 2.0.3
2025-01-23 02:24:19,964 [INFO] ThirdParty:1030 - CMSIS Pack Vendor :STMicroelectronics FP-SNS-FLIGHT1 5.0.2
2025-01-23 02:24:19,964 [INFO] ThirdParty:1030 - CMSIS Pack Vendor :Cesanta I-CUBE-Mongoose 7.13.0
2025-01-23 02:24:19,964 [INFO] ThirdParty:1030 - CMSIS Pack Vendor :STMicroelectronics USB_HOST 1.0.0
2025-01-23 02:24:19,964 [INFO] ThirdParty:1030 - CMSIS Pack Vendor :Infineon AIROC-Wi-Fi-Bluetooth-STM32 1.7.0
2025-01-23 02:24:19,964 [INFO] ThirdParty:1030 - CMSIS Pack Vendor :STMicroelectronics X-CUBE-AZRTOS-G4 2.0.0
2025-01-23 02:24:19,964 [INFO] ThirdParty:1030 - CMSIS Pack Vendor :STMicroelectronics PDM2PCM 3.1.0
2025-01-23 02:24:19,965 [INFO] ThirdParty:1030 - CMSIS Pack Vendor :STMicroelectronics PDM2PCM 3.3.0
2025-01-23 02:24:19,965 [INFO] ThirdParty:1030 - CMSIS Pack Vendor :STMicroelectronics X-CUBE-DISPLAY 3.0.0
2025-01-23 02:24:19,965 [INFO] ThirdParty:1030 - CMSIS Pack Vendor :STMicroelectronics X-CUBE-TCPP 4.2.0
2025-01-23 02:24:19,965 [INFO] ThirdParty:1030 - CMSIS Pack Vendor :RealThread X-CUBE-RT-Thread_Nano 4.1.1
2025-01-23 02:24:19,965 [INFO] ThirdParty:1030 - CMSIS Pack Vendor :STMicroelectronics X-CUBE-BLE1 7.0.0
2025-01-23 02:24:19,965 [INFO] ThirdParty:1030 - CMSIS Pack Vendor :STMicroelectronics FP-ATR-SIGFOX1 3.2.0
2025-01-23 02:24:19,965 [INFO] ThirdParty:1030 - CMSIS Pack Vendor :STMicroelectronics X-CUBE-NFC10 1.0.0
2025-01-23 02:24:19,965 [INFO] ThirdParty:1030 - CMSIS Pack Vendor :quantropi X-CUBE-qispace-sdk-base 1.9.3
2025-01-23 02:24:19,965 [INFO] ThirdParty:1030 - CMSIS Pack Vendor :STMicroelectronics X-CUBE-BLEMGR 4.0.0
2025-01-23 02:24:19,965 [INFO] ThirdParty:1030 - CMSIS Pack Vendor :STMicroelectronics X-CUBE-EEPRMA1 5.1.0
2025-01-23 02:24:19,965 [INFO] ThirdParty:1030 - CMSIS Pack Vendor :STMicroelectronics HAL Drivers 0.0.0
2025-01-23 02:24:19,965 [INFO] ThirdParty:1030 - CMSIS Pack Vendor :STMicroelectronics MBEDTLS 2.16.2
2025-01-23 02:24:19,965 [INFO] ThirdParty:1030 - CMSIS Pack Vendor :STMicroelectronics X-CUBE-IPS 3.1.0
2025-01-23 02:24:19,965 [INFO] ThirdParty:1030 - CMSIS Pack Vendor :STMicroelectronics X-CUBE-ALS 1.0.2
2025-01-23 02:24:19,965 [INFO] ThirdParty:1030 - CMSIS Pack Vendor :emotas I-CUBE-CANOPEN 1.3.0
2025-01-23 02:24:19,966 [INFO] ThirdParty:1030 - CMSIS Pack Vendor :STMicroelectronics X-CUBE-FREERTOS 1.3.0
2025-01-23 02:24:19,966 [INFO] ThirdParty:1030 - CMSIS Pack Vendor :wolfSSL I-CUBE-wolfSSL 5.7.4
2025-01-23 02:24:19,966 [INFO] ThirdParty:1030 - CMSIS Pack Vendor :STMicroelectronics X-CUBE-NFC7 1.0.1
2025-01-23 02:24:19,966 [INFO] ThirdParty:1030 - CMSIS Pack Vendor :STMicroelectronics MBEDTLS 2.14.1
2025-01-23 02:24:19,966 [INFO] ThirdParty:1030 - CMSIS Pack Vendor :ITTIA_DB I-CUBE-ITTIADB 8.9.0
2025-01-23 02:24:19,966 [INFO] ThirdParty:1030 - CMSIS Pack Vendor :STMicroelectronics X-CUBE-TOUCHGFX 4.24.2
2025-01-23 02:24:19,966 [INFO] ThirdParty:1030 - CMSIS Pack Vendor :STMicroelectronics X-CUBE-TOUCHGFX 4.24.1
2025-01-23 02:24:19,966 [INFO] ThirdParty:1030 - CMSIS Pack Vendor :wolfSSL I-CUBE-wolfTPM 3.4.0
2025-01-23 02:24:19,966 [INFO] ThirdParty:1030 - CMSIS Pack Vendor :portGmbH I-Cube-SoM-uGOAL 1.1.0
2025-01-23 02:24:19,966 [INFO] ThirdParty:1030 - CMSIS Pack Vendor :STMicroelectronics X-CUBE-AI 10.0.0
2025-01-23 02:24:19,966 [INFO] ThirdParty:1030 - CMSIS Pack Vendor :STMicroelectronics ThreadX 1.0.0
2025-01-23 02:24:19,966 [INFO] ThirdParty:1030 - CMSIS Pack Vendor :STMicroelectronics FP-SNS-SMARTAG2 1.2.0
2025-01-23 02:24:19,966 [INFO] ThirdParty:1030 - CMSIS Pack Vendor :STMicroelectronics X-CUBE-MEMS1 11.1.0
2025-01-23 02:24:19,966 [INFO] ThirdParty:1030 - CMSIS Pack Vendor :STMicroelectronics X-CUBE-AZRTOS-WL 2.0.0
2025-01-23 02:24:19,966 [INFO] ThirdParty:1030 - CMSIS Pack Vendor :SEGGER I-CUBE-embOS 1.3.1
2025-01-23 02:24:19,966 [INFO] ThirdParty:1030 - CMSIS Pack Vendor :STMicroelectronics X-CUBE-ALGOBUILD 1.4.0
2025-01-23 02:24:19,966 [INFO] ThirdParty:1030 - CMSIS Pack Vendor :STMicroelectronics FP-SNS-MOTENV1 5.0.0
2025-01-23 02:24:19,967 [INFO] ThirdParty:1030 - CMSIS Pack Vendor :STMicroelectronics USB_DEVICE 1.0.0
2025-01-23 02:24:19,967 [INFO] ThirdParty:1030 - CMSIS Pack Vendor :STMicroelectronics X-CUBE-AZRTOS-H7RS 1.0.0
2025-01-23 02:24:19,967 [INFO] ThirdParty:1030 - CMSIS Pack Vendor :wolfSSL I-CUBE-wolfMQTT 1.19.0
2025-01-23 02:24:19,967 [INFO] ThirdParty:1030 - CMSIS Pack Vendor :STMicroelectronics X-CUBE-AZRTOS-L4 2.0.0
2025-01-23 02:24:19,967 [INFO] ThirdParty:1030 - CMSIS Pack Vendor :STMicroelectronics ThreadX 0.0.2
2025-01-23 02:24:19,967 [INFO] ThirdParty:1030 - CMSIS Pack Vendor :WES I-CUBE-Cesium 1.3.0
2025-01-23 02:24:19,967 [INFO] ThirdParty:1030 - CMSIS Pack Vendor :STMicroelectronics lwIP 2.1.2
2025-01-23 02:24:19,967 [INFO] ThirdParty:1030 - CMSIS Pack Vendor :STMicroelectronics X-CUBE-SFXS2LP1 4.0.0
2025-01-23 02:24:19,967 [INFO] ThirdParty:1030 - CMSIS Pack Vendor :STMicroelectronics X-CUBE-BLE2 3.3.0
2025-01-23 02:24:19,967 [INFO] ThirdParty:1030 - CMSIS Pack Vendor :STMicroelectronics X-CUBE-TOF1 3.4.2
2025-01-23 02:24:19,967 [INFO] ThirdParty:1030 - CMSIS Pack Vendor :STMicroelectronics X-CUBE-AI 9.1.0
2025-01-23 02:24:19,967 [INFO] ThirdParty:1030 - CMSIS Pack Vendor :STMicroelectronics PDM2PCM 3.2.0
2025-01-23 02:24:19,967 [INFO] ThirdParty:1030 - CMSIS Pack Vendor :wolfSSL I-CUBE-wolfSSH 1.4.17
2025-01-23 02:24:19,968 [INFO] ThirdParty:841 - exiting critical section [change project]
2025-01-23 02:24:20,484 [INFO] PinOutPanel:1589 - setPackage(No Configuration,No Configuration)
2025-01-23 02:24:20,485 [INFO] PinOutPanel:1589 - setPackage(STM32F030R8Tx,LQFP64)
2025-01-23 02:24:21,313 [INFO] UtilMem:75 - Before build in PCC Used Memory: 523650144 Bytes (961544192)
2025-01-23 02:24:22,319 [INFO] UtilMem:75 - After build in PCC Used Memory: 690373728 Bytes (961544192)
2025-01-23 02:24:22,351 [INFO] IPUIPlugin:80 - create IPUIPlugin
2025-01-23 02:24:22,351 [INFO] IPUIPlugin:80 - create IPUIPlugin
2025-01-23 02:24:22,352 [INFO] IPUIPlugin:80 - create IPUIPlugin
2025-01-23 02:24:22,352 [INFO] IPUIPlugin:80 - create IPUIPlugin
2025-01-23 02:24:22,352 [INFO] IPUIPlugin:80 - create IPUIPlugin
2025-01-23 02:24:22,352 [INFO] IPUIPlugin:80 - create IPUIPlugin
2025-01-23 02:24:22,352 [INFO] IPUIPlugin:80 - create IPUIPlugin
2025-01-23 02:24:22,352 [INFO] IPUIPlugin:80 - create IPUIPlugin
2025-01-23 02:24:22,352 [INFO] IPUIPlugin:80 - create IPUIPlugin
2025-01-23 02:24:22,353 [INFO] IPUIPlugin:80 - create IPUIPlugin
2025-01-23 02:24:22,353 [INFO] IPUIPlugin:80 - create IPUIPlugin
2025-01-23 02:24:22,353 [INFO] IPUIPlugin:80 - create IPUIPlugin
2025-01-23 02:24:22,353 [INFO] IPUIPlugin:80 - create IPUIPlugin
2025-01-23 02:24:22,353 [INFO] IPUIPlugin:80 - create IPUIPlugin
2025-01-23 02:24:22,354 [INFO] IPUIPlugin:80 - create IPUIPlugin
2025-01-23 02:24:22,354 [INFO] IPUIPlugin:80 - create IPUIPlugin
2025-01-23 02:24:22,354 [INFO] IPUIPlugin:80 - create IPUIPlugin
2025-01-23 02:24:22,354 [INFO] IPUIPlugin:80 - create IPUIPlugin
2025-01-23 02:24:22,354 [INFO] IPUIPlugin:80 - create IPUIPlugin
2025-01-23 02:24:22,354 [INFO] IPUIPlugin:80 - create IPUIPlugin
2025-01-23 02:24:22,355 [INFO] IPUIPlugin:80 - create IPUIPlugin
2025-01-23 02:24:22,355 [INFO] IPUIPlugin:80 - create IPUIPlugin
2025-01-23 02:24:22,355 [INFO] IPUIPlugin:80 - create IPUIPlugin
2025-01-23 02:24:22,355 [INFO] IPUIPlugin:80 - create IPUIPlugin
2025-01-23 02:24:22,355 [INFO] IPUIPlugin:80 - create IPUIPlugin
2025-01-23 02:24:22,355 [INFO] IPUIPlugin:80 - create IPUIPlugin
2025-01-23 02:24:22,706 [INFO] CADModel:165 - CPN selected for project levelSTM32F030R8T6
2025-01-23 02:24:22,707 [INFO] CADModel:114 - Register for checkConnection events
2025-01-23 02:24:22,792 [INFO] OpenFileManager:363 - Restore cursor
2025-01-23 02:24:23,258 [INFO] UtilMem:75 - End SaveConfig() Used Memory: 819348576 Bytes (961544192)
2025-01-23 02:24:23,304 [INFO] UtilMem:75 - End SaveConfig() Used Memory: 832113360 Bytes (961544192)
2025-01-23 02:24:24,024 [INFO] BlockDiagram:2766 - set Specific Code input for plugin: NVIC
2025-01-23 02:24:24,024 [INFO] BlockDiagram:2766 - set Specific Code input for plugin: USART
2025-01-23 02:24:24,025 [INFO] BlockDiagram:2766 - set Specific Code input for plugin: SYS
2025-01-23 02:24:24,025 [INFO] BlockDiagram:2766 - set Specific Code input for plugin: GPIO
2025-01-23 02:24:24,025 [INFO] BlockDiagram:2766 - set Specific Code input for plugin: RCC
2025-01-23 02:24:24,026 [INFO] CodeGenerator:896 - code generatio: config db path: /opt/st/stm32cubeide_1.17.0/plugins/com.st.stm32cube.common.mx_6.13.0.202411220809//db/
2025-01-23 02:24:24,401 [INFO] CodeEngine:255 - oldGeneratedFile, /home/scott/STM32CubeIDE/BareMetalC_Problems_AND_Exercises/Chapter5/MXTmpFiles/license.tmp_save
2025-01-23 02:24:24,999 [INFO] CodeEngine:279 - Generated code: /home/scott/STM32CubeIDE/BareMetalC_Problems_AND_Exercises/Chapter5/MXTmpFiles/license.tmp
2025-01-23 02:24:25,272 [INFO] CodeEngine:255 - oldGeneratedFile, /home/scott/STM32CubeIDE/BareMetalC_Problems_AND_Exercises/Chapter5/MXTmpFiles/gpio.tmp_save
2025-01-23 02:24:25,427 [INFO] CodeEngine:279 - Generated code: /home/scott/STM32CubeIDE/BareMetalC_Problems_AND_Exercises/Chapter5/MXTmpFiles/gpio.tmp
2025-01-23 02:24:25,751 [INFO] CodeEngine:255 - oldGeneratedFile, /home/scott/STM32CubeIDE/BareMetalC_Problems_AND_Exercises/Chapter5/Core/Src/stm32f0xx_it.c_save
2025-01-23 02:24:25,912 [INFO] CodeEngine:279 - Generated code: /home/scott/STM32CubeIDE/BareMetalC_Problems_AND_Exercises/Chapter5/Core/Src/stm32f0xx_it.c
2025-01-23 02:24:25,915 [INFO] CodeEngine:255 - oldGeneratedFile, /home/scott/STM32CubeIDE/BareMetalC_Problems_AND_Exercises/Chapter5/Core/Inc/stm32f0xx_it.h_save
2025-01-23 02:24:26,022 [INFO] CodeEngine:279 - Generated code: /home/scott/STM32CubeIDE/BareMetalC_Problems_AND_Exercises/Chapter5/Core/Inc/stm32f0xx_it.h
2025-01-23 02:24:26,041 [INFO] CodeEngine:255 - oldGeneratedFile, /home/scott/STM32CubeIDE/BareMetalC_Problems_AND_Exercises/Chapter5/Core/Src/stm32f0xx_hal_msp.c_save
2025-01-23 02:24:26,205 [INFO] CodeEngine:279 - Generated code: /home/scott/STM32CubeIDE/BareMetalC_Problems_AND_Exercises/Chapter5/Core/Src/stm32f0xx_hal_msp.c
2025-01-23 02:24:26,207 [INFO] CodeEngine:255 - oldGeneratedFile, /home/scott/STM32CubeIDE/BareMetalC_Problems_AND_Exercises/Chapter5/MXTmpFiles/system.tmp_save
2025-01-23 02:24:26,304 [INFO] CodeEngine:279 - Generated code: /home/scott/STM32CubeIDE/BareMetalC_Problems_AND_Exercises/Chapter5/MXTmpFiles/system.tmp
2025-01-23 02:24:26,309 [INFO] CodeEngine:311 - oldGeneratedFile, /home/scott/STM32CubeIDE/BareMetalC_Problems_AND_Exercises/Chapter5/Core/Inc/stm32f0xx_hal_conf.h_save
2025-01-23 02:24:26,409 [INFO] CodeEngine:335 - Generated code: /home/scott/STM32CubeIDE/BareMetalC_Problems_AND_Exercises/Chapter5/Core/Inc/stm32f0xx_hal_conf.h
2025-01-23 02:24:26,450 [INFO] ApiDbMcu:508 - Load IP Config File for USART2
2025-01-23 02:24:26,452 [INFO] ApiDbMcu:508 - Load IP Config File for RCC
2025-01-23 02:24:26,456 [INFO] CodeEngine:255 - oldGeneratedFile, /home/scott/STM32CubeIDE/BareMetalC_Problems_AND_Exercises/Chapter5/Core/Inc/main.h_save
2025-01-23 02:24:26,555 [INFO] CodeEngine:279 - Generated code: /home/scott/STM32CubeIDE/BareMetalC_Problems_AND_Exercises/Chapter5/Core/Inc/main.h
2025-01-23 02:24:26,561 [INFO] CodeEngine:255 - oldGeneratedFile, /home/scott/STM32CubeIDE/BareMetalC_Problems_AND_Exercises/Chapter5/Core/Src/main.c_save
2025-01-23 02:24:26,671 [INFO] CodeEngine:279 - Generated code: /home/scott/STM32CubeIDE/BareMetalC_Problems_AND_Exercises/Chapter5/Core/Src/main.c
2025-01-23 02:24:29,608 [INFO] ProjectBuilder:3289 - Time for Copy HAL[1] : 2290mS.
2025-01-23 02:24:29,725 [INFO] ProjectBuilder:4876 - Project Generator version: 4.5.0-RC5
2025-01-23 02:24:29,873 [INFO] ConfigFileManager:1579 - The Die is : DIE440
2025-01-23 02:24:29,928 [INFO] ApiDbMcu:508 - Load IP Config File for FATFS
2025-01-23 02:24:30,027 [INFO] ApiDbMcu:508 - Load IP Config File for FREERTOS
2025-01-23 02:24:32,242 [INFO] LogOutputStream:77 - [STDOUT_REDIRECT] 
2025-01-23 02:24:38,215 [INFO] ProjectBuilder:5154 - Time for Generating toolchain IDE Files: 8490mS.
2025-01-23 02:24:38,216 [INFO] ProjectBuilder:3146 - Time for Copy CMSIS : 1mS.
2025-01-23 02:24:38,216 [INFO] ProjectBuilder:3146 - Time for Copy CMSIS : 0mS.
2025-01-23 02:24:39,522 [INFO] McuFinderGlobals:76 - Set McuFinderConnectedMode to true
2025-01-23 02:24:39,527 [INFO] ApiDb:448 - Save user favorites file /home/scott/.stm32cubeide/favorites.mcus.txt: 0 item(s)
2025-01-23 02:24:39,527 [INFO] ApiDb:452 - User favorites MCUs=[]
2025-01-23 02:24:39,528 [INFO] ApiDb:448 - Save user favorites file /home/scott/.stm32cubeide/favorites.boards.txt: 0 item(s)
2025-01-23 02:24:39,528 [INFO] ApiDb:452 - User favorites Boards=[]
2025-01-23 02:37:48,082 [ERROR] LogOutputStream:75 - [STDERR_REDIRECT] 
2025-01-23 02:38:14,287 [INFO] Activator:176 - 


2025-01-23 02:38:14,289 [INFO] Activator:177 - !SESSION log4j initialized
2025-01-23 02:38:21,376 [INFO] LogOutputStream:77 - [STDOUT_REDIRECT] 
2025-01-23 02:38:23,378 [INFO] ApplicationProperties:184 - Using Application install path: /opt/st/stm32cubeide_1.17.0/plugins/com.st.stm32cube.common.mx_6.13.0.202411220809
2025-01-23 02:38:23,411 [INFO] DbMcusXml:78 - Set database path to: /opt/st/stm32cubeide_1.17.0/plugins/com.st.stm32cube.common.mx_6.13.0.202411220809//db//mcu/
2025-01-23 02:38:23,411 [INFO] ApiDb:274 - Set plugin database path to: /opt/st/stm32cubeide_1.17.0/plugins/com.st.stm32cube.common.mx_6.13.0.202411220809//db//plugins/boardmanager/
2025-01-23 02:38:23,411 [WARN] ApiDb:259 - Overriding images path with different value:  => /opt/st/stm32cubeide_1.17.0/plugins/com.st.stm32cube.common.mx_6.13.0.202411220809//db//plugins/mcufinder/images/
2025-01-23 02:38:23,421 [INFO] ApiDb:250 - Set database path to: /home/scott/.stmcufinder/plugins/mcufinder//mcu/
2025-01-23 02:38:23,422 [INFO] DbMcusAds:125 - Set database path to: /home/scott/.stmcufinder/plugins/mcufinder//mcu/
2025-01-23 02:38:23,426 [INFO] CrossReferenceDbSqlite:203 - Set database path to: /home/scott/.stmcufinder/plugins/mcufinder//mcu/cs/
2025-01-23 02:38:23,583 [INFO] RulesReader:64 - Compatibility file has been processed (297 Rules)
2025-01-23 02:38:23,732 [INFO] DbMcusXml:78 - Set database path to: /opt/st/stm32cubeide_1.17.0/plugins/com.st.stm32cube.common.mx_6.13.0.202411220809//db//mcu/
2025-01-23 02:38:23,732 [INFO] ApiDb:274 - Set plugin database path to: /opt/st/stm32cubeide_1.17.0/plugins/com.st.stm32cube.common.mx_6.13.0.202411220809//db//plugins/boardmanager/
2025-01-23 02:38:23,733 [INFO] ApiDb:261 - Set plugin images path to: /opt/st/stm32cubeide_1.17.0/plugins/com.st.stm32cube.common.mx_6.13.0.202411220809//db//plugins/mcufinder/images/
2025-01-23 02:38:23,733 [WARN] DbFile:41 - Overriding database path with different value: /home/scott/.stmcufinder/plugins/mcufinder/ => /home/scott/.stmcufinder/plugins/mcufinder
2025-01-23 02:38:23,733 [INFO] ApiDb:250 - Set database path to: /home/scott/.stmcufinder/plugins/mcufinder//mcu/
2025-01-23 02:38:23,733 [WARN] DbFile:41 - Overriding database path with different value: /home/scott/.stmcufinder/plugins/mcufinder/ => /home/scott/.stmcufinder/plugins/mcufinder
2025-01-23 02:38:23,734 [INFO] DbMcusAds:125 - Set database path to: /home/scott/.stmcufinder/plugins/mcufinder//mcu/
2025-01-23 02:38:23,734 [WARN] DbFile:41 - Overriding database path with different value: /home/scott/.stmcufinder/plugins/mcufinder/ => /home/scott/.stmcufinder/plugins/mcufinder
2025-01-23 02:38:23,734 [WARN] DbFile:41 - Overriding database path with different value: /home/scott/.stmcufinder/plugins/mcufinder/ => /home/scott/.stmcufinder/plugins/mcufinder
2025-01-23 02:38:23,734 [INFO] CrossReferenceDbSqlite:203 - Set database path to: /home/scott/.stmcufinder/plugins/mcufinder//mcu/cs/
2025-01-23 02:38:23,912 [INFO] MainPanel:272 - HeapMemory: 268435456
2025-01-23 02:38:24,282 [INFO] DbMcusXml:78 - Set database path to: /opt/st/stm32cubeide_1.17.0/plugins/com.st.stm32cube.common.mx_6.13.0.202411220809//db//mcu/
2025-01-23 02:38:24,282 [INFO] ApiDb:274 - Set plugin database path to: /opt/st/stm32cubeide_1.17.0/plugins/com.st.stm32cube.common.mx_6.13.0.202411220809//db//plugins/boardmanager/
2025-01-23 02:38:24,282 [INFO] ApiDb:261 - Set plugin images path to: /opt/st/stm32cubeide_1.17.0/plugins/com.st.stm32cube.common.mx_6.13.0.202411220809//db//plugins/mcufinder/images/
2025-01-23 02:38:24,282 [WARN] DbFile:41 - Overriding database path with different value: /home/scott/.stmcufinder/plugins/mcufinder/ => /home/scott/.stmcufinder/plugins/mcufinder
2025-01-23 02:38:24,283 [INFO] ApiDb:250 - Set database path to: /home/scott/.stmcufinder/plugins/mcufinder//mcu/
2025-01-23 02:38:24,283 [WARN] DbFile:41 - Overriding database path with different value: /home/scott/.stmcufinder/plugins/mcufinder/ => /home/scott/.stmcufinder/plugins/mcufinder
2025-01-23 02:38:24,283 [INFO] DbMcusAds:125 - Set database path to: /home/scott/.stmcufinder/plugins/mcufinder//mcu/
2025-01-23 02:38:24,283 [WARN] DbFile:41 - Overriding database path with different value: /home/scott/.stmcufinder/plugins/mcufinder/ => /home/scott/.stmcufinder/plugins/mcufinder
2025-01-23 02:38:24,283 [WARN] DbFile:41 - Overriding database path with different value: /home/scott/.stmcufinder/plugins/mcufinder/ => /home/scott/.stmcufinder/plugins/mcufinder
2025-01-23 02:38:24,283 [INFO] CrossReferenceDbSqlite:203 - Set database path to: /home/scott/.stmcufinder/plugins/mcufinder//mcu/cs/
2025-01-23 02:38:24,302 [INFO] ApplicationProperties:184 - Using Application install path: /opt/st/stm32cubeide_1.17.0/plugins/com.st.stm32cube.common.mx_6.13.0.202411220809
2025-01-23 02:38:24,303 [INFO] PluginManage:196 - Search for loadable plugins [exclusion list=, ]
2025-01-23 02:38:24,305 [INFO] PluginManage:310 - Check plugin analytics
2025-01-23 02:38:24,614 [INFO] AnalyticsPlugin:253 - Accepted Software Licenses: STM32CubeMX.6.13.0
2025-01-23 02:38:24,615 [INFO] AnalyticsPlugin:255 - Accepted CMSIS Pack Licenses: 
2025-01-23 02:38:24,615 [INFO] AnalyticsPlugin:257 - Accepted Firmware Licenses: 
2025-01-23 02:38:24,622 [INFO] PluginManage:359 - Loaded plugin analytics (category:tool,tabindex:-1)
2025-01-23 02:38:24,623 [INFO] PluginManage:310 - Check plugin cadmodel
2025-01-23 02:38:24,644 [INFO] CADModel:105 - Init CAD model plugin
2025-01-23 02:38:24,645 [INFO] PluginManage:359 - Loaded plugin cadmodel (category:power,tabindex:5)
2025-01-23 02:38:24,645 [INFO] PluginManage:310 - Check plugin clock
2025-01-23 02:38:24,664 [INFO] PluginManage:359 - Loaded plugin clock (category:base,tabindex:2)
2025-01-23 02:38:24,665 [INFO] PluginManage:310 - Check plugin ddr
2025-01-23 02:38:24,681 [INFO] PluginManage:359 - Loaded plugin ddr (category:tool,tabindex:6)
2025-01-23 02:38:24,681 [INFO] PluginManage:310 - Check plugin filemanager
2025-01-23 02:38:24,965 [INFO] PluginManage:359 - Loaded plugin filemanager (category:base,tabindex:10)
2025-01-23 02:38:24,965 [INFO] PluginManage:310 - Check plugin ipmanager
2025-01-23 02:38:24,972 [INFO] PluginManage:359 - Loaded plugin ipmanager (category:base,tabindex:5)
2025-01-23 02:38:24,972 [INFO] PluginManage:310 - Check plugin lpbam
2025-01-23 02:38:25,021 [INFO] PluginManage:359 - Loaded plugin lpbam (category:base,tabindex:0)
2025-01-23 02:38:25,021 [INFO] PluginManage:310 - Check plugin memorymap
2025-01-23 02:38:25,083 [INFO] PluginManage:359 - Loaded plugin memorymap (category:base,tabindex:4)
2025-01-23 02:38:25,083 [INFO] PluginManage:310 - Check plugin pinoutandconfiguration
2025-01-23 02:38:25,127 [INFO] PluginManage:359 - Loaded plugin pinoutandconfiguration (category:base,tabindex:1)
2025-01-23 02:38:25,128 [INFO] PluginManage:310 - Check plugin pinoutconfig
2025-01-23 02:38:25,314 [WARN] SupportedApi:132 - Cannot load RTOS API schema: s4s-elt-must-match.1: The content of 'definitions' must match (annotation?, (simpleType | complexType)?, (unique | key | keyref)*)). A problem was found starting at: attribute.
2025-01-23 02:38:25,548 [INFO] PluginManage:359 - Loaded plugin pinoutconfig (category:base,tabindex:0)
2025-01-23 02:38:25,548 [INFO] PluginManage:310 - Check plugin power
2025-01-23 02:38:25,590 [INFO] PluginManage:359 - Loaded plugin power (category:power,tabindex:4)
2025-01-23 02:38:25,591 [INFO] PluginManage:310 - Check plugin projectmanager
2025-01-23 02:38:25,628 [INFO] PluginManage:359 - Loaded plugin projectmanager (category:projectmanager,tabindex:4)
2025-01-23 02:38:25,628 [INFO] PluginManage:310 - Check plugin rif
2025-01-23 02:38:25,687 [INFO] PluginManage:359 - Loaded plugin rif (category:base,tabindex:3)
2025-01-23 02:38:25,688 [INFO] PluginManage:310 - Check plugin thirdparty
2025-01-23 02:38:26,062 [INFO] PluginManage:359 - Loaded plugin thirdparty (category:base,tabindex:-1)
2025-01-23 02:38:26,062 [INFO] PluginManage:310 - Check plugin tools
2025-01-23 02:38:26,062 [WARN] IntegrityCheckThread:84 - waiting for thirdparty lock release [integrity check]
2025-01-23 02:38:26,063 [INFO] IntegrityCheckThread:86 - entering critical section [integrity check]
2025-01-23 02:38:26,064 [INFO] ThirdPartyUpdaterWithRetryManager:70 - Updater plugin not ready yet. [1/15]
2025-01-23 02:38:26,065 [INFO] PluginManage:359 - Loaded plugin tools (category:base,tabindex:7)
2025-01-23 02:38:26,065 [INFO] PluginManage:310 - Check plugin tutovideos
2025-01-23 02:38:26,354 [INFO] PluginManage:359 - Loaded plugin tutovideos (category:base,tabindex:-1)
2025-01-23 02:38:26,355 [INFO] PluginManage:310 - Check plugin updater
2025-01-23 02:38:26,391 [INFO] PluginManage:359 - Loaded plugin updater (category:base,tabindex:12)
2025-01-23 02:38:26,392 [INFO] PluginManage:310 - Check plugin userauth
2025-01-23 02:38:26,405 [INFO] UserAuth:118 - Init User Auth plugin
2025-01-23 02:38:26,406 [INFO] PluginManage:359 - Loaded plugin userauth (category:base,tabindex:14)
2025-01-23 02:38:26,407 [INFO] PluginManage:283 - PluginManage : Loaded plugins [18]
2025-01-23 02:38:26,768 [INFO] PinOutPanel:1589 - setPackage(No Configuration,No Configuration)
2025-01-23 02:38:26,924 [INFO] CADModel:165 - CPN selected for project level
2025-01-23 02:38:26,924 [INFO] CADModel:114 - Register for checkConnection events
2025-01-23 02:38:26,959 [INFO] IPUIPlugin:80 - create IPUIPlugin
2025-01-23 02:38:26,960 [INFO] PluginManager:220 - loadIPPluginJar : add comp
2025-01-23 02:38:26,987 [INFO] IPUIPlugin:80 - create IPUIPlugin
2025-01-23 02:38:26,987 [INFO] PluginManager:220 - loadIPPluginJar : add ucpd
2025-01-23 02:38:26,989 [INFO] IPUIPlugin:80 - create IPUIPlugin
2025-01-23 02:38:26,990 [INFO] PluginManager:220 - loadIPPluginJar : add dfsdm
2025-01-23 02:38:27,042 [INFO] IPUIPlugin:80 - create IPUIPlugin
2025-01-23 02:38:27,042 [INFO] PluginManager:220 - loadIPPluginJar : add stm32_wpan
2025-01-23 02:38:27,044 [INFO] IPUIPlugin:80 - create IPUIPlugin
2025-01-23 02:38:27,045 [INFO] PluginManager:220 - loadIPPluginJar : add dma3
2025-01-23 02:38:27,058 [INFO] IPUIPlugin:80 - create IPUIPlugin
2025-01-23 02:38:27,058 [INFO] PluginManager:220 - loadIPPluginJar : add fatfs
2025-01-23 02:38:27,060 [INFO] IPUIPlugin:80 - create IPUIPlugin
2025-01-23 02:38:27,061 [INFO] PluginManager:220 - loadIPPluginJar : add spi
2025-01-23 02:38:27,104 [INFO] IPUIPlugin:80 - create IPUIPlugin
2025-01-23 02:38:27,104 [INFO] PluginManager:220 - loadIPPluginJar : add ddr_ctrl_phy
2025-01-23 02:38:27,164 [INFO] IPUIPlugin:80 - create IPUIPlugin
2025-01-23 02:38:27,164 [INFO] PluginManager:220 - loadIPPluginJar : add fmc
2025-01-23 02:38:27,234 [INFO] IPUIPlugin:80 - create IPUIPlugin
2025-01-23 02:38:27,235 [INFO] PluginManager:220 - loadIPPluginJar : add linkedlist
2025-01-23 02:38:27,240 [INFO] IPUIPlugin:80 - create IPUIPlugin
2025-01-23 02:38:27,240 [INFO] PluginManager:220 - loadIPPluginJar : add gfxmmu
2025-01-23 02:38:27,245 [INFO] IPUIPlugin:80 - create IPUIPlugin
2025-01-23 02:38:27,246 [INFO] PluginManager:220 - loadIPPluginJar : add touchsensing
2025-01-23 02:38:27,249 [INFO] IPUIPlugin:80 - create IPUIPlugin
2025-01-23 02:38:27,249 [INFO] PluginManager:220 - loadIPPluginJar : add usart
2025-01-23 02:38:27,296 [INFO] IPUIPlugin:80 - create IPUIPlugin
2025-01-23 02:38:27,297 [INFO] PluginManager:220 - loadIPPluginJar : add gpio
2025-01-23 02:38:27,300 [INFO] IPUIPlugin:80 - create IPUIPlugin
2025-01-23 02:38:27,300 [INFO] PluginManager:220 - loadIPPluginJar : add usbx
2025-01-23 02:38:27,302 [INFO] IPUIPlugin:80 - create IPUIPlugin
2025-01-23 02:38:27,303 [INFO] PluginManager:220 - loadIPPluginJar : add ts
2025-01-23 02:38:27,305 [INFO] IPUIPlugin:80 - create IPUIPlugin
2025-01-23 02:38:27,305 [INFO] PluginManager:220 - loadIPPluginJar : add gtzc
2025-01-23 02:38:27,323 [INFO] IPUIPlugin:80 - create IPUIPlugin
2025-01-23 02:38:27,332 [INFO] PluginManager:220 - loadIPPluginJar : add plateformsettings
2025-01-23 02:38:27,335 [INFO] IPUIPlugin:80 - create IPUIPlugin
2025-01-23 02:38:27,335 [INFO] PluginManager:220 - loadIPPluginJar : add i3c
2025-01-23 02:38:27,358 [INFO] IPUIPlugin:80 - create IPUIPlugin
2025-01-23 02:38:27,358 [INFO] PluginManager:220 - loadIPPluginJar : add mdma
2025-01-23 02:38:27,361 [INFO] IPUIPlugin:80 - create IPUIPlugin
2025-01-23 02:38:27,361 [INFO] PluginManager:220 - loadIPPluginJar : add pdm2pcm
2025-01-23 02:38:27,390 [INFO] IPUIPlugin:80 - create IPUIPlugin
2025-01-23 02:38:27,390 [INFO] PluginManager:220 - loadIPPluginJar : add aes
2025-01-23 02:38:27,395 [INFO] IPUIPlugin:80 - create IPUIPlugin
2025-01-23 02:38:27,396 [INFO] PluginManager:220 - loadIPPluginJar : add gic
2025-01-23 02:38:27,398 [INFO] IPUIPlugin:80 - create IPUIPlugin
2025-01-23 02:38:27,399 [INFO] PluginManager:220 - loadIPPluginJar : add ltdc
2025-01-23 02:38:27,438 [INFO] IPUIPlugin:80 - create IPUIPlugin
2025-01-23 02:38:27,438 [INFO] PluginManager:220 - loadIPPluginJar : add resmgrutility
2025-01-23 02:38:27,439 [INFO] IPUIPlugin:80 - create IPUIPlugin
2025-01-23 02:38:27,439 [INFO] PluginManager:220 - loadIPPluginJar : add tsc
2025-01-23 02:38:27,441 [INFO] IPUIPlugin:80 - create IPUIPlugin
2025-01-23 02:38:27,441 [INFO] PluginManager:220 - loadIPPluginJar : add quadspi
2025-01-23 02:38:27,445 [INFO] IPUIPlugin:80 - create IPUIPlugin
2025-01-23 02:38:27,445 [INFO] PluginManager:220 - loadIPPluginJar : add openamp
2025-01-23 02:38:27,463 [INFO] IPUIPlugin:80 - create IPUIPlugin
2025-01-23 02:38:27,463 [INFO] PluginManager:220 - loadIPPluginJar : add nvic
2025-01-23 02:38:27,467 [INFO] IPUIPlugin:80 - create IPUIPlugin
2025-01-23 02:38:27,467 [INFO] PluginManager:220 - loadIPPluginJar : add sai
2025-01-23 02:38:27,469 [INFO] IPUIPlugin:80 - create IPUIPlugin
2025-01-23 02:38:27,470 [INFO] PluginManager:220 - loadIPPluginJar : add radio
2025-01-23 02:38:27,472 [INFO] IPUIPlugin:80 - create IPUIPlugin
2025-01-23 02:38:27,473 [INFO] PluginManager:220 - loadIPPluginJar : add lorawan
2025-01-23 02:38:27,474 [INFO] IPUIPlugin:80 - create IPUIPlugin
2025-01-23 02:38:27,474 [INFO] PluginManager:220 - loadIPPluginJar : add tim
2025-01-23 02:38:27,477 [INFO] IPUIPlugin:80 - create IPUIPlugin
2025-01-23 02:38:27,477 [INFO] PluginManager:220 - loadIPPluginJar : add cryp
2025-01-23 02:38:27,479 [INFO] IPUIPlugin:80 - create IPUIPlugin
2025-01-23 02:38:27,479 [INFO] PluginManager:220 - loadIPPluginJar : add hash
2025-01-23 02:38:27,486 [INFO] IPUIPlugin:80 - create IPUIPlugin
2025-01-23 02:38:27,486 [INFO] PluginManager:220 - loadIPPluginJar : add adc
2025-01-23 02:38:27,504 [INFO] IPUIPlugin:80 - create IPUIPlugin
2025-01-23 02:38:27,504 [INFO] PluginManager:220 - loadIPPluginJar : add dma
2025-01-23 02:38:27,506 [INFO] IPUIPlugin:80 - create IPUIPlugin
2025-01-23 02:38:27,506 [INFO] PluginManager:220 - loadIPPluginJar : add tracer_emb
2025-01-23 02:38:27,520 [INFO] IPUIPlugin:80 - create IPUIPlugin
2025-01-23 02:38:27,520 [INFO] PluginManager:220 - loadIPPluginJar : add ipddr
2025-01-23 02:38:27,522 [INFO] IPUIPlugin:80 - create IPUIPlugin
2025-01-23 02:38:27,523 [INFO] PluginManager:220 - loadIPPluginJar : add i2s
2025-01-23 02:38:27,541 [INFO] IPUIPlugin:80 - create IPUIPlugin
2025-01-23 02:38:27,541 [INFO] PluginManager:220 - loadIPPluginJar : add freertos
2025-01-23 02:38:27,544 [INFO] IPUIPlugin:80 - create IPUIPlugin
2025-01-23 02:38:27,544 [INFO] PluginManager:220 - loadIPPluginJar : add opamp
2025-01-23 02:38:27,548 [INFO] IPUIPlugin:80 - create IPUIPlugin
2025-01-23 02:38:27,548 [INFO] PluginManager:220 - loadIPPluginJar : add i2c
2025-01-23 02:38:27,551 [INFO] IPUIPlugin:80 - create IPUIPlugin
2025-01-23 02:38:27,552 [INFO] PluginManager:220 - loadIPPluginJar : add extmemmanager
2025-01-23 02:38:27,554 [INFO] IPUIPlugin:80 - create IPUIPlugin
2025-01-23 02:38:27,554 [INFO] PluginManager:220 - loadIPPluginJar : add can
2025-01-23 02:38:27,582 [INFO] IPUIPlugin:80 - create IPUIPlugin
2025-01-23 02:38:27,582 [INFO] PluginManager:220 - loadIPPluginJar : add genericplugin
2025-01-23 02:38:27,719 [FATAL] Updater:351 - Updater called before beeing initialized
2025-01-23 02:38:27,764 [INFO] RulesReader:64 - Compatibility file has been processed (297 Rules)
2025-01-23 02:38:27,772 [INFO] RulesReader:64 - Compatibility file has been processed (297 Rules)
2025-01-23 02:38:27,779 [INFO] CADModel:165 - CPN selected for project level
2025-01-23 02:38:27,780 [INFO] CADModel:114 - Register for checkConnection events
2025-01-23 02:38:27,780 [FATAL] Updater:351 - Updater called before beeing initialized
2025-01-23 02:38:27,780 [ERROR] CADModel:125 - Updater not yet initialized, retry later 
2025-01-23 02:38:28,002 [FATAL] Updater:351 - Updater called before beeing initialized
2025-01-23 02:38:28,004 [INFO] CADModel:165 - CPN selected for project level
2025-01-23 02:38:28,004 [INFO] CADModel:114 - Register for checkConnection events
2025-01-23 02:38:28,005 [FATAL] Updater:351 - Updater called before beeing initialized
2025-01-23 02:38:28,005 [ERROR] CADModel:125 - Updater not yet initialized, retry later 
2025-01-23 02:38:28,022 [FATAL] Updater:351 - Updater called before beeing initialized
2025-01-23 02:38:28,154 [FATAL] Updater:351 - Updater called before beeing initialized
2025-01-23 02:38:28,181 [INFO] DbMcusAds:53 - JSON generation date=Tue Dec 17 11:01:15 EST 2024 (1734451275222)
2025-01-23 02:38:28,182 [FATAL] Updater:351 - Updater called before beeing initialized
2025-01-23 02:38:28,276 [WARN] DetailPanel:346 - Failed to get advertising image, set to default
2025-01-23 02:38:28,516 [FATAL] Updater:351 - Updater called before beeing initialized
2025-01-23 02:38:28,530 [FATAL] Updater:351 - Updater called before beeing initialized
2025-01-23 02:38:28,530 [FATAL] Updater:351 - Updater called before beeing initialized
2025-01-23 02:38:28,530 [WARN] DetailPanel:346 - Failed to get advertising image, set to default
2025-01-23 02:38:28,531 [FATAL] Updater:351 - Updater called before beeing initialized
2025-01-23 02:38:28,608 [ERROR] Updater:1198 - MainUpdater not yet initialized. External WinMGr cannot be set.
2025-01-23 02:38:28,635 [INFO] Updater:1134 - Updater Version found : 6.13.0
2025-01-23 02:38:28,659 [INFO] ApplicationProperties:184 - Using Application install path: /opt/st/stm32cubeide_1.17.0/plugins/com.st.stm32cube.common.mx_6.13.0.202411220809
2025-01-23 02:38:29,064 [INFO] ThirdPartyUpdaterWithRetryManager:70 - Updater plugin not ready yet. [2/15]
2025-01-23 02:38:29,258 [INFO] MainUpdater:2872 - connection check result : 10
2025-01-23 02:38:29,260 [INFO] MainUpdater:289 - Updater Check For Update Now.
2025-01-23 02:38:29,260 [INFO] MicroXplorer:498 - Change Database Version : DB.6.0.130
2025-01-23 02:38:29,268 [INFO] McuFinderGlobals:63 - Set McuFinder mode to 2 (CubeIDE integrated)
2025-01-23 02:38:29,269 [INFO] UserAuth:171 - activating auth plugin
2025-01-23 02:38:29,291 [INFO] UserAuth:486 - Internet connection configuration mode: 1
2025-01-23 02:38:29,333 [INFO] JxBrowserEngine:152 - Initiate JxBrowser Engine with user profile folder
2025-01-23 02:38:29,590 [INFO] CheckServerUpdateThread:120 - End of CheckServer Thread
2025-01-23 02:38:35,224 [WARN] PackLoader:240 - Cannot read IP mode file for STMicroelectronics.FP-SNS-MOTENVWB1.1.4.0
2025-01-23 02:38:35,578 [WARN] PackLoader:240 - Cannot read IP mode file for STMicroelectronics.FP-ATR-ASTRA1.2.0.1
2025-01-23 02:38:35,801 [WARN] PackLoader:240 - Cannot read IP mode file for STMicroelectronics.X-CUBE-SMBUS.2.1.0
2025-01-23 02:38:35,967 [WARN] PackLoader:240 - Cannot read IP mode file for STMicroelectronics.X-CUBE-WB05N.1.1.0
2025-01-23 02:38:36,355 [WARN] PackLoader:240 - Cannot read IP mode file for STMicroelectronics.X-CUBE-AZRTOS-F7.1.1.0
2025-01-23 02:38:37,450 [WARN] PackLoader:240 - Cannot read IP mode file for STMicroelectronics.FP-SNS-FLIGHT1.5.0.2
2025-01-23 02:38:37,878 [WARN] PackLoader:240 - Cannot read IP mode file for Infineon.AIROC-Wi-Fi-Bluetooth-STM32.1.7.0
2025-01-23 02:38:38,167 [WARN] PackLoader:240 - Cannot read IP mode file for STMicroelectronics.X-CUBE-DISPLAY.3.0.0
2025-01-23 02:38:38,320 [WARN] PackLoader:240 - Cannot read IP mode file for STMicroelectronics.X-CUBE-BLE1.7.0.0
2025-01-23 02:38:38,467 [WARN] PackLoader:240 - Cannot read IP mode file for STMicroelectronics.X-CUBE-NFC10.1.0.0
2025-01-23 02:38:38,617 [WARN] PackLoader:240 - Cannot read IP mode file for STMicroelectronics.X-CUBE-BLEMGR.4.0.0
2025-01-23 02:38:38,734 [WARN] PackLoader:240 - Cannot read IP mode file for emotas.I-CUBE-CANOPEN.1.3.0
2025-01-23 02:38:38,872 [WARN] PackLoader:240 - Cannot read IP mode file for STMicroelectronics.X-CUBE-AI.10.0.0
2025-01-23 02:38:38,974 [WARN] PackLoader:240 - Cannot read IP mode file for STMicroelectronics.FP-SNS-SMARTAG2.1.2.0
2025-01-23 02:38:39,237 [WARN] PackLoader:240 - Cannot read IP mode file for STMicroelectronics.X-CUBE-MEMS1.11.1.0
2025-01-23 02:38:39,467 [INFO] WebApp:168 - Instantiating new browser for Auth
2025-01-23 02:38:39,631 [INFO] LogOutputStream:77 - [STDOUT_REDIRECT] 1 : Invalid condition id : UX_CORESTACK_Condition cause : null
2025-01-23 02:38:39,632 [INFO] LogOutputStream:77 - [STDOUT_REDIRECT] 1 : Invalid condition id : UX_CORESTACK_Condition cause : null
2025-01-23 02:38:39,632 [INFO] LogOutputStream:77 - [STDOUT_REDIRECT] 1 : Invalid condition id : UX_CORESTACK_Condition cause : null
2025-01-23 02:38:39,632 [INFO] LogOutputStream:77 - [STDOUT_REDIRECT] 1 : Invalid condition id : UX_CORESTACK_Condition cause : null
2025-01-23 02:38:39,633 [INFO] LogOutputStream:77 - [STDOUT_REDIRECT] 1 : Invalid condition id : UX_CORESTACK_Condition cause : null
2025-01-23 02:38:39,635 [WARN] PackLoader:240 - Cannot read IP mode file for STMicroelectronics.X-CUBE-AZRTOS-WL.2.0.0
2025-01-23 02:38:39,850 [WARN] PackLoader:240 - Cannot read IP mode file for STMicroelectronics.FP-SNS-MOTENV1.5.0.0
2025-01-23 02:38:40,127 [WARN] PackLoader:240 - Cannot read IP mode file for wolfSSL.I-CUBE-wolfMQTT.1.19.0
2025-01-23 02:38:41,131 [WARN] PackLoader:240 - Cannot read IP mode file for WES.I-CUBE-Cesium.1.3.0
2025-01-23 02:38:41,251 [WARN] PackLoader:240 - Cannot read IP mode file for STMicroelectronics.X-CUBE-BLE2.3.3.0
2025-01-23 02:38:41,506 [WARN] PackLoader:240 - Cannot read IP mode file for STMicroelectronics.X-CUBE-NFC9.1.0.0
2025-01-23 02:38:41,759 [WARN] PackLoader:240 - Cannot read IP mode file for STMicroelectronics.X-CUBE-AZRTOS-G0.1.1.0
2025-01-23 02:38:41,963 [WARN] PackLoader:240 - Cannot read IP mode file for STMicroelectronics.X-CUBE-SAFEA1.1.2.2
2025-01-23 02:38:42,162 [WARN] PackLoader:240 - Cannot read IP mode file for STMicroelectronics.X-CUBE-NFC4.3.0.0
2025-01-23 02:38:42,356 [WARN] PackLoader:240 - Cannot read IP mode file for EmbeddedOffice.I-CUBE-FS-RTOS.1.0.1
2025-01-23 02:38:42,487 [WARN] PackLoader:240 - Cannot read IP mode file for STMicroelectronics.X-CUBE-TCPP.4.2.0
2025-01-23 02:38:42,567 [WARN] PackLoader:240 - Cannot read IP mode file for RealThread.X-CUBE-RT-Thread_Nano.4.1.1
2025-01-23 02:38:42,723 [WARN] PackLoader:240 - Cannot read IP mode file for STMicroelectronics.FP-ATR-SIGFOX1.3.2.0
2025-01-23 02:38:42,929 [WARN] ConditionMgr:438 - getConditionDescription Invalid condition id : Cortex-A Device cause : null
2025-01-23 02:38:43,560 [WARN] ConditionMgr:1044 - genDependencies : Invalid condition id : Cortex-A Device cause : null
2025-01-23 02:38:43,560 [WARN] ConditionMgr:1044 - genDependencies : Invalid condition id : Cortex-A Device cause : null
2025-01-23 02:38:43,560 [WARN] ConditionMgr:1044 - genDependencies : Invalid condition id : Cortex-A Device cause : null
2025-01-23 02:38:43,694 [WARN] PackLoader:240 - Cannot read IP mode file for STMicroelectronics.X-CUBE-EEPRMA1.5.1.0
2025-01-23 02:38:44,862 [WARN] PackLoader:240 - Cannot read IP mode file for wolfSSL.I-CUBE-wolfSSL.5.7.4
2025-01-23 02:38:45,031 [WARN] PackLoader:240 - Cannot read IP mode file for ITTIA_DB.I-CUBE-ITTIADB.8.9.0
2025-01-23 02:38:45,306 [WARN] PackLoader:240 - Cannot read IP mode file for SEGGER.I-CUBE-embOS.1.3.1
2025-01-23 02:38:45,526 [WARN] PackLoader:240 - Cannot read IP mode file for STMicroelectronics.X-CUBE-ALGOBUILD.1.4.0
2025-01-23 02:38:45,679 [WARN] PackLoader:240 - Cannot read IP mode file for STMicroelectronics.X-CUBE-AI.9.1.0
2025-01-23 02:38:45,925 [WARN] PackLoader:240 - Cannot read IP mode file for STMicroelectronics.X-CUBE-AZRTOS-F4.1.1.0
2025-01-23 02:38:46,040 [WARN] PackLoader:240 - Cannot read IP mode file for STMicroelectronics.X-CUBE-ISPU.2.1.0
2025-01-23 02:38:46,234 [WARN] PackLoader:240 - Cannot read IP mode file for STMicroelectronics.X-CUBE-AZRTOS-L5.2.0.0
2025-01-23 02:38:46,423 [WARN] PackLoader:240 - Cannot read IP mode file for STMicroelectronics.X-CUBE-NFC6.3.1.0
2025-01-23 02:38:46,620 [WARN] PackLoader:240 - Cannot read IP mode file for STMicroelectronics.X-CUBE-DPower.1.2.0
2025-01-23 02:38:46,865 [WARN] PackLoader:240 - Cannot read IP mode file for STMicroelectronics.X-CUBE-FREERTOS.1.3.0
2025-01-23 02:38:47,897 [WARN] PackLoader:240 - Cannot read IP mode file for STMicroelectronics.X-CUBE-NFC7.1.0.1
2025-01-23 02:38:48,098 [WARN] ConditionMgr:438 - getConditionDescription Invalid condition id : LAN8742 Phy interface Condition cause : null
2025-01-23 02:38:48,099 [WARN] PackLoader:240 - Cannot read IP mode file for STMicroelectronics.X-CUBE-AZRTOS-L4.2.0.0
2025-01-23 02:38:48,101 [WARN] ConditionMgr:1044 - genDependencies : Invalid condition id : LAN8742 Phy interface Condition cause : null
2025-01-23 02:38:48,101 [WARN] ConditionMgr:1044 - genDependencies : Invalid condition id : LAN8742 Phy interface Condition cause : null
2025-01-23 02:38:48,102 [WARN] ConditionMgr:1044 - genDependencies : Invalid condition id : LAN8742 Phy interface Condition cause : null
2025-01-23 02:38:48,378 [WARN] PackLoader:240 - Cannot read IP mode file for STMicroelectronics.X-CUBE-SFXS2LP1.4.0.0
2025-01-23 02:38:48,626 [WARN] PackLoader:240 - Cannot read IP mode file for STMicroelectronics.X-CUBE-AZRTOS-H7.3.3.0
2025-01-23 02:38:48,731 [WARN] PackLoader:240 - Cannot read IP mode file for STMicroelectronics.X-CUBE-IPS.3.0.0
2025-01-23 02:38:48,907 [WARN] ConditionMgr:438 - getConditionDescription Invalid condition id : UX DEVICE CLASS RTOS Condition cause : null
2025-01-23 02:38:48,907 [WARN] ConditionMgr:438 - getConditionDescription Invalid condition id : UX DEVICE CLASS RTOS Condition cause : null
2025-01-23 02:38:48,908 [WARN] PackLoader:240 - Cannot read IP mode file for STMicroelectronics.X-CUBE-AZRTOS-WB.2.0.0
2025-01-23 02:38:48,909 [WARN] ConditionMgr:1044 - genDependencies : Invalid condition id : UX DEVICE CLASS RTOS Condition cause : null
2025-01-23 02:38:48,909 [WARN] ConditionMgr:1044 - genDependencies : Invalid condition id : UX DEVICE CLASS RTOS Condition cause : null
2025-01-23 02:38:48,909 [WARN] ConditionMgr:1044 - genDependencies : Invalid condition id : UX DEVICE CLASS RTOS Condition cause : null
2025-01-23 02:38:48,909 [WARN] ConditionMgr:1044 - genDependencies : Invalid condition id : UX DEVICE CLASS RTOS Condition cause : null
2025-01-23 02:38:48,909 [WARN] ConditionMgr:1044 - genDependencies : Invalid condition id : UX DEVICE CLASS RTOS Condition cause : null
2025-01-23 02:38:49,043 [WARN] PackLoader:240 - Cannot read IP mode file for STMicroelectronics.X-CUBE-GNSS1.7.0.1
2025-01-23 02:38:49,160 [WARN] PackLoader:240 - Cannot read IP mode file for STMicroelectronics.FP-SNS-STBOX1.2.0.0
2025-01-23 02:38:49,270 [WARN] PackLoader:240 - Cannot read IP mode file for STMicroelectronics.X-CUBE-SUBG2.5.0.0
2025-01-23 02:38:49,355 [WARN] PackLoader:240 - Cannot read IP mode file for Cesanta.I-CUBE-Mongoose.7.13.0
2025-01-23 02:38:49,483 [WARN] PackLoader:240 - Cannot read IP mode file for STMicroelectronics.X-CUBE-AZRTOS-G4.2.0.0
2025-01-23 02:38:49,623 [WARN] PackLoader:240 - Cannot read IP mode file for STMicroelectronics.X-CUBE-IPS.3.1.0
2025-01-23 02:38:49,996 [WARN] PackLoader:240 - Cannot read IP mode file for STMicroelectronics.X-CUBE-ALS.1.0.2
2025-01-23 02:38:50,868 [WARN] PackLoader:240 - Cannot read IP mode file for STMicroelectronics.X-CUBE-TOUCHGFX.4.24.2
2025-01-23 02:38:50,948 [WARN] PackLoader:240 - Cannot read IP mode file for STMicroelectronics.X-CUBE-TOUCHGFX.4.24.1
2025-01-23 02:38:51,021 [WARN] PackLoader:240 - Cannot read IP mode file for wolfSSL.I-CUBE-wolfTPM.3.4.0
2025-01-23 02:38:51,200 [WARN] PackLoader:240 - Cannot read IP mode file for portGmbH.I-Cube-SoM-uGOAL.1.1.0
2025-01-23 02:38:51,373 [WARN] PackLoader:240 - Cannot read IP mode file for STMicroelectronics.X-CUBE-AZRTOS-H7RS.1.0.0
2025-01-23 02:38:51,524 [WARN] PackLoader:240 - Cannot read IP mode file for STMicroelectronics.X-CUBE-TOF1.3.4.2
2025-01-23 02:38:51,598 [WARN] PackLoader:240 - Cannot read IP mode file for wolfSSL.I-CUBE-wolfSSH.1.4.17
2025-01-23 02:38:51,599 [INFO] ThirdParty:978 - Integrity check success = true
2025-01-23 02:38:51,599 [INFO] IntegrityCheckThread:100 - exiting critical section [integrity check]
2025-01-23 02:38:51,599 [INFO] IntegrityCheckThread:103 - End integrity checks thread
2025-01-23 02:38:55,120 [INFO] WebApp:449 - Apply proxy settings
2025-01-23 02:38:55,120 [INFO] WebApp:534 - Chromium requires no authentication
2025-01-23 02:38:56,135 [INFO] WebApp:477 - Direct internet connection detected
2025-01-23 02:38:56,373 [INFO] WebApp:880 - Register for checkConnection events
2025-01-23 02:38:56,373 [INFO] WebApp:449 - Apply proxy settings
2025-01-23 02:38:56,374 [INFO] WebApp:534 - Chromium requires no authentication
2025-01-23 02:38:56,375 [INFO] WebApp:477 - Direct internet connection detected
2025-01-23 02:38:59,939 [INFO] WebApp:187 - Connection restablished
2025-01-23 02:39:01,474 [INFO] WebApp:221 - Starting web application
2025-01-23 02:39:01,474 [INFO] WebApp:579 - Web application path used /opt/st/stm32cubeide_1.17.0/plugins/com.st.stm32cube.common.mx_6.13.0.202411220809/db/plugins/mcufinder/reactClient1/index.html
2025-01-23 03:48:19,427 [INFO] McuFinderGlobals:63 - Set McuFinder mode to 2 (CubeIDE integrated)
2025-01-23 03:48:19,634 [INFO] MainUpdater:2872 - connection check result : 10
2025-01-23 03:48:22,674 [INFO] ApiDb:581 - Connected to CubeFinder SQLite database (/home/scott/.stmcufinder/plugins/mcufinder/mcu/cube-finder-db.db)
2025-01-23 03:48:22,822 [INFO] ApiDb:668 - CubeFinder database Data Model version=2.1
2025-01-23 03:48:22,822 [INFO] ApiDb:669 - CubeFinder database Configuration version=3.0.39
2025-01-23 03:48:22,823 [INFO] ApiDb:670 - CubeFinder database generation date=2024-12-10 (1733817889)
2025-01-23 03:48:22,823 [INFO] ApiDb:671 - CubeFinder database FW Pack versions=[FP-ATR-ASTRA1_V2.0.0, FP-SNS-FLIGHT1_V5.0.2, FP-SNS-MOTENV1_V5.0.0, FP-SNS-MOTENVWB1_V1.4.0, FP-SNS-SMARTAG2_V1.2.0, FP-SNS-STBOX1_V2.0.0, STM32Cube_FW_C0_V1.3.0, STM32Cube_FW_F4_V1.28.1, STM32Cube_FW_F7_V1.17.2, STM32Cube_FW_G0_V1.6.2, STM32Cube_FW_G4_V1.6.1, STM32Cube_FW_H5_V1.4.0, STM32Cube_FW_H7RS_V1.1.0, STM32Cube_FW_H7_V1.12.0, STM32Cube_FW_L0_V1.12.2, STM32Cube_FW_L4_V1.18.1, STM32Cube_FW_L5_V1.5.1, STM32Cube_FW_N6_V1.0.0, STM32Cube_FW_U0_V1.2.0, STM32Cube_FW_U3_V1.0.0, STM32Cube_FW_U5_V1.7.0, STM32Cube_FW_WB0_V1.1.0, STM32Cube_FW_WBA_V1.5.0, STM32Cube_FW_WB_V1.21.0, STM32Cube_FW_WL3_V1.0.0, STM32Cube_FW_WL_V1.3.0, X-CUBE-ALGOBUILD_V1.4.0, X-CUBE-ALS_V1.0.2, X-CUBE-AZRTOS-F4_V1.1.0, X-CUBE-AZRTOS-F7_V1.1.0, X-CUBE-AZRTOS-G0_V1.1.0, X-CUBE-AZRTOS-G4_V2.0.0, X-CUBE-AZRTOS-H7RS_V1.0.0, X-CUBE-AZRTOS-H7_V3.3.0, X-CUBE-AZRTOS-L4_V2.0.0, X-CUBE-AZRTOS-L5_V2.0.0, X-CUBE-AZRTOS-WB_V2.0.0, X-CUBE-AZRTOS-WL_V2.0.0, X-CUBE-BLE1_V7.0.0, X-CUBE-BLE2_V3.3.0, X-CUBE-BLEMGR_V3.1.0, X-CUBE-EEPRMA1_V5.1.0, X-CUBE-FREERTOS_V1.2.0, X-CUBE-GNSS1_V6.0.0, X-CUBE-MEMS1_V11.0.0, X-CUBE-NFC4_V3.0.0, X-CUBE-NFC7_V1.0.1, X-CUBE-SFXS2LP1_V4.0.0, X-CUBE-SUBG2_V5.0.0, X-CUBE-TOF1_V3.4.2]
2025-01-23 03:48:23,376 [INFO] DbBoardsSqlite:226 - include board P-NUCLEO-WB55-NUCLEO as a kit item of type 'Nucleo-64'
2025-01-23 03:48:23,377 [INFO] DbBoardsSqlite:226 - include board P-NUCLEO-WB55-USBDONGLE as a kit item of type 'Nucleo USB Dongle'
2025-01-23 03:48:23,382 [INFO] DbBoardsSqlite:226 - include board STEVAL-IDP005V1 as a kit item of type 'Evaluation Board'
2025-01-23 03:48:23,383 [INFO] DbBoardsSqlite:226 - include board STEVAL-IDP005V2 as a kit item of type 'Evaluation Board'
2025-01-23 03:48:24,086 [INFO] ApiDb:240 - Found 858 in-development CPN: [B-G473E-ZEST1S, B-WB1M-WPAN1, B-WBA5M-WPAN, B-WL5M-SUBG1, NUCLEO-C031C6, NUCLEO-C051C8, NUCLEO-C071RB, NUCLEO-C092RC, NUCLEO-H503RB, NUCLEO-H533RE, NUCLEO-H563ZI, NUCLEO-H7S3L8, NUCLEO-N657X0-Q, NUCLEO-U031R8, NUCLEO-U083RC, NUCLEO-U385RG-Q, NUCLEO-U545RE-Q, NUCLEO-U5A5ZJ-Q, NUCLEO-WB05KZ, NUCLEO-WB07CC, NUCLEO-WB09KE, NUCLEO-WBA52CG, NUCLEO-WBA55CG, NUCLEO-WL33CC1, NUCLEO-WL33CC2, STEVAL-PROTEUS1, STEVAL-SMARTAG2, STEVAL-STWINBX1, STM320518-EVAL, STM32C0116-DK, STM32C011D6Y3TR, STM32C011D6Y6TR, STM32C011F4P3, STM32C011F4P6, STM32C011F4U3, STM32C011F4U6TR, STM32C011F6P3, STM32C011F6P6, STM32C011F6U3, STM32C011F6U6TR, STM32C011J4M3, STM32C011J4M6, STM32C011J6M3, STM32C011J6M6, STM32C0316-DK, STM32C031C4T3, STM32C031C4T6, STM32C031C4U3, STM32C031C4U6, STM32C031C6T3, STM32C031C6T6, STM32C031C6U3, STM32C031C6U6, STM32C031F4P3, STM32C031F4P6, STM32C031F6P3, STM32C031F6P6, STM32C031G4U3, STM32C031G4U6, STM32C031G6U3, STM32C031G6U6, STM32C031K4T3, STM32C031K4T6, STM32C031K4U3, STM32C031K4U6, STM32C031K6T3, STM32C031K6T6, STM32C031K6U3, STM32C031K6U6, STM32C051C6T6, STM32C051C6U6, STM32C051C8T6, STM32C051C8U6, STM32C051D8Y6TR, STM32C051F6P6, STM32C051F8P6, STM32C051G6U6, STM32C051G8U6, STM32C051K6T6, STM32C051K6U6, STM32C051K8T6, STM32C071C8T6, STM32C071C8T6N, STM32C071C8U6, STM32C071C8U6N, STM32C071CBT6, STM32C071CBT6N, STM32C071CBU6, STM32C071CBU6N, STM32C071F8P6, STM32C071F8P6N, STM32C071FBP6, STM32C071FBP6N, STM32C071FBY6TR, STM32C071G8U6, STM32C071G8U6N, STM32C071GBU6, STM32C071GBU6N, STM32C071K8T6, STM32C071K8T6N, STM32C071K8U6, STM32C071K8U6N, STM32C071KBT6, STM32C071KBT6N, STM32C071KBU6, STM32C071KBU6N, STM32C071R8T6, STM32C071R8T6N, STM32C071RBI6N, STM32C071RBT6, STM32C071RBT6N, STM32C091CBT6, STM32C091CBU6, STM32C091CCT6, STM32C091CCU6, STM32C091ECY6TR, STM32C091FBP6, STM32C091FCP6, STM32C091GBU6, STM32C091GCU6, STM32C091KBT6, STM32C091KBU6, STM32C091KCT6, STM32C091KCU6, STM32C091RBT6, STM32C091RCI6, STM32C091RCT6, STM32C092CBT6, STM32C092CBU6, STM32C092CCT6, STM32C092CCU6, STM32C092ECY6TR, STM32C092FBP6, STM32C092FCP6, STM32C092GBU6, STM32C092GCU6, STM32C092KBT6, STM32C092KBU6, STM32C092KCT6, STM32C092KCU6, STM32C092RBT6, STM32C092RCI6, STM32C092RCT6, STM32G071K8TXN, STM32G071K8UXN, STM32G081GBU6N, STM32G081KBT6N, STM32G081KBUXN, STM32G0B1CCT6N, STM32G0B1KCT6, STM32G0B1NEY6TR, STM32G0B1RCT6N, STM32G0C1CCT6, STM32G0C1CCT6N, STM32G0C1CCU6N, STM32G0C1CET6N, STM32G0C1CEU6N, STM32G0C1KCT6, STM32G0C1NEY6TR, STM32G0C1RCI6N, STM32G0C1RCT6N, STM32G0C1REI6N, STM32G0C1RET6N, STM32G0C1VCI6, STM32G0C1VEI6, STM32G411C6T3, STM32G411C6T6, STM32G411C6U3, STM32G411C6U6, STM32G411C8T3, STM32G411C8T6, STM32G411C8U3, STM32G411C8U6, STM32G411CBT3, STM32G411CBT6, STM32G411CBU3, STM32G411CBU6, STM32G411CCT3, STM32G411CCT6, STM32G411CCU3, STM32G411CCU6, STM32G411K6T3, STM32G411K6T6, STM32G411K6U3, STM32G411K6U6, STM32G411K8T3, STM32G411K8T6, STM32G411K8U3, STM32G411K8U6, STM32G411KBT3, STM32G411KBT6, STM32G411KBU3, STM32G411KBU6, STM32G411M6T3, STM32G411M6T6, STM32G411M8T3, STM32G411M8T6, STM32G411MBT3, STM32G411MBT6, STM32G411MCT3, STM32G411MCT6, STM32G411R6T3, STM32G411R6T6, STM32G411R8T3, STM32G411R8T6, STM32G411RBT3, STM32G411RBT6, STM32G411RCT3, STM32G411RCT6, STM32G414CBT3, STM32G414CBT6, STM32G414CBU3, STM32G414CBU6, STM32G414CCT3, STM32G414CCT6, STM32G414CCU3, STM32G414CCU6, STM32G414MBT3, STM32G414MBT6, STM32G414MCT3, STM32G414MCT6, STM32G414RBT3, STM32G414RBT6, STM32G414RCT3, STM32G414RCT6, STM32G414VBT3, STM32G414VBT6, STM32G414VCT3, STM32G414VCT6, STM32G431CBT3Z, STM32G431RBT3Z, STM32G471CCT6, STM32G471CCU6, STM32G471CET3, STM32G471CET6, STM32G471CEU3, STM32G471CEU6, STM32G471MCT6, STM32G471MET3, STM32G471MET6, STM32G471MEY6TR, STM32G471QCT6, STM32G471QET3, STM32G471RCT6, STM32G471RET3, STM32G471RET6, STM32G471VCH6, STM32G471VCI6, STM32G471VCT6, STM32G471VEH3, STM32G471VEH6, STM32G471VEI3, STM32G471VEI6, STM32G471VET3, STM32G471VET6, STM32G473QET3Z, STM32G473RET3Z, STM32G474CCT6, STM32G491RET3Z, STM32H503CBT6, STM32H503CBU6, STM32H503EBY6TR, STM32H503KBU6, STM32H503RBT6, STM32H523CCT6, STM32H523CCU6, STM32H523CET6, STM32H523CEU6, STM32H523HEY6TR, STM32H523RCT6, STM32H523RET6, STM32H523VCI6, STM32H523VCT6, STM32H523VEI6, STM32H523VET6, STM32H523ZCJ6, STM32H523ZCT6, STM32H523ZEJ6, STM32H523ZET6, STM32H533CET6, STM32H533CEU6, STM32H533HEY6TR, STM32H533RET6, STM32H533VEI6, STM32H533VET6, STM32H533ZEJ6, STM32H533ZET6, STM32H562AGI6, STM32H562AII6, STM32H562IGK6, STM32H562IGT6, STM32H562IIK6, STM32H562IIT6, STM32H562RGT6, STM32H562RGV6, STM32H562RIT6, STM32H562RIV6, STM32H562VGT6, STM32H562VIT6, STM32H562ZGT6, STM32H562ZIT6, STM32H563AGI6, STM32H563AII3Q, STM32H563AII6, STM32H563IGK6, STM32H563IGT6, STM32H563IIK3Q, STM32H563IIK6, STM32H563IIT3Q, STM32H563IIT6, STM32H563MIY3QTR, STM32H563RGT6, STM32H563RGV6, STM32H563RIT6, STM32H563RIV6, STM32H563VGT6, STM32H563VIT3Q, STM32H563VIT6, STM32H563ZGT6, STM32H563ZIT3Q, STM32H563ZIT6, STM32H573AII3Q, STM32H573AII6, STM32H573I-DK, STM32H573IIK3Q, STM32H573IIK6, STM32H573IIT3Q, STM32H573IIT6, STM32H573MIY3QTR, STM32H573RIT6, STM32H573RIV6, STM32H573VIT3Q, STM32H573VIT6, STM32H573ZIT3Q, STM32H573ZIT6, STM32H7R3A8I6, STM32H7R3I8K6, STM32H7R3I8T6, STM32H7R3L8H6, STM32H7R3L8H6H, STM32H7R3R8V6, STM32H7R3V8H6, STM32H7R3V8T6, STM32H7R3V8Y6TR, STM32H7R3Z8J6, STM32H7R3Z8T6, STM32H7R7A8I6, STM32H7R7I8K6, STM32H7R7I8T6, STM32H7R7L8H6, STM32H7R7L8H6H, STM32H7R7Z8J6, STM32H7S3A8I6, STM32H7S3I8K6, STM32H7S3I8T6, STM32H7S3L8H6, STM32H7S3L8H6H, STM32H7S3R8V6, STM32H7S3V8H6, STM32H7S3V8T6, STM32H7S3V8Y6TR, STM32H7S3Z8J6, STM32H7S3Z8T6, STM32H7S78-DK, STM32H7S7A8I6, STM32H7S7I8K6, STM32H7S7I8T6, STM32H7S7L8H6, STM32H7S7L8H6H, STM32H7S7Z8J6, STM32L4R5QGI6STR, STM32MP131AAE3, STM32MP131AAF3, STM32MP131AAG3, STM32MP131CAE3, STM32MP131CAF3, STM32MP131CAG3, STM32MP131DAE7, STM32MP131DAF7, STM32MP131DAG7, STM32MP131FAE7, STM32MP131FAF7, STM32MP131FAG7, STM32MP133AAE3, STM32MP133AAF3, STM32MP133AAG3, STM32MP133CAE3, STM32MP133CAF3, STM32MP133CAG3, STM32MP133DAE7, STM32MP133DAF7, STM32MP133DAG7, STM32MP133FAE7, STM32MP133FAF7, STM32MP133FAG7, STM32MP135AAE3, STM32MP135AAF3, STM32MP135AAG3, STM32MP135CAE3, STM32MP135CAF3, STM32MP135CAG3, STM32MP135DAE7, STM32MP135DAF7, STM32MP135DAG7, STM32MP135F-DK, STM32MP135FAE7, STM32MP135FAF7, STM32MP135FAF7T, STM32MP135FAF7U, STM32MP135FAG7, STM32MP231AAJ3, STM32MP231AAK3, STM32MP231AAL3, STM32MP231CAJ3, STM32MP231CAK3, STM32MP231CAL3, STM32MP231DAJ3, STM32MP231DAK3, STM32MP231DAL3, STM32MP231FAJ3, STM32MP231FAK3, STM32MP231FAL3, STM32MP233AAJ3, STM32MP233AAK3, STM32MP233AAL3, STM32MP233CAJ3, STM32MP233CAK3, STM32MP233CAL3, STM32MP233DAJ3, STM32MP233DAK3, STM32MP233DAL3, STM32MP233FAJ3, STM32MP233FAK3, STM32MP233FAL3, STM32MP235AAJ3, STM32MP235AAK3, STM32MP235AAL3, STM32MP235CAJ3, STM32MP235CAK3, STM32MP235CAL3, STM32MP235DAJ3, STM32MP235DAK3, STM32MP235DAL3, STM32MP235FAJ3, STM32MP235FAK3, STM32MP235FAL3, STM32MP251AAI3, STM32MP251AAJ3, STM32MP251AAK3, STM32MP251AAL3, STM32MP251CAI3, STM32MP251CAJ3, STM32MP251CAK3, STM32MP251CAL3, STM32MP251DAI3, STM32MP251DAJ3, STM32MP251DAK3, STM32MP251DAL3, STM32MP251FAI3, STM32MP251FAJ3, STM32MP251FAK3, STM32MP251FAL3, STM32MP253AAI3, STM32MP253AAJ3, STM32MP253AAK3, STM32MP253AAL3, STM32MP253CAI3, STM32MP253CAJ3, STM32MP253CAK3, STM32MP253CAL3, STM32MP253DAI3, STM32MP253DAJ3, STM32MP253DAK3, STM32MP253DAL3, STM32MP253FAI3, STM32MP253FAJ3, STM32MP253FAK3, STM32MP253FAL3, STM32MP255AAI3, STM32MP255AAJ3, STM32MP255AAK3, STM32MP255AAL3, STM32MP255CAI3, STM32MP255CAJ3, STM32MP255CAK3, STM32MP255CAL3, STM32MP255DAI3, STM32MP255DAJ3, STM32MP255DAK3, STM32MP255DAL3, STM32MP255FAI3, STM32MP255FAJ3, STM32MP255FAK3, STM32MP255FAL3, STM32MP257AAI3, STM32MP257AAJ3, STM32MP257AAK3, STM32MP257AAL3, STM32MP257CAI3, STM32MP257CAJ3, STM32MP257CAK3, STM32MP257CAL3, STM32MP257DAI3, STM32MP257DAJ3, STM32MP257DAK3, STM32MP257DAL3, STM32MP257F-DK, STM32MP257F-EV1, STM32MP257FAI3, STM32MP257FAJ3, STM32MP257FAK3, STM32MP257FAL3, STM32N645A0H3Q, STM32N645B0H3Q, STM32N645I0H3Q, STM32N645L0H3Q, STM32N645X0H3Q, STM32N645Z0H3Q, STM32N647A0H3Q, STM32N647B0H3Q, STM32N647I0H3Q, STM32N647L0H3Q, STM32N647X0H3Q, STM32N647Z0H3Q, STM32N655A0H3Q, STM32N655B0H3Q, STM32N655I0H3Q, STM32N655L0H3Q, STM32N655X0H3Q, STM32N655Z0H3Q, STM32N6570-DK, STM32N657A0H3Q, STM32N657B0H3Q, STM32N657I0H3Q, STM32N657L0H3Q, STM32N657X0H3Q, STM32N657Z0H3Q, STM32U031C6T6, STM32U031C6U6, STM32U031C8T6, STM32U031C8U6, STM32U031F4P6, STM32U031F6P6, STM32U031F8P6, STM32U031G6Y6TR, STM32U031G8Y6TR, STM32U031K4U6, STM32U031K6U6, STM32U031K8U6, STM32U031R6I6, STM32U031R6T6, STM32U031R8I6, STM32U031R8T6, STM32U073C8T6, STM32U073C8U6, STM32U073CBT6, STM32U073CBU6, STM32U073CCT6, STM32U073CCU6, STM32U073H8Y6TR, STM32U073HBY6TR, STM32U073HCY6TR, STM32U073K8U6, STM32U073KBU6, STM32U073KCU6, STM32U073M8I6, STM32U073M8T6, STM32U073MBI6, STM32U073MBT6, STM32U073MCI6, STM32U073MCT6, STM32U073R8I6, STM32U073R8T6, STM32U073RBI6, STM32U073RBT6, STM32U073RCI6, STM32U073RCT6, STM32U083C-DK, STM32U083CCT6, STM32U083CCU6, STM32U083HCY6TR, STM32U083KCU6, STM32U083MCI6, STM32U083MCT6, STM32U083RCI6, STM32U083RCT6, STM32U375CET6, STM32U375CET6Q, STM32U375CEU6, STM32U375CEU6Q, STM32U375CEY6QTR, STM32U375CGT6, STM32U375CGT6Q, STM32U375CGU6, STM32U375CGU6Q, STM32U375CGY6QTR, STM32U375KEU6, STM32U375KGU6, STM32U375REI6, STM32U375REI6Q, STM32U375RET6, STM32U375RET6Q, STM32U375REY6GTR, STM32U375REY6QTR, STM32U375RGI6, STM32U375RGI6Q, STM32U375RGT6, STM32U375RGT6Q, STM32U375RGY6GTR, STM32U375RGY6QTR, STM32U375VEI6, STM32U375VEI6Q, STM32U375VET6, STM32U375VET6Q, STM32U375VGI6, STM32U375VGI6Q, STM32U375VGT6, STM32U375VGT6Q, STM32U385CGT6, STM32U385CGT6Q, STM32U385CGU6, STM32U385CGU6Q, STM32U385CGY6QTR, STM32U385KGU6, STM32U385RGI6, STM32U385RGI6Q, STM32U385RGT6, STM32U385RGT6Q, STM32U385RGY6GTR, STM32U385RGY6QTR, STM32U385VGI6, STM32U385VGI6Q, STM32U385VGT6, STM32U385VGT6Q, STM32U535CBT6, STM32U535CBT6Q, STM32U535CBU6, STM32U535CBU6Q, STM32U535CCT6, STM32U535CCT6Q, STM32U535CCU6, STM32U535CCU6Q, STM32U535CET6, STM32U535CET6Q, STM32U535CEU6, STM32U535CEU6Q, STM32U535JEY6QTR, STM32U535NCY6QTR, STM32U535NEY6QTR, STM32U535RBI6, STM32U535RBI6Q, STM32U535RBT6, STM32U535RBT6Q, STM32U535RCI6, STM32U535RCI6Q, STM32U535RCT6, STM32U535RCT6Q, STM32U535REI6, STM32U535REI6Q, STM32U535RET6, STM32U535RET6Q, STM32U535VCI6, STM32U535VCI6Q, STM32U535VCT6, STM32U535VCT6Q, STM32U535VEI6, STM32U535VEI6Q, STM32U535VET6, STM32U535VET6Q, STM32U545CET6, STM32U545CET6Q, STM32U545CEU6, STM32U545CEU6Q, STM32U545JEY6QTR, STM32U545NEY6QTR, STM32U545REI6, STM32U545REI6Q, STM32U545RET6, STM32U545RET6Q, STM32U545VEI6, STM32U545VEI6Q, STM32U545VET6, STM32U545VET6Q, STM32U595AIH6, STM32U595AIH6Q, STM32U595AJH6, STM32U595AJH6Q, STM32U595QII6, STM32U595QII6Q, STM32U595QJI6, STM32U595QJI6Q, STM32U595RIT6, STM32U595RIT6Q, STM32U595RJT6, STM32U595RJT6Q, STM32U595VIT6, STM32U595VIT6Q, STM32U595VJT6, STM32U595VJT6Q, STM32U595ZIT6, STM32U595ZIT6Q, STM32U595ZIY6QTR, STM32U595ZJT6, STM32U595ZJT6Q, STM32U595ZJY6QTR, STM32U599BJY6QTR, STM32U599NIH6Q, STM32U599NJH6Q, STM32U599VIT6Q, STM32U599VJT6, STM32U599VJT6Q, STM32U599ZIT6Q, STM32U599ZIY6QTR, STM32U599ZJT6Q, STM32U599ZJY6QTR, STM32U5A5AJH6, STM32U5A5AJH6Q, STM32U5A5QII3Q , STM32U5A5QJI6, STM32U5A5QJI6Q, STM32U5A5RJT6, STM32U5A5RJT6Q, STM32U5A5VJT6, STM32U5A5VJT6Q, STM32U5A5ZJT6, STM32U5A5ZJT6Q, STM32U5A5ZJY6QTR, STM32U5A9BJY6QTR, STM32U5A9J-DK, STM32U5A9NJH6Q, STM32U5A9VJT6Q, STM32U5A9ZJT6Q, STM32U5A9ZJY6QTR, STM32U5F7VIT6, STM32U5F7VIT6Q, STM32U5F7VJT6, STM32U5F7VJT6Q, STM32U5F9BJY6QTR, STM32U5F9NJH6Q, STM32U5F9VIT6Q, STM32U5F9VJT6Q, STM32U5F9ZIJ6QTR, STM32U5F9ZIT6Q, STM32U5F9ZJJ6QTR, STM32U5F9ZJT6Q, STM32U5G7VJT6, STM32U5G7VJT6Q, STM32U5G9BJY6QTR, STM32U5G9J-DK1, STM32U5G9J-DK2, STM32U5G9NJH6Q, STM32U5G9VJT6Q, STM32U5G9ZJJ6QTR, STM32U5G9ZJT6Q, STM32WB05KZV6TR, STM32WB05KZV7TR, STM32WB05TZF6TR, STM32WB05TZF7TR, STM32WB06CCF6TR, STM32WB06CCF7TR, STM32WB06CCV6TR, STM32WB06CCV7TR, STM32WB06KCV6TR, STM32WB06KCV7TR, STM32WB07CCF6TR, STM32WB07CCF7TR, STM32WB07CCV6TR, STM32WB07CCV7TR, STM32WB07KCV6TR, STM32WB07KCV7TR, STM32WB09KEV6TR, STM32WB09KEV7TR, STM32WB09TEF6TR, STM32WB09TEF7TR, STM32WB1MMCH6, STM32WBA50KGU6, STM32WBA50KGU6TR, STM32WBA52CEU6, STM32WBA52CEU6TR, STM32WBA52CEU7, STM32WBA52CEU7TR, STM32WBA52CGU6, STM32WBA52CGU6TR, STM32WBA52CGU6U, STM32WBA52CGU7, STM32WBA52CGU7TR, STM32WBA52KEU6, STM32WBA52KEU6TR, STM32WBA52KGU6, STM32WBA52KGU6TR, STM32WBA54CEU6, STM32WBA54CEU6TR, STM32WBA54CEU7, STM32WBA54CEU7TR, STM32WBA54CGU6, STM32WBA54CGU6TR, STM32WBA54CGU7, STM32WBA54CGU7TR, STM32WBA54KEU6, STM32WBA54KEU6TR, STM32WBA54KEU7, STM32WBA54KEU7TR, STM32WBA54KGU6, STM32WBA54KGU6TR, STM32WBA54KGU7, STM32WBA54KGU7TR, STM32WBA55CEU6, STM32WBA55CEU6TR, STM32WBA55CEU7, STM32WBA55CEU7TR, STM32WBA55CGU6, STM32WBA55CGU6TR, STM32WBA55CGU6U, STM32WBA55CGU7, STM32WBA55CGU7TR, STM32WBA55G-DK1, STM32WBA55HEF6, STM32WBA55HEF7, STM32WBA55HGF6, STM32WBA55HGF7, STM32WBA55UEI6, STM32WBA55UEI6TR, STM32WBA55UEI7, STM32WBA55UEI7TR, STM32WBA55UGI6, STM32WBA55UGI6TR, STM32WBA55UGI7, STM32WBA55UGI7TR, STM32WBA5MJGH6TR, STM32WBA5MJGH6U, STM32WL33C8V6, STM32WL33C8V6TR, STM32WL33C8V7, STM32WL33C8V7TR, STM32WL33CBV6, STM32WL33CBV6TR, STM32WL33CBV7, STM32WL33CBV7TR, STM32WL33CCV6, STM32WL33CCV6TR, STM32WL33CCV7, STM32WL33CCV7A, STM32WL33CCV7ATR, STM32WL33CCV7TR, STM32WL33K8V6, STM32WL33K8V6TR, STM32WL33K8V7, STM32WL33K8V7TR, STM32WL33KBV6, STM32WL33KBV6TR, STM32WL33KBV7, STM32WL33KBV7TR, STM32WL33KCV6, STM32WL33KCV6TR, STM32WL33KCV7, STM32WL33KCV7TR, STM32WL5MOCH6, STM32WL5MOCH6TR]
2025-01-23 03:48:24,232 [INFO] BoardInfo:889 - No configuration file found for board P-NUCLEO-WB55
2025-01-23 03:48:24,253 [INFO] DbBoards:161 - Kit is not supported: P-NUCLEO-WB55
2025-01-23 03:48:26,762 [INFO] BoardInfo:889 - No configuration file found for board STEVAL-BFA001V1B
2025-01-23 03:48:26,762 [INFO] DbBoards:161 - Kit is not supported: STEVAL-BFA001V1B
2025-01-23 03:48:26,763 [INFO] BoardInfo:889 - No configuration file found for board STEVAL-BFA001V2B
2025-01-23 03:48:26,763 [INFO] DbBoards:161 - Kit is not supported: STEVAL-BFA001V2B
2025-01-23 03:48:29,551 [INFO] DbBoards:168 - Found 209 boards, 206 are supported
2025-01-23 03:48:29,552 [INFO] DbBoards:169 - Found 209 boards, 42 of them is supported for  Bsp
2025-01-23 03:48:29,684 [INFO] ApiDb:668 - CubeFinder database Data Model version=2.1
2025-01-23 03:48:29,684 [INFO] ApiDb:669 - CubeFinder database Configuration version=3.0.39
2025-01-23 03:48:29,684 [INFO] ApiDb:670 - CubeFinder database generation date=2024-12-10 (1733817889)
2025-01-23 03:48:29,685 [INFO] ApiDb:671 - CubeFinder database FW Pack versions=[FP-ATR-ASTRA1_V2.0.0, FP-SNS-FLIGHT1_V5.0.2, FP-SNS-MOTENV1_V5.0.0, FP-SNS-MOTENVWB1_V1.4.0, FP-SNS-SMARTAG2_V1.2.0, FP-SNS-STBOX1_V2.0.0, STM32Cube_FW_C0_V1.3.0, STM32Cube_FW_F4_V1.28.1, STM32Cube_FW_F7_V1.17.2, STM32Cube_FW_G0_V1.6.2, STM32Cube_FW_G4_V1.6.1, STM32Cube_FW_H5_V1.4.0, STM32Cube_FW_H7RS_V1.1.0, STM32Cube_FW_H7_V1.12.0, STM32Cube_FW_L0_V1.12.2, STM32Cube_FW_L4_V1.18.1, STM32Cube_FW_L5_V1.5.1, STM32Cube_FW_N6_V1.0.0, STM32Cube_FW_U0_V1.2.0, STM32Cube_FW_U3_V1.0.0, STM32Cube_FW_U5_V1.7.0, STM32Cube_FW_WB0_V1.1.0, STM32Cube_FW_WBA_V1.5.0, STM32Cube_FW_WB_V1.21.0, STM32Cube_FW_WL3_V1.0.0, STM32Cube_FW_WL_V1.3.0, X-CUBE-ALGOBUILD_V1.4.0, X-CUBE-ALS_V1.0.2, X-CUBE-AZRTOS-F4_V1.1.0, X-CUBE-AZRTOS-F7_V1.1.0, X-CUBE-AZRTOS-G0_V1.1.0, X-CUBE-AZRTOS-G4_V2.0.0, X-CUBE-AZRTOS-H7RS_V1.0.0, X-CUBE-AZRTOS-H7_V3.3.0, X-CUBE-AZRTOS-L4_V2.0.0, X-CUBE-AZRTOS-L5_V2.0.0, X-CUBE-AZRTOS-WB_V2.0.0, X-CUBE-AZRTOS-WL_V2.0.0, X-CUBE-BLE1_V7.0.0, X-CUBE-BLE2_V3.3.0, X-CUBE-BLEMGR_V3.1.0, X-CUBE-EEPRMA1_V5.1.0, X-CUBE-FREERTOS_V1.2.0, X-CUBE-GNSS1_V6.0.0, X-CUBE-MEMS1_V11.0.0, X-CUBE-NFC4_V3.0.0, X-CUBE-NFC7_V1.0.1, X-CUBE-SFXS2LP1_V4.0.0, X-CUBE-SUBG2_V5.0.0, X-CUBE-TOF1_V3.4.2]
2025-01-23 03:48:32,658 [INFO] ApiDb:240 - Found 858 in-development CPN: [B-G473E-ZEST1S, B-WB1M-WPAN1, B-WBA5M-WPAN, B-WL5M-SUBG1, NUCLEO-C031C6, NUCLEO-C051C8, NUCLEO-C071RB, NUCLEO-C092RC, NUCLEO-H503RB, NUCLEO-H533RE, NUCLEO-H563ZI, NUCLEO-H7S3L8, NUCLEO-N657X0-Q, NUCLEO-U031R8, NUCLEO-U083RC, NUCLEO-U385RG-Q, NUCLEO-U545RE-Q, NUCLEO-U5A5ZJ-Q, NUCLEO-WB05KZ, NUCLEO-WB07CC, NUCLEO-WB09KE, NUCLEO-WBA52CG, NUCLEO-WBA55CG, NUCLEO-WL33CC1, NUCLEO-WL33CC2, STEVAL-PROTEUS1, STEVAL-SMARTAG2, STEVAL-STWINBX1, STM320518-EVAL, STM32C0116-DK, STM32C011D6Y3TR, STM32C011D6Y6TR, STM32C011F4P3, STM32C011F4P6, STM32C011F4U3, STM32C011F4U6TR, STM32C011F6P3, STM32C011F6P6, STM32C011F6U3, STM32C011F6U6TR, STM32C011J4M3, STM32C011J4M6, STM32C011J6M3, STM32C011J6M6, STM32C0316-DK, STM32C031C4T3, STM32C031C4T6, STM32C031C4U3, STM32C031C4U6, STM32C031C6T3, STM32C031C6T6, STM32C031C6U3, STM32C031C6U6, STM32C031F4P3, STM32C031F4P6, STM32C031F6P3, STM32C031F6P6, STM32C031G4U3, STM32C031G4U6, STM32C031G6U3, STM32C031G6U6, STM32C031K4T3, STM32C031K4T6, STM32C031K4U3, STM32C031K4U6, STM32C031K6T3, STM32C031K6T6, STM32C031K6U3, STM32C031K6U6, STM32C051C6T6, STM32C051C6U6, STM32C051C8T6, STM32C051C8U6, STM32C051D8Y6TR, STM32C051F6P6, STM32C051F8P6, STM32C051G6U6, STM32C051G8U6, STM32C051K6T6, STM32C051K6U6, STM32C051K8T6, STM32C071C8T6, STM32C071C8T6N, STM32C071C8U6, STM32C071C8U6N, STM32C071CBT6, STM32C071CBT6N, STM32C071CBU6, STM32C071CBU6N, STM32C071F8P6, STM32C071F8P6N, STM32C071FBP6, STM32C071FBP6N, STM32C071FBY6TR, STM32C071G8U6, STM32C071G8U6N, STM32C071GBU6, STM32C071GBU6N, STM32C071K8T6, STM32C071K8T6N, STM32C071K8U6, STM32C071K8U6N, STM32C071KBT6, STM32C071KBT6N, STM32C071KBU6, STM32C071KBU6N, STM32C071R8T6, STM32C071R8T6N, STM32C071RBI6N, STM32C071RBT6, STM32C071RBT6N, STM32C091CBT6, STM32C091CBU6, STM32C091CCT6, STM32C091CCU6, STM32C091ECY6TR, STM32C091FBP6, STM32C091FCP6, STM32C091GBU6, STM32C091GCU6, STM32C091KBT6, STM32C091KBU6, STM32C091KCT6, STM32C091KCU6, STM32C091RBT6, STM32C091RCI6, STM32C091RCT6, STM32C092CBT6, STM32C092CBU6, STM32C092CCT6, STM32C092CCU6, STM32C092ECY6TR, STM32C092FBP6, STM32C092FCP6, STM32C092GBU6, STM32C092GCU6, STM32C092KBT6, STM32C092KBU6, STM32C092KCT6, STM32C092KCU6, STM32C092RBT6, STM32C092RCI6, STM32C092RCT6, STM32G071K8TXN, STM32G071K8UXN, STM32G081GBU6N, STM32G081KBT6N, STM32G081KBUXN, STM32G0B1CCT6N, STM32G0B1KCT6, STM32G0B1NEY6TR, STM32G0B1RCT6N, STM32G0C1CCT6, STM32G0C1CCT6N, STM32G0C1CCU6N, STM32G0C1CET6N, STM32G0C1CEU6N, STM32G0C1KCT6, STM32G0C1NEY6TR, STM32G0C1RCI6N, STM32G0C1RCT6N, STM32G0C1REI6N, STM32G0C1RET6N, STM32G0C1VCI6, STM32G0C1VEI6, STM32G411C6T3, STM32G411C6T6, STM32G411C6U3, STM32G411C6U6, STM32G411C8T3, STM32G411C8T6, STM32G411C8U3, STM32G411C8U6, STM32G411CBT3, STM32G411CBT6, STM32G411CBU3, STM32G411CBU6, STM32G411CCT3, STM32G411CCT6, STM32G411CCU3, STM32G411CCU6, STM32G411K6T3, STM32G411K6T6, STM32G411K6U3, STM32G411K6U6, STM32G411K8T3, STM32G411K8T6, STM32G411K8U3, STM32G411K8U6, STM32G411KBT3, STM32G411KBT6, STM32G411KBU3, STM32G411KBU6, STM32G411M6T3, STM32G411M6T6, STM32G411M8T3, STM32G411M8T6, STM32G411MBT3, STM32G411MBT6, STM32G411MCT3, STM32G411MCT6, STM32G411R6T3, STM32G411R6T6, STM32G411R8T3, STM32G411R8T6, STM32G411RBT3, STM32G411RBT6, STM32G411RCT3, STM32G411RCT6, STM32G414CBT3, STM32G414CBT6, STM32G414CBU3, STM32G414CBU6, STM32G414CCT3, STM32G414CCT6, STM32G414CCU3, STM32G414CCU6, STM32G414MBT3, STM32G414MBT6, STM32G414MCT3, STM32G414MCT6, STM32G414RBT3, STM32G414RBT6, STM32G414RCT3, STM32G414RCT6, STM32G414VBT3, STM32G414VBT6, STM32G414VCT3, STM32G414VCT6, STM32G431CBT3Z, STM32G431RBT3Z, STM32G471CCT6, STM32G471CCU6, STM32G471CET3, STM32G471CET6, STM32G471CEU3, STM32G471CEU6, STM32G471MCT6, STM32G471MET3, STM32G471MET6, STM32G471MEY6TR, STM32G471QCT6, STM32G471QET3, STM32G471RCT6, STM32G471RET3, STM32G471RET6, STM32G471VCH6, STM32G471VCI6, STM32G471VCT6, STM32G471VEH3, STM32G471VEH6, STM32G471VEI3, STM32G471VEI6, STM32G471VET3, STM32G471VET6, STM32G473QET3Z, STM32G473RET3Z, STM32G474CCT6, STM32G491RET3Z, STM32H503CBT6, STM32H503CBU6, STM32H503EBY6TR, STM32H503KBU6, STM32H503RBT6, STM32H523CCT6, STM32H523CCU6, STM32H523CET6, STM32H523CEU6, STM32H523HEY6TR, STM32H523RCT6, STM32H523RET6, STM32H523VCI6, STM32H523VCT6, STM32H523VEI6, STM32H523VET6, STM32H523ZCJ6, STM32H523ZCT6, STM32H523ZEJ6, STM32H523ZET6, STM32H533CET6, STM32H533CEU6, STM32H533HEY6TR, STM32H533RET6, STM32H533VEI6, STM32H533VET6, STM32H533ZEJ6, STM32H533ZET6, STM32H562AGI6, STM32H562AII6, STM32H562IGK6, STM32H562IGT6, STM32H562IIK6, STM32H562IIT6, STM32H562RGT6, STM32H562RGV6, STM32H562RIT6, STM32H562RIV6, STM32H562VGT6, STM32H562VIT6, STM32H562ZGT6, STM32H562ZIT6, STM32H563AGI6, STM32H563AII3Q, STM32H563AII6, STM32H563IGK6, STM32H563IGT6, STM32H563IIK3Q, STM32H563IIK6, STM32H563IIT3Q, STM32H563IIT6, STM32H563MIY3QTR, STM32H563RGT6, STM32H563RGV6, STM32H563RIT6, STM32H563RIV6, STM32H563VGT6, STM32H563VIT3Q, STM32H563VIT6, STM32H563ZGT6, STM32H563ZIT3Q, STM32H563ZIT6, STM32H573AII3Q, STM32H573AII6, STM32H573I-DK, STM32H573IIK3Q, STM32H573IIK6, STM32H573IIT3Q, STM32H573IIT6, STM32H573MIY3QTR, STM32H573RIT6, STM32H573RIV6, STM32H573VIT3Q, STM32H573VIT6, STM32H573ZIT3Q, STM32H573ZIT6, STM32H7R3A8I6, STM32H7R3I8K6, STM32H7R3I8T6, STM32H7R3L8H6, STM32H7R3L8H6H, STM32H7R3R8V6, STM32H7R3V8H6, STM32H7R3V8T6, STM32H7R3V8Y6TR, STM32H7R3Z8J6, STM32H7R3Z8T6, STM32H7R7A8I6, STM32H7R7I8K6, STM32H7R7I8T6, STM32H7R7L8H6, STM32H7R7L8H6H, STM32H7R7Z8J6, STM32H7S3A8I6, STM32H7S3I8K6, STM32H7S3I8T6, STM32H7S3L8H6, STM32H7S3L8H6H, STM32H7S3R8V6, STM32H7S3V8H6, STM32H7S3V8T6, STM32H7S3V8Y6TR, STM32H7S3Z8J6, STM32H7S3Z8T6, STM32H7S78-DK, STM32H7S7A8I6, STM32H7S7I8K6, STM32H7S7I8T6, STM32H7S7L8H6, STM32H7S7L8H6H, STM32H7S7Z8J6, STM32L4R5QGI6STR, STM32MP131AAE3, STM32MP131AAF3, STM32MP131AAG3, STM32MP131CAE3, STM32MP131CAF3, STM32MP131CAG3, STM32MP131DAE7, STM32MP131DAF7, STM32MP131DAG7, STM32MP131FAE7, STM32MP131FAF7, STM32MP131FAG7, STM32MP133AAE3, STM32MP133AAF3, STM32MP133AAG3, STM32MP133CAE3, STM32MP133CAF3, STM32MP133CAG3, STM32MP133DAE7, STM32MP133DAF7, STM32MP133DAG7, STM32MP133FAE7, STM32MP133FAF7, STM32MP133FAG7, STM32MP135AAE3, STM32MP135AAF3, STM32MP135AAG3, STM32MP135CAE3, STM32MP135CAF3, STM32MP135CAG3, STM32MP135DAE7, STM32MP135DAF7, STM32MP135DAG7, STM32MP135F-DK, STM32MP135FAE7, STM32MP135FAF7, STM32MP135FAF7T, STM32MP135FAF7U, STM32MP135FAG7, STM32MP231AAJ3, STM32MP231AAK3, STM32MP231AAL3, STM32MP231CAJ3, STM32MP231CAK3, STM32MP231CAL3, STM32MP231DAJ3, STM32MP231DAK3, STM32MP231DAL3, STM32MP231FAJ3, STM32MP231FAK3, STM32MP231FAL3, STM32MP233AAJ3, STM32MP233AAK3, STM32MP233AAL3, STM32MP233CAJ3, STM32MP233CAK3, STM32MP233CAL3, STM32MP233DAJ3, STM32MP233DAK3, STM32MP233DAL3, STM32MP233FAJ3, STM32MP233FAK3, STM32MP233FAL3, STM32MP235AAJ3, STM32MP235AAK3, STM32MP235AAL3, STM32MP235CAJ3, STM32MP235CAK3, STM32MP235CAL3, STM32MP235DAJ3, STM32MP235DAK3, STM32MP235DAL3, STM32MP235FAJ3, STM32MP235FAK3, STM32MP235FAL3, STM32MP251AAI3, STM32MP251AAJ3, STM32MP251AAK3, STM32MP251AAL3, STM32MP251CAI3, STM32MP251CAJ3, STM32MP251CAK3, STM32MP251CAL3, STM32MP251DAI3, STM32MP251DAJ3, STM32MP251DAK3, STM32MP251DAL3, STM32MP251FAI3, STM32MP251FAJ3, STM32MP251FAK3, STM32MP251FAL3, STM32MP253AAI3, STM32MP253AAJ3, STM32MP253AAK3, STM32MP253AAL3, STM32MP253CAI3, STM32MP253CAJ3, STM32MP253CAK3, STM32MP253CAL3, STM32MP253DAI3, STM32MP253DAJ3, STM32MP253DAK3, STM32MP253DAL3, STM32MP253FAI3, STM32MP253FAJ3, STM32MP253FAK3, STM32MP253FAL3, STM32MP255AAI3, STM32MP255AAJ3, STM32MP255AAK3, STM32MP255AAL3, STM32MP255CAI3, STM32MP255CAJ3, STM32MP255CAK3, STM32MP255CAL3, STM32MP255DAI3, STM32MP255DAJ3, STM32MP255DAK3, STM32MP255DAL3, STM32MP255FAI3, STM32MP255FAJ3, STM32MP255FAK3, STM32MP255FAL3, STM32MP257AAI3, STM32MP257AAJ3, STM32MP257AAK3, STM32MP257AAL3, STM32MP257CAI3, STM32MP257CAJ3, STM32MP257CAK3, STM32MP257CAL3, STM32MP257DAI3, STM32MP257DAJ3, STM32MP257DAK3, STM32MP257DAL3, STM32MP257F-DK, STM32MP257F-EV1, STM32MP257FAI3, STM32MP257FAJ3, STM32MP257FAK3, STM32MP257FAL3, STM32N645A0H3Q, STM32N645B0H3Q, STM32N645I0H3Q, STM32N645L0H3Q, STM32N645X0H3Q, STM32N645Z0H3Q, STM32N647A0H3Q, STM32N647B0H3Q, STM32N647I0H3Q, STM32N647L0H3Q, STM32N647X0H3Q, STM32N647Z0H3Q, STM32N655A0H3Q, STM32N655B0H3Q, STM32N655I0H3Q, STM32N655L0H3Q, STM32N655X0H3Q, STM32N655Z0H3Q, STM32N6570-DK, STM32N657A0H3Q, STM32N657B0H3Q, STM32N657I0H3Q, STM32N657L0H3Q, STM32N657X0H3Q, STM32N657Z0H3Q, STM32U031C6T6, STM32U031C6U6, STM32U031C8T6, STM32U031C8U6, STM32U031F4P6, STM32U031F6P6, STM32U031F8P6, STM32U031G6Y6TR, STM32U031G8Y6TR, STM32U031K4U6, STM32U031K6U6, STM32U031K8U6, STM32U031R6I6, STM32U031R6T6, STM32U031R8I6, STM32U031R8T6, STM32U073C8T6, STM32U073C8U6, STM32U073CBT6, STM32U073CBU6, STM32U073CCT6, STM32U073CCU6, STM32U073H8Y6TR, STM32U073HBY6TR, STM32U073HCY6TR, STM32U073K8U6, STM32U073KBU6, STM32U073KCU6, STM32U073M8I6, STM32U073M8T6, STM32U073MBI6, STM32U073MBT6, STM32U073MCI6, STM32U073MCT6, STM32U073R8I6, STM32U073R8T6, STM32U073RBI6, STM32U073RBT6, STM32U073RCI6, STM32U073RCT6, STM32U083C-DK, STM32U083CCT6, STM32U083CCU6, STM32U083HCY6TR, STM32U083KCU6, STM32U083MCI6, STM32U083MCT6, STM32U083RCI6, STM32U083RCT6, STM32U375CET6, STM32U375CET6Q, STM32U375CEU6, STM32U375CEU6Q, STM32U375CEY6QTR, STM32U375CGT6, STM32U375CGT6Q, STM32U375CGU6, STM32U375CGU6Q, STM32U375CGY6QTR, STM32U375KEU6, STM32U375KGU6, STM32U375REI6, STM32U375REI6Q, STM32U375RET6, STM32U375RET6Q, STM32U375REY6GTR, STM32U375REY6QTR, STM32U375RGI6, STM32U375RGI6Q, STM32U375RGT6, STM32U375RGT6Q, STM32U375RGY6GTR, STM32U375RGY6QTR, STM32U375VEI6, STM32U375VEI6Q, STM32U375VET6, STM32U375VET6Q, STM32U375VGI6, STM32U375VGI6Q, STM32U375VGT6, STM32U375VGT6Q, STM32U385CGT6, STM32U385CGT6Q, STM32U385CGU6, STM32U385CGU6Q, STM32U385CGY6QTR, STM32U385KGU6, STM32U385RGI6, STM32U385RGI6Q, STM32U385RGT6, STM32U385RGT6Q, STM32U385RGY6GTR, STM32U385RGY6QTR, STM32U385VGI6, STM32U385VGI6Q, STM32U385VGT6, STM32U385VGT6Q, STM32U535CBT6, STM32U535CBT6Q, STM32U535CBU6, STM32U535CBU6Q, STM32U535CCT6, STM32U535CCT6Q, STM32U535CCU6, STM32U535CCU6Q, STM32U535CET6, STM32U535CET6Q, STM32U535CEU6, STM32U535CEU6Q, STM32U535JEY6QTR, STM32U535NCY6QTR, STM32U535NEY6QTR, STM32U535RBI6, STM32U535RBI6Q, STM32U535RBT6, STM32U535RBT6Q, STM32U535RCI6, STM32U535RCI6Q, STM32U535RCT6, STM32U535RCT6Q, STM32U535REI6, STM32U535REI6Q, STM32U535RET6, STM32U535RET6Q, STM32U535VCI6, STM32U535VCI6Q, STM32U535VCT6, STM32U535VCT6Q, STM32U535VEI6, STM32U535VEI6Q, STM32U535VET6, STM32U535VET6Q, STM32U545CET6, STM32U545CET6Q, STM32U545CEU6, STM32U545CEU6Q, STM32U545JEY6QTR, STM32U545NEY6QTR, STM32U545REI6, STM32U545REI6Q, STM32U545RET6, STM32U545RET6Q, STM32U545VEI6, STM32U545VEI6Q, STM32U545VET6, STM32U545VET6Q, STM32U595AIH6, STM32U595AIH6Q, STM32U595AJH6, STM32U595AJH6Q, STM32U595QII6, STM32U595QII6Q, STM32U595QJI6, STM32U595QJI6Q, STM32U595RIT6, STM32U595RIT6Q, STM32U595RJT6, STM32U595RJT6Q, STM32U595VIT6, STM32U595VIT6Q, STM32U595VJT6, STM32U595VJT6Q, STM32U595ZIT6, STM32U595ZIT6Q, STM32U595ZIY6QTR, STM32U595ZJT6, STM32U595ZJT6Q, STM32U595ZJY6QTR, STM32U599BJY6QTR, STM32U599NIH6Q, STM32U599NJH6Q, STM32U599VIT6Q, STM32U599VJT6, STM32U599VJT6Q, STM32U599ZIT6Q, STM32U599ZIY6QTR, STM32U599ZJT6Q, STM32U599ZJY6QTR, STM32U5A5AJH6, STM32U5A5AJH6Q, STM32U5A5QII3Q , STM32U5A5QJI6, STM32U5A5QJI6Q, STM32U5A5RJT6, STM32U5A5RJT6Q, STM32U5A5VJT6, STM32U5A5VJT6Q, STM32U5A5ZJT6, STM32U5A5ZJT6Q, STM32U5A5ZJY6QTR, STM32U5A9BJY6QTR, STM32U5A9J-DK, STM32U5A9NJH6Q, STM32U5A9VJT6Q, STM32U5A9ZJT6Q, STM32U5A9ZJY6QTR, STM32U5F7VIT6, STM32U5F7VIT6Q, STM32U5F7VJT6, STM32U5F7VJT6Q, STM32U5F9BJY6QTR, STM32U5F9NJH6Q, STM32U5F9VIT6Q, STM32U5F9VJT6Q, STM32U5F9ZIJ6QTR, STM32U5F9ZIT6Q, STM32U5F9ZJJ6QTR, STM32U5F9ZJT6Q, STM32U5G7VJT6, STM32U5G7VJT6Q, STM32U5G9BJY6QTR, STM32U5G9J-DK1, STM32U5G9J-DK2, STM32U5G9NJH6Q, STM32U5G9VJT6Q, STM32U5G9ZJJ6QTR, STM32U5G9ZJT6Q, STM32WB05KZV6TR, STM32WB05KZV7TR, STM32WB05TZF6TR, STM32WB05TZF7TR, STM32WB06CCF6TR, STM32WB06CCF7TR, STM32WB06CCV6TR, STM32WB06CCV7TR, STM32WB06KCV6TR, STM32WB06KCV7TR, STM32WB07CCF6TR, STM32WB07CCF7TR, STM32WB07CCV6TR, STM32WB07CCV7TR, STM32WB07KCV6TR, STM32WB07KCV7TR, STM32WB09KEV6TR, STM32WB09KEV7TR, STM32WB09TEF6TR, STM32WB09TEF7TR, STM32WB1MMCH6, STM32WBA50KGU6, STM32WBA50KGU6TR, STM32WBA52CEU6, STM32WBA52CEU6TR, STM32WBA52CEU7, STM32WBA52CEU7TR, STM32WBA52CGU6, STM32WBA52CGU6TR, STM32WBA52CGU6U, STM32WBA52CGU7, STM32WBA52CGU7TR, STM32WBA52KEU6, STM32WBA52KEU6TR, STM32WBA52KGU6, STM32WBA52KGU6TR, STM32WBA54CEU6, STM32WBA54CEU6TR, STM32WBA54CEU7, STM32WBA54CEU7TR, STM32WBA54CGU6, STM32WBA54CGU6TR, STM32WBA54CGU7, STM32WBA54CGU7TR, STM32WBA54KEU6, STM32WBA54KEU6TR, STM32WBA54KEU7, STM32WBA54KEU7TR, STM32WBA54KGU6, STM32WBA54KGU6TR, STM32WBA54KGU7, STM32WBA54KGU7TR, STM32WBA55CEU6, STM32WBA55CEU6TR, STM32WBA55CEU7, STM32WBA55CEU7TR, STM32WBA55CGU6, STM32WBA55CGU6TR, STM32WBA55CGU6U, STM32WBA55CGU7, STM32WBA55CGU7TR, STM32WBA55G-DK1, STM32WBA55HEF6, STM32WBA55HEF7, STM32WBA55HGF6, STM32WBA55HGF7, STM32WBA55UEI6, STM32WBA55UEI6TR, STM32WBA55UEI7, STM32WBA55UEI7TR, STM32WBA55UGI6, STM32WBA55UGI6TR, STM32WBA55UGI7, STM32WBA55UGI7TR, STM32WBA5MJGH6TR, STM32WBA5MJGH6U, STM32WL33C8V6, STM32WL33C8V6TR, STM32WL33C8V7, STM32WL33C8V7TR, STM32WL33CBV6, STM32WL33CBV6TR, STM32WL33CBV7, STM32WL33CBV7TR, STM32WL33CCV6, STM32WL33CCV6TR, STM32WL33CCV7, STM32WL33CCV7A, STM32WL33CCV7ATR, STM32WL33CCV7TR, STM32WL33K8V6, STM32WL33K8V6TR, STM32WL33K8V7, STM32WL33K8V7TR, STM32WL33KBV6, STM32WL33KBV6TR, STM32WL33KBV7, STM32WL33KBV7TR, STM32WL33KCV6, STM32WL33KCV6TR, STM32WL33KCV7, STM32WL33KCV7TR, STM32WL5MOCH6, STM32WL5MOCH6TR]
2025-01-23 03:48:32,671 [INFO] DbMcus:218 - Found 4545 MCUs, 4545 are supported
2025-01-23 03:48:32,689 [INFO] ApiDb:423 - Load user favorites file /home/scott/.stm32cubeide/favorites.mcus.txt: 0 item(s)
2025-01-23 03:48:32,689 [INFO] ApiDb:427 - User favorites MCUs=[]
2025-01-23 03:48:32,690 [INFO] DbMcus:224 - Set 0 / 0 favorites MCUs
2025-01-23 03:48:33,593 [INFO] ApiDb:423 - Load user favorites file /home/scott/.stm32cubeide/favorites.boards.txt: 0 item(s)
2025-01-23 03:48:33,593 [INFO] ApiDb:427 - User favorites Boards=[]
2025-01-23 03:48:33,593 [INFO] DbBoards:198 - Set 0 / 0 favorites Boards
2025-01-23 03:48:33,593 [INFO] McuFinderGlobals:76 - Set McuFinderConnectedMode to true
2025-01-23 03:48:33,746 [INFO] MultiScanPanel:200 - Auto-refresh data requested => check proxy status ongoing
2025-01-23 03:48:33,766 [INFO] FinderPluginLoader:95 - Searching for filters in installed packs
2025-01-23 03:48:37,765 [INFO] LoadUrlFilesThread:185 - End of LoadServerUrlFiles without Thread
2025-01-23 03:48:37,933 [INFO] DetailPanel:341 - Set advertising image to /home/scott/STM32Cube/Repository//en.prom-stm32n6-mcu-finder.png
2025-01-23 03:50:23,335 [INFO] MultiScanPanel:200 - Auto-refresh data requested => check proxy status ongoing
2025-01-23 03:50:23,469 [INFO] LoadUrlFilesThread:185 - End of LoadServerUrlFiles without Thread
2025-01-23 03:50:23,469 [INFO] DetailPanel:341 - Set advertising image to /home/scott/STM32Cube/Repository//en.prom-stm32n6-mcu-finder.png
2025-01-23 03:50:23,520 [INFO] DbBoards:642 - Loading board mini-images...
2025-01-23 03:50:23,710 [ERROR] DbBoards:659 - Image file not found for board B-WBA5M-WPAN: /home/scott/.stmcufinder/plugins/mcufinder//mcu//boards_images/B-WBA5M-WPAN.jpg
2025-01-23 03:50:25,532 [ERROR] DbBoards:659 - Image file not found for board NUCLEO-U385RG-Q: /home/scott/.stmcufinder/plugins/mcufinder//mcu//boards_images/NUCLEO-U385RG-Q.jpg
2025-01-23 03:50:25,564 [ERROR] DbBoards:659 - Image file not found for board NUCLEO-WB05KZ: /home/scott/.stmcufinder/plugins/mcufinder//mcu//boards_images/NUCLEO-WB05KZ.jpg
2025-01-23 03:50:25,724 [ERROR] DbBoards:659 - Image file not found for board NUCLEO-WL33CC1: /home/scott/.stmcufinder/plugins/mcufinder//mcu//boards_images/NUCLEO-WL33CC1.jpg
2025-01-23 03:50:25,724 [ERROR] DbBoards:659 - Image file not found for board NUCLEO-WL33CC2: /home/scott/.stmcufinder/plugins/mcufinder//mcu//boards_images/NUCLEO-WL33CC2.jpg
2025-01-23 03:50:28,147 [INFO] DbBoards:665 - Loaded 204 board mini-images
2025-01-23 03:51:20,078 [INFO] MainUpdater:2872 - connection check result : 10
2025-01-23 03:51:20,079 [INFO] MainUpdater:2872 - connection check result : 10
2025-01-23 03:51:20,491 [INFO] MicroXplorer:468 - Change Database Path : 
2025-01-23 03:51:20,491 [INFO] MicroXplorer:498 - Change Database Version : DB.6.0.130
2025-01-23 03:51:20,525 [WARN] ThirdParty:871 - waiting for thirdparty lock release [close project]
2025-01-23 03:51:20,525 [INFO] ThirdParty:873 - entering critical section [close project]
2025-01-23 03:51:20,549 [INFO] ThirdParty:883 - exiting critical section [close project]
2025-01-23 03:51:20,585 [INFO] PinOutPanel:1589 - setPackage(No Configuration,No Configuration)
2025-01-23 03:51:20,606 [INFO] UtilMem:75 - Begin LoadConfig() Used Memory: 540912144 Bytes (1044381696)
2025-01-23 03:51:20,669 [INFO] OpenFileManager:332 - Change cursor
2025-01-23 03:51:21,056 [INFO] ProjectFactory:442 - No CPN specified for board NUCLEO-F030R8 => set CPN to STM32F030R8T6
2025-01-23 03:51:21,056 [INFO] Mcu:2035 - Initializing MCU STM32F030R8Tx STM32F030R8Tx STM32F030R8T6
2025-01-23 03:51:23,036 [INFO] Context:748 - Trying to add GPIOservice into a context  which must be forbidden
2025-01-23 03:51:23,518 [INFO] Rule:228 - rule 117617 - U5Cobra4M][GTZC] default value MPCBB3 and MPCBB5 - Not Secured memory - MPCBB1 is applicable
2025-01-23 03:51:23,518 [INFO] Rule:228 - rule 117617 - U5Cobra4M][GTZC] default value MPCBB3 and MPCBB5 - Not Secured memory - MPCBB1 is applicable
2025-01-23 03:51:23,518 [INFO] Rule:228 - rule 117617 - U5Cobra4M][GTZC] default value MPCBB3 and MPCBB5 - Not Secured memory - MPCBB2 is applicable
2025-01-23 03:51:23,518 [INFO] Rule:228 - rule 117617 - U5Cobra4M][GTZC] default value MPCBB3 and MPCBB5 - Not Secured memory - MPCBB2 is applicable
2025-01-23 03:51:23,518 [INFO] Rule:228 - rule 117617 - U5Cobra4M][GTZC] default value MPCBB3 and MPCBB5 - Not Secured memory - MPCBB3 is applicable
2025-01-23 03:51:23,518 [INFO] Rule:228 - rule 117617 - U5Cobra4M][GTZC] default value MPCBB3 and MPCBB5 - Not Secured memory - MPCBB3 is applicable
2025-01-23 03:51:23,518 [INFO] Rule:228 - rule 117617 - U5Cobra4M][GTZC] default value MPCBB3 and MPCBB5 - Not Secured memory - MPCBB4 is applicable
2025-01-23 03:51:23,518 [INFO] Rule:228 - rule 117617 - U5Cobra4M][GTZC] default value MPCBB3 and MPCBB5 - Not Secured memory - MPCBB4 is applicable
2025-01-23 03:51:23,518 [INFO] Rule:228 - rule 117617 - U5Cobra4M][GTZC] default value MPCBB3 and MPCBB5 - Secured memory - MPCBB1 is applicable
2025-01-23 03:51:23,518 [INFO] Rule:228 - rule 117617 - U5Cobra4M][GTZC] default value MPCBB3 and MPCBB5 - Secured memory - MPCBB2 is applicable
2025-01-23 03:51:23,519 [INFO] Rule:228 - rule 117617 - U5Cobra4M][GTZC] default value MPCBB3 and MPCBB5 - Secured memory - MPCBB3 is applicable
2025-01-23 03:51:23,519 [INFO] Rule:228 - rule 117617 - U5Cobra4M][GTZC] default value MPCBB3 and MPCBB5 - Secured memory - MPCBB4 is applicable
2025-01-23 03:51:23,519 [INFO] Rule:228 - rule 117617 - U5Cobra4M][GTZC] default value MPCBB3 and MPCBB5 - Privileged memory - MPCBB1 is applicable
2025-01-23 03:51:23,519 [INFO] Rule:228 - rule 117617 - U5Cobra4M][GTZC] default value MPCBB3 and MPCBB5 - Privileged memory - MPCBB2 is applicable
2025-01-23 03:51:23,519 [INFO] Rule:228 - rule 117617 - U5Cobra4M][GTZC] default value MPCBB3 and MPCBB5 - Privileged memory - MPCBB3 is applicable
2025-01-23 03:51:23,519 [INFO] Rule:228 - rule 117617 - U5Cobra4M][GTZC] default value MPCBB3 and MPCBB5 - Privileged memory - MPCBB4 is applicable
2025-01-23 03:51:23,519 [INFO] Rule:228 - rule 117617 - U5Cobra4M][GTZC] default value MPCBB3 and MPCBB5 - Not Privileged memory - MPCBB1 is applicable
2025-01-23 03:51:23,519 [INFO] Rule:228 - rule 117617 - U5Cobra4M][GTZC] default value MPCBB3 and MPCBB5 - Not Privileged memory - MPCBB2 is applicable
2025-01-23 03:51:23,519 [INFO] Rule:228 - rule 117617 - U5Cobra4M][GTZC] default value MPCBB3 and MPCBB5 - Not Privileged memory - MPCBB3 is applicable
2025-01-23 03:51:23,519 [INFO] Rule:228 - rule 117617 - U5Cobra4M][GTZC] default value MPCBB3 and MPCBB5 - Not Privileged memory - MPCBB4 is applicable
2025-01-23 03:51:23,519 [INFO] Rule:228 - rule 117617 - U5Cobra4M][GTZC] default value MPCBB3 and MPCBB5 - Privileged memory - MPCBB1 is applicable
2025-01-23 03:51:23,519 [INFO] Rule:228 - rule 117617 - U5Cobra4M][GTZC] default value MPCBB3 and MPCBB5 - Privileged memory - MPCBB2 is applicable
2025-01-23 03:51:23,519 [INFO] Rule:228 - rule 117617 - U5Cobra4M][GTZC] default value MPCBB3 and MPCBB5 - Privileged memory - MPCBB3 is applicable
2025-01-23 03:51:23,519 [INFO] Rule:228 - rule 117617 - U5Cobra4M][GTZC] default value MPCBB3 and MPCBB5 - Privileged memory - MPCBB4 is applicable
2025-01-23 03:51:23,519 [INFO] Rule:228 - rule 117617 - U5Cobra4M][GTZC] default value MPCBB3 and MPCBB5 - Privileged memory - MPCBB1 is applicable
2025-01-23 03:51:23,520 [INFO] Rule:228 - rule 117617 - U5Cobra4M][GTZC] default value MPCBB3 and MPCBB5 - Privileged memory - MPCBB2 is applicable
2025-01-23 03:51:23,520 [INFO] Rule:228 - rule 117617 - U5Cobra4M][GTZC] default value MPCBB3 and MPCBB5 - Privileged memory - MPCBB3 is applicable
2025-01-23 03:51:23,520 [INFO] Rule:228 - rule 117617 - U5Cobra4M][GTZC] default value MPCBB3 and MPCBB5 - Privileged memory - MPCBB4 is applicable
2025-01-23 03:51:23,520 [INFO] Rule:228 - rule 117617 - U5Cobra4M][GTZC] default value MPCBB3 and MPCBB5 - Not Privileged memory - MPCBB1 is applicable
2025-01-23 03:51:23,520 [INFO] Rule:228 - rule 117617 - U5Cobra4M][GTZC] default value MPCBB3 and MPCBB5 - Not Privileged memory - MPCBB2 is applicable
2025-01-23 03:51:23,520 [INFO] Rule:228 - rule 117617 - U5Cobra4M][GTZC] default value MPCBB3 and MPCBB5 - Not Privileged memory - MPCBB3 is applicable
2025-01-23 03:51:23,520 [INFO] Rule:228 - rule 117617 - U5Cobra4M][GTZC] default value MPCBB3 and MPCBB5 - Not Privileged memory - MPCBB4 is applicable
2025-01-23 03:51:23,520 [INFO] Rule:228 - rule 117617 - U5Cobra4M][GTZC] default value MPCBB3 and MPCBB5 - Privileged memory - MPCBB1 is applicable
2025-01-23 03:51:23,520 [INFO] Rule:228 - rule 117617 - U5Cobra4M][GTZC] default value MPCBB3 and MPCBB5 - Privileged memory - MPCBB2 is applicable
2025-01-23 03:51:23,520 [INFO] Rule:228 - rule 117617 - U5Cobra4M][GTZC] default value MPCBB3 and MPCBB5 - Privileged memory - MPCBB3 is applicable
2025-01-23 03:51:23,521 [INFO] Rule:228 - rule 117617 - U5Cobra4M][GTZC] default value MPCBB3 and MPCBB5 - Privileged memory - MPCBB4 is applicable
2025-01-23 03:51:23,521 [INFO] Rule:228 - rule Rename SubGHz_Phy SUBGHZ_APPLICATION SUBGHZ_PINGPONG to SUBGHZ_ADV_APPLICATION is applicable
2025-01-23 03:51:23,521 [INFO] Rule:228 - rule Rename Enabled to IBEACON is applicable
2025-01-23 03:51:23,521 [INFO] Rule:228 - rule GTZC_S instance for project manager is applicable
2025-01-23 03:51:23,521 [INFO] Rule:228 - rule GTZC_S instance for context M33S is applicable
2025-01-23 03:51:23,521 [INFO] Rule:228 - rule GTZC_S instance value for IP GTZC is applicable
2025-01-23 03:51:23,521 [INFO] Rule:228 - rule GTZC_S instance for mcu.IP is applicable
2025-01-23 03:51:23,521 [INFO] Rule:228 - rule GTZC_S instance for VP is applicable
2025-01-23 03:51:23,521 [INFO] Rule:228 - rule GTZC_S instance for signal is applicable
2025-01-23 03:51:23,522 [INFO] Rule:228 - rule GTZC_S instance for mcu.Pin is applicable
2025-01-23 03:51:23,522 [INFO] Rule:228 - rule GTZC_S instance for VP is applicable
2025-01-23 03:51:23,522 [INFO] Rule:228 - rule GTZC_S instance for signal is applicable
2025-01-23 03:51:23,522 [INFO] Rule:228 - rule GTZC_S instance for mcu is applicable
2025-01-23 03:51:23,522 [INFO] Rule:228 - rule GTZC_S instance for mcu.Pin is applicable
2025-01-23 03:51:23,522 [INFO] Rule:228 - rule GTZC_S instance value for IP GTZC is applicable
2025-01-23 03:51:23,522 [INFO] Rule:228 - rule GTZC_S instance for project manager is applicable
2025-01-23 03:51:23,522 [INFO] Rule:228 - rule GTZC_S instance for context M33S is applicable
2025-01-23 03:51:23,522 [INFO] Rule:228 - rule GTZC_S instance for VP is applicable
2025-01-23 03:51:23,522 [INFO] Rule:228 - rule GTZC_S instance for signal is applicable
2025-01-23 03:51:23,522 [INFO] Rule:228 - rule SPDIFRX instance for mcu is applicable
2025-01-23 03:51:23,522 [INFO] Rule:228 - rule Rename Tracer Mode is applicable
2025-01-23 03:51:23,522 [INFO] Rule:228 - rule SPDIFRX instance value for IP SPDIFRX is applicable
2025-01-23 03:51:23,523 [INFO] Rule:228 - rule SPDIFRX instance for signal is applicable
2025-01-23 03:51:23,523 [INFO] Rule:228 - rule SPDIFRX instance for project manager is applicable
2025-01-23 03:51:23,523 [INFO] Rule:228 - rule SPDIFRX instance for project manager is applicable
2025-01-23 03:51:23,523 [INFO] Rule:228 - rule ADC Scan  fix with FW F7 is applicable
2025-01-23 03:51:23,523 [INFO] Rule:228 - rule ADC Scan  fix with FW F7 is applicable
2025-01-23 03:51:23,523 [INFO] Rule:228 - rule Rename Comp Signal is applicable
2025-01-23 03:51:23,523 [INFO] Rule:228 - rule DMA-DAC mode for DIE422 is applicable
2025-01-23 03:51:23,523 [INFO] Rule:228 - rule DMA-DAC mode for DIE438 is applicable
2025-01-23 03:51:23,523 [INFO] Rule:228 - rule DMA-DAC mode for DIE432 or DIE446 is applicable
2025-01-23 03:51:23,523 [INFO] Rule:228 - rule DFSDM instance value for IP DFSDM is applicable
2025-01-23 03:51:23,523 [INFO] Rule:228 - rule DFSDM instance for mcu is applicable
2025-01-23 03:51:23,523 [INFO] Rule:228 - rule DFSDM instance for VP is applicable
2025-01-23 03:51:23,524 [INFO] Rule:228 - rule DFSDM instance for signal is applicable
2025-01-23 03:51:23,524 [INFO] Rule:228 - rule DFSDM instance for shared is applicable
2025-01-23 03:51:23,524 [INFO] Rule:228 - rule BreakInputSource parameter for IP Timer is applicable
2025-01-23 03:51:23,524 [INFO] Rule:228 - rule Sourcebreak parameter for IP Timer is applicable
2025-01-23 03:51:23,524 [INFO] Rule:228 - rule Sourcebreak parameter for IP Timer is applicable
2025-01-23 03:51:23,524 [INFO] Rule:228 - rule DFSDM for PCC is applicable
2025-01-23 03:51:23,524 [INFO] Rule:228 - rule Serial_Wire Mode is applicable
2025-01-23 03:51:23,524 [INFO] Rule:228 - rule JTAG_4_pins Mode is applicable
2025-01-23 03:51:23,524 [INFO] Rule:228 - rule JTAG_5_pins Mode is applicable
2025-01-23 03:51:23,524 [INFO] Rule:228 - rule Trace_Asynchronous_SW Mode is applicable
2025-01-23 03:51:23,524 [INFO] Rule:228 - rule Trace_Synchro_1bit_JTAG Mode is applicable
2025-01-23 03:51:23,524 [INFO] Rule:228 - rule Trace_Synchro_2bits_JTAG Mode is applicable
2025-01-23 03:51:23,524 [INFO] Rule:228 - rule Trace_Synchro_4bits_JTAG Mode is applicable
2025-01-23 03:51:23,524 [INFO] Rule:228 - rule Trace_Synchro_1bit_SW Mode is applicable
2025-01-23 03:51:23,525 [INFO] Rule:228 - rule Trace_Synchro_2bits_SW Mode is applicable
2025-01-23 03:51:23,525 [INFO] Rule:228 - rule Trace_Synchro_4bits_SW Mode is applicable
2025-01-23 03:51:23,525 [INFO] Rule:228 - rule SYS_WakeUp0 Mode is applicable
2025-01-23 03:51:23,525 [INFO] Rule:228 - rule SYS_WakeUp0 Mode for STM32F446 is applicable
2025-01-23 03:51:23,525 [INFO] Rule:228 - rule SYS_WakeUp1 Mode is applicable
2025-01-23 03:51:23,525 [INFO] Rule:228 - rule SYS_WakeUp1 Mode for STM32F446 is applicable
2025-01-23 03:51:23,525 [INFO] Rule:228 - rule SYS_WakeUp2 Mode is applicable
2025-01-23 03:51:23,525 [INFO] Rule:228 - rule SYS_WakeUp3 Mode is applicable
2025-01-23 03:51:23,525 [INFO] Rule:228 - rule SYS_WakeUp4 Mode is applicable
2025-01-23 03:51:23,525 [INFO] Rule:228 - rule SYS_WakeUp5 Mode is applicable
2025-01-23 03:51:23,525 [INFO] Rule:228 - rule SYS_WakeUp6 Mode is applicable
2025-01-23 03:51:23,525 [INFO] Rule:228 - rule SYS_WakeUp7 Mode is applicable
2025-01-23 03:51:23,525 [INFO] Rule:228 - rule WakeUp0 Mode is applicable
2025-01-23 03:51:23,525 [INFO] Rule:228 - rule WakeUp0 SIGNAL is applicable
2025-01-23 03:51:23,525 [INFO] Rule:228 - rule WakeUp1 Mode is applicable
2025-01-23 03:51:23,525 [INFO] Rule:228 - rule WakeUp1 SIGNAL is applicable
2025-01-23 03:51:23,525 [INFO] Rule:228 - rule WakeUp2 Mode is applicable
2025-01-23 03:51:23,525 [INFO] Rule:228 - rule WakeUp2 SIGNAL is applicable
2025-01-23 03:51:23,525 [INFO] Rule:228 - rule WakeUp4 Mode is applicable
2025-01-23 03:51:23,525 [INFO] Rule:228 - rule WakeUp4 SIGNAL is applicable
2025-01-23 03:51:23,525 [INFO] Rule:228 - rule WakeUp5 Mode is applicable
2025-01-23 03:51:23,525 [INFO] Rule:228 - rule WakeUp5 SIGNAL is applicable
2025-01-23 03:51:23,526 [INFO] Rule:228 - rule Mode_PVD_Ext is applicable
2025-01-23 03:51:23,526 [INFO] Rule:228 - rule Mode_PVD_Int is applicable
2025-01-23 03:51:23,526 [INFO] Rule:228 - rule Add RTC Activate Clock Source is applicable
2025-01-23 03:51:23,526 [INFO] Rule:228 - rule Add RTC Activate Calendar 1 is applicable
2025-01-23 03:51:23,526 [INFO] Rule:228 - rule Add RTC Activate Calendar 2 is applicable
2025-01-23 03:51:23,526 [INFO] Rule:228 - rule Add RTC Activate Calendar 3 is applicable
2025-01-23 03:51:23,526 [INFO] Rule:228 - rule UART/USART TX Mode is applicable
2025-01-23 03:51:23,526 [INFO] Rule:228 - rule UART/USART RX Mode is applicable
2025-01-23 03:51:23,526 [INFO] Rule:228 - rule UART/USART RX TX Mode is applicable
2025-01-23 03:51:23,526 [INFO] Rule:228 - rule UART/USART PARITY NONE is applicable
2025-01-23 03:51:23,526 [INFO] Rule:228 - rule UART/USART PARITY EVEN is applicable
2025-01-23 03:51:23,526 [INFO] Rule:228 - rule UART/USART PARITY ODD is applicable
2025-01-23 03:51:23,526 [INFO] Rule:228 - rule USART StopBits 1 is applicable
2025-01-23 03:51:23,526 [INFO] Rule:228 - rule USART StopBits 2 is applicable
2025-01-23 03:51:23,527 [INFO] Rule:228 - rule USART StopBits 1.5 is applicable
2025-01-23 03:51:23,527 [INFO] Rule:228 - rule USART StopBits 0.5 is applicable
2025-01-23 03:51:23,527 [INFO] Rule:228 - rule UART/USART WORD LENGTH 7 is applicable
2025-01-23 03:51:23,527 [INFO] Rule:228 - rule UART/USART WORD LENGTH 8 is applicable
2025-01-23 03:51:23,527 [INFO] Rule:228 - rule UART/USART WORD LENGTH 9 is applicable
2025-01-23 03:51:23,527 [INFO] Rule:228 - rule Rename FMC NAND NCE signal is applicable
2025-01-23 03:51:23,527 [INFO] Rule:228 - rule Rename FMC NAND INT signal is applicable
2025-01-23 03:51:23,527 [INFO] Rule:228 - rule Change Default Value for LSE Drive Capability for WB family is applicable
2025-01-23 03:51:23,527 [INFO] Rule:228 - rule Change Default Value for ADC Clock Prescaler G0 family is applicable
2025-01-23 03:51:23,527 [INFO] Rule:228 - rule Change Default Value for ADC ExternalTrigConv L4 family is applicable
2025-01-23 03:51:23,527 [INFO] Rule:228 - rule Change Default Value for ADC ExternalTrigInjecConv L4 family is applicable
2025-01-23 03:51:23,527 [INFO] Rule:228 - rule Change Default Value for ADC ExternalTrigConv F3 family is applicable
2025-01-23 03:51:23,527 [INFO] Rule:228 - rule Change Default Value for ADC ExternalTrigInjecConv F3 family is applicable
2025-01-23 03:51:23,527 [INFO] Rule:228 - rule Change Default Value for ADC ExternalTrigConv Goldfish serie is applicable
2025-01-23 03:51:23,527 [INFO] Rule:228 - rule Change Default Value for ADC ExternalTrigInjecConv Goldfish serie is applicable
2025-01-23 03:51:23,527 [INFO] Rule:228 - rule Change Default Value for ADC ExternalTrigConv L0 family is applicable
2025-01-23 03:51:23,527 [INFO] Rule:228 - rule Change Default Value for ADC ExternalTrigConv F0 family is applicable
2025-01-23 03:51:23,527 [INFO] Rule:228 - rule Change Default Value for ADC ExternalTrigConvn L1 family is applicable
2025-01-23 03:51:23,527 [INFO] Rule:228 - rule Change Default Value for ADC ExternalTrigInjecConv L1 family is applicable
2025-01-23 03:51:23,528 [INFO] Rule:228 - rule Change Default Value for ADC ExternalTrigConv F1 family is applicable
2025-01-23 03:51:23,528 [INFO] Rule:228 - rule Change Default Value for ADC ExternalTrigInjecConv F1 family is applicable
2025-01-23 03:51:23,528 [INFO] Rule:228 - rule Change Default Value for ADC ExternalTrigConv F7 family is applicable
2025-01-23 03:51:23,528 [INFO] Rule:228 - rule Change Default Value for ADC ExternalTrigInjecConv F7 family is applicable
2025-01-23 03:51:23,528 [INFO] Rule:228 - rule Change Default Value for ADC ExternalTrigConv F4 and F2 family is applicable
2025-01-23 03:51:23,528 [INFO] Rule:228 - rule Change Default Value for ADC ExternalTrigInjecConv F4 and F2 family is applicable
2025-01-23 03:51:23,528 [INFO] Rule:228 - rule ADC SamplingTime fix with FW L0  is applicable
2025-01-23 03:51:23,528 [INFO] Rule:228 - rule ADC SamplingTime fix with FW L0  is applicable
2025-01-23 03:51:23,528 [INFO] Rule:228 - rule ADC SamplingTime fix with FW L0 is applicable
2025-01-23 03:51:23,528 [INFO] Rule:228 - rule ADC SamplingTime fix with FW L0 is applicable
2025-01-23 03:51:23,528 [INFO] Rule:228 - rule ADC SamplingTime fix with FW L0  is applicable
2025-01-23 03:51:23,528 [INFO] Rule:228 - rule ADC SamplingTime fix with FW L0 is applicable
2025-01-23 03:51:23,528 [INFO] Rule:228 - rule Rename USB_OE Signal is applicable
2025-01-23 03:51:23,528 [INFO] Rule:228 - rule Rename Activate_OE Mode is applicable
2025-01-23 03:51:23,528 [INFO] Rule:228 - rule Rename DIE462/DIE415 pin PC14/OSC32_IN -> PC14-OSC32_IN (PC14) is applicable
2025-01-23 03:51:23,528 [INFO] Rule:228 - rule Rename DIE462/DIE415 pin PC15/OSC32_OUT -> PC15-OSC32_OUT (PC15) is applicable
2025-01-23 03:51:23,528 [INFO] Rule:228 - rule Rename DIE462/DIE415 pin PH0/OSC_IN -> PH0-OSC_IN (PH0) is applicable
2025-01-23 03:51:23,528 [INFO] Rule:228 - rule Rename DIE462/DIE415 pin PH1/OSC_OUT -> PH1-OSC_OUT (PH1) is applicable
2025-01-23 03:51:23,528 [INFO] Rule:228 - rule Rename DIE462 pin PA13 -> PA13 (JTMS/SWDIO) is applicable
2025-01-23 03:51:23,529 [INFO] Rule:228 - rule Rename DIE415 pin PA13 -> PA13 (JTMS/SWDIO) is applicable
2025-01-23 03:51:23,529 [INFO] Rule:228 - rule Rename DIE462 pin PA14 -> PA14 (JTCK/SWCLK) is applicable
2025-01-23 03:51:23,530 [INFO] Rule:228 - rule Rename DIE415 pin PA14 -> PA14 (JTCK/SWCLK) is applicable
2025-01-23 03:51:23,530 [INFO] Rule:228 - rule Rename DIE462/DIE415 pin PA15 -> PA15 (JTDI) is applicable
2025-01-23 03:51:23,530 [INFO] Rule:228 - rule Rename DIE462 pin PB3 -> PB3 (JTD0/TRACESWO) is applicable
2025-01-23 03:51:23,530 [INFO] Rule:228 - rule Rename DIE415 pin PB3 -> PB3 (JTD0-TRACESWO) is applicable
2025-01-23 03:51:23,530 [INFO] Rule:228 - rule Rename DIE462/DIE415 pin PB4 -> PB4 (NJTRST) is applicable
2025-01-23 03:51:23,530 [INFO] Rule:228 - rule Rename DIE462 pin PH3/BOOT0 -> PH3-BOOT0 (BOOT0) is applicable
2025-01-23 03:51:23,530 [INFO] Rule:228 - rule Rename CRYP DataEncryptionTypesList to Algorithm is applicable
2025-01-23 03:51:23,530 [INFO] Rule:228 - rule Rename AES DataEncryptionTypesList to Algorithm is applicable
2025-01-23 03:51:23,530 [INFO] Rule:228 - rule Rename TDESECB to CRYP_TDES_ECB is applicable
2025-01-23 03:51:23,530 [INFO] Rule:228 - rule Rename TDESCBC to CRYP_TDES_CBC is applicable
2025-01-23 03:51:23,530 [INFO] Rule:228 - rule Rename DESECB to CRYP_DES_ECB is applicable
2025-01-23 03:51:23,530 [INFO] Rule:228 - rule Rename DESCBC to CRYP_DES_CBC is applicable
2025-01-23 03:51:23,531 [INFO] Rule:228 - rule Rename AESECB to CRYP_AES_ECB is applicable
2025-01-23 03:51:23,531 [INFO] Rule:228 - rule Rename AESCBC to CRYP_AES_CBC is applicable
2025-01-23 03:51:23,531 [INFO] Rule:228 - rule Rename AESCTR to CRYP_AES_CTR is applicable
2025-01-23 03:51:23,531 [INFO] Rule:228 - rule Rename AESGCM to CRYP_AES_GCM is applicable
2025-01-23 03:51:23,531 [INFO] Rule:228 - rule Rename AESCCM to CRYP_AES_CCM is applicable
2025-01-23 03:51:23,531 [INFO] Rule:228 - rule Rename CAN TimeSeg1 to BS1 is applicable
2025-01-23 03:51:23,531 [INFO] Rule:228 - rule Rename CAN TimeSeg2 to BS2 is applicable
2025-01-23 03:51:23,531 [INFO] Rule:228 - rule Rename CAN SyncJumpWidth to SJW is applicable
2025-01-23 03:51:23,531 [INFO] Rule:228 - rule TimeTriggeredMode to TTCM is applicable
2025-01-23 03:51:23,531 [INFO] Rule:228 - rule Rename CAN AutoBusOff to ABOM is applicable
2025-01-23 03:51:23,531 [INFO] Rule:228 - rule Rename CAN AutoWakeUp to AWUM is applicable
2025-01-23 03:51:23,531 [INFO] Rule:228 - rule Rename CAN AutoRetransmission to NART is applicable
2025-01-23 03:51:23,531 [INFO] Rule:228 - rule Rename CAN ReceiveFifoLocked to RFLM is applicable
2025-01-23 03:51:23,531 [INFO] Rule:228 - rule Rename CAN TransmitFifoPriority to TXFP is applicable
2025-01-23 03:51:23,531 [INFO] Rule:228 - rule Rename HRTIMER HRTIM_OUTPUTFAULTLEVEL_HIGH in HRTIMER HRTIM_OUTPUTFAULTLEVEL_HIGHZ is applicable
2025-01-23 03:51:23,532 [INFO] Rule:228 - rule Rename TIMER TIM_CLEARINPUTSOURCE_OCREFCLR in  TIMER TIM_CLEARINPUTSOURCE_NONE for F7 family is applicable
2025-01-23 03:51:23,532 [INFO] Rule:228 - rule FDCAN_R1 - Rename FDCAN mode Master into Classic is applicable
2025-01-23 03:51:23,532 [INFO] Rule:228 - rule FDCAN_R2 - Rename FDCAN mode Slave into Classic is applicable
2025-01-23 03:51:23,532 [INFO] Rule:228 - rule FDCAN1_R3 - if PA10.Mode=FullDuplex, add Pin PA12 is applicable
2025-01-23 03:51:23,532 [INFO] Rule:228 - rule FDCAN1_R3 - if PA9.Mode=FullDuplex, add Pin PA11 is applicable
2025-01-23 03:51:23,532 [INFO] Rule:228 - rule FDCAN1_R3 - Alternatepin_1 - if PE1.Mode=FullDuplex, add Pin PB9 is applicable
2025-01-23 03:51:23,532 [INFO] Rule:228 - rule FDCAN1_R3 - Alternatepin_1 - if PE0.Mode=FullDuplex, add Pin PB8 is applicable
2025-01-23 03:51:23,532 [INFO] Rule:228 - rule FDCAN1_R3 - Alternatepin_2 - if PD5.Mode=FullDuplex, add Pin PD1 is applicable
2025-01-23 03:51:23,532 [INFO] Rule:228 - rule FDCAN1_R3 - Alternatepin_2 - if PD4.Mode=FullDuplex, add Pin PD0 is applicable
2025-01-23 03:51:23,532 [INFO] Rule:228 - rule FDCAN1_R4 - Rename Mode FullDuplex into Enable FDCAN_TXFD for pin PA10 is applicable
2025-01-23 03:51:23,532 [INFO] Rule:228 - rule FDCAN1_R4 - Rename Mode FullDuplex into Enable FDCAN_TXFD for pin PA9 is applicable
2025-01-23 03:51:23,532 [INFO] Rule:228 - rule FDCAN1_R4 - Alternatepin_1 - Rename Mode FullDuplex into Enable FDCAN_TXFD for pin PE1 is applicable
2025-01-23 03:51:23,532 [INFO] Rule:228 - rule FDCAN1_R4 - Alternatepin_1 - Rename Mode FullDuplex into Enable FDCAN_TXFD for pin PE0 is applicable
2025-01-23 03:51:23,532 [INFO] Rule:228 - rule FDCAN1_R4 - Alternatepin_2 - Rename Mode FullDuplex into Enable FDCAN_TXFD for pin PD5 is applicable
2025-01-23 03:51:23,533 [INFO] Rule:228 - rule FDCAN1_R4 - Alternatepin_2 - Rename Mode FullDuplex into Enable FDCAN_TXFD for pin PD4 is applicable
2025-01-23 03:51:23,533 [INFO] Rule:228 - rule FDCAN2_R3 - if PD10.Mode=FullDuplex, add Pin PB13 is applicable
2025-01-23 03:51:23,533 [INFO] Rule:228 - rule FDCAN2_R3 - if PD9.Mode=FullDuplex, add Pin PB12 is applicable
2025-01-23 03:51:23,533 [INFO] Rule:228 - rule FDCAN2_R3 - Alternatepin_1 - if PB7.Mode=FullDuplex, add Pin PB6 is applicable
2025-01-23 03:51:23,533 [INFO] Rule:228 - rule FDCAN2_R3 - Alternatepin_1 - if PD9.Mode=FullDuplex, add Pin PB12 is applicable
2025-01-23 03:51:23,533 [INFO] Rule:228 - rule FDCAN2_R4 - Rename Mode FullDuplex into Enable FDCAN_TXFD for pin PD10 is applicable
2025-01-23 03:51:23,533 [INFO] Rule:228 - rule FDCAN2_R4 - Rename Mode FullDuplex into Enable FDCAN_TXFD for pin PD9 is applicable
2025-01-23 03:51:23,533 [INFO] Rule:228 - rule FDCAN2_R4 - Alternatepin_1 - Rename Mode FullDuplex into Enable FDCAN_TXFD for pin PB7 is applicable
2025-01-23 03:51:23,533 [INFO] Rule:228 - rule FDCAN2_R4 - Alternatepin_1 - Rename Mode FullDuplex into Enable FDCAN_TXFD for pin PD6 is applicable
2025-01-23 03:51:23,533 [INFO] Rule:228 - rule USART TxPinLevelInvertParam Mode is applicable
2025-01-23 03:51:23,533 [INFO] Rule:228 - rule USART RxPinLevelInvertParam Mode is applicable
2025-01-23 03:51:23,533 [INFO] Rule:228 - rule USART DataInvertParam Mode is applicable
2025-01-23 03:51:23,533 [INFO] Rule:228 - rule USART SwapParam Mode is applicable
2025-01-23 03:51:23,533 [INFO] Rule:228 - rule USART OverrunDisableParam Mode is applicable
2025-01-23 03:51:23,533 [INFO] Rule:228 - rule USART DMADisableonRxErrorParam Mode is applicable
2025-01-23 03:51:23,533 [INFO] Rule:228 - rule USART MSBFirstParam Mode is applicable
2025-01-23 03:51:23,533 [INFO] Rule:228 - rule Update MwName for USB_DEVICE is applicable
2025-01-23 03:51:23,534 [INFO] Rule:228 - rule Change PWR_Regulator_Voltage_Scale Default Value for RCC  H7 family is applicable
2025-01-23 03:51:23,534 [INFO] Rule:228 - rule UART/USART IPParameter rename Prescaler parameter to ClockPrescaler is applicable
2025-01-23 03:51:23,534 [INFO] Rule:228 - rule UART/USART Prescaler rename Prescaler parameter to ClockPrescaler is applicable
2025-01-23 03:51:23,534 [INFO] Rule:228 - rule TIM1CLockSelection is applicable
2025-01-23 03:51:23,534 [INFO] Rule:228 - rule TIM15CLockSelection is applicable
2025-01-23 03:51:23,534 [INFO] Rule:228 - rule align RCC SDMMC3CLockSelection default value on MP1 is applicable
2025-01-23 03:51:23,534 [INFO] Rule:228 - rule align RCC SDMMC12CLockSelection default value on MP1 is applicable
2025-01-23 03:51:23,534 [INFO] Rule:228 - rule align RCC QSPICLockSelection default value on MP1 is applicable
2025-01-23 03:51:23,534 [INFO] Rule:228 - rule align RCC QSPICLockSelection default value on MP1 is applicable
2025-01-23 03:51:23,534 [INFO] Rule:228 - rule align RCC SPI6CLockSelection default value on MP1 is applicable
2025-01-23 03:51:23,534 [INFO] Rule:228 - rule align RCC LPTIM23CLockSelection default value on MP1 is applicable
2025-01-23 03:51:23,534 [INFO] Rule:228 - rule align RCC LPTIM1CLockSelection default value on MP1 is applicable
2025-01-23 03:51:23,534 [INFO] Rule:228 - rule align RCC USART1CLockSelection default value on MP1 is applicable
2025-01-23 03:51:23,534 [INFO] Rule:228 - rule align RCC USART24CLockSelection default value on MP1 is applicable
2025-01-23 03:51:23,534 [INFO] Rule:228 - rule align RCC USART6CLockSelection default value on MP1 is applicable
2025-01-23 03:51:23,534 [INFO] Rule:228 - rule align RCC UART78CLockSelection default value on MP1 is applicable
2025-01-23 03:51:23,534 [INFO] Rule:228 - rule align RCC USART35CLockSelection default value on MP1 is applicable
2025-01-23 03:51:23,535 [INFO] Rule:228 - rule align RCC SPI45CLockSelection default value on MP1 is applicable
2025-01-23 03:51:23,535 [INFO] Rule:228 - rule align RCC I2C46CLockSelection BCLK value on MP1 is applicable
2025-01-23 03:51:23,535 [INFO] Rule:228 - rule align RCC SPI45CLockSelection default value on MP1 is applicable
2025-01-23 03:51:23,535 [INFO] Rule:228 - rule align RCC I2C12CLockSelection default value on MP1 is applicable
2025-01-23 03:51:23,535 [INFO] Rule:228 - rule align RCC I2C35CLockSelection default value on MP1 is applicable
2025-01-23 03:51:23,535 [INFO] Rule:228 - rule align RCC LPTIM45CLockSelection default value on MP1 is applicable
2025-01-23 03:51:23,535 [INFO] Rule:228 - rule Rename DCMI PIXCK signal is applicable
2025-01-23 03:51:23,535 [INFO] Rule:228 - rule Change Default Value for I2C46CLockSelection MP1 family is applicable
2025-01-23 03:51:23,535 [INFO] Rule:228 - rule Change Default Value for UART for G4, G0 and WB families is applicable
2025-01-23 03:51:23,535 [INFO] Rule:228 - rule Change Default Value for USART for G4, G0 and WB families is applicable
2025-01-23 03:51:23,535 [INFO] Rule:228 - rule Change Default Value for USART for G4 family is applicable
2025-01-23 03:51:23,535 [INFO] Rule:228 - rule Change USART1CLockSelection refparam name for MP1 is applicable
2025-01-23 03:51:23,535 [INFO] Rule:228 - rule Change USART2CLockSelection refparam name for MP1 is applicable
2025-01-23 03:51:23,535 [INFO] Rule:228 - rule Change USART3CLockSelection refparam name for MP1 is applicable
2025-01-23 03:51:23,535 [INFO] Rule:228 - rule Change UART4CLockSelection refparam name for MP1 is applicable
2025-01-23 03:51:23,535 [INFO] Rule:228 - rule Change UART5CLockSelection refparam name for MP1 is applicable
2025-01-23 03:51:23,536 [INFO] Rule:228 - rule Change LPUART1CLockSelection refparam name for MP1 is applicable
2025-01-23 03:51:23,536 [INFO] Rule:228 - rule Change LPTIM1CLockSelection refparam name for MP1 is applicable
2025-01-23 03:51:23,536 [INFO] Rule:228 - rule Change LPTIM2CLockSelection refparam name for MP1 is applicable
2025-01-23 03:51:23,536 [INFO] Rule:228 - rule Change RCC_MCO1Source refparam name for MP1 is applicable
2025-01-23 03:51:23,536 [INFO] Rule:228 - rule Change LSCOSource1 refparam name for MP1 is applicable
2025-01-23 03:51:23,536 [INFO] Rule:228 - rule Change SMPSCLockSelection refparam name for MP1 is applicable
2025-01-23 03:51:23,536 [INFO] Rule:228 - rule Change LPTIM3CLockSelection refparam name for MP1 is applicable
2025-01-23 03:51:23,536 [INFO] Rule:228 - rule Change MPCBB* Default Template Mode to Parameters is applicable
2025-01-23 03:51:23,536 [INFO] Rule:228 - rule Change MPCWM* or MPCBB* Secure Mode to Parameters is applicable
2025-01-23 03:51:23,536 [INFO] Rule:228 - rule Change MPCWM* or MPCBB* No Secure Mode to Parameters is applicable
2025-01-23 03:51:23,536 [INFO] Rule:228 - rule Change TZSC IP Secure Mode to Parameters is applicable
2025-01-23 03:51:23,536 [INFO] Rule:228 - rule Change TZSC IP No Secure Mode to Parameters is applicable
2025-01-23 03:51:23,536 [INFO] Rule:228 - rule Change TZSC IP Privilege Mode to Parameters is applicable
2025-01-23 03:51:23,536 [INFO] Rule:228 - rule Change TZSC IP No Privilege Mode to Parameters is applicable
2025-01-23 03:51:23,536 [INFO] Rule:228 - rule Change TZIC IT Secure Mode to Parameters is applicable
2025-01-23 03:51:23,536 [INFO] Rule:228 - rule Change TZIC IT No Secure Mode to Parameters is applicable
2025-01-23 03:51:23,537 [INFO] Rule:228 - rule Add MPCBB1_NonSecureArea_Start_Address value with referenced to MPCBB1_NonSecureArea_Start value is applicable
2025-01-23 03:51:23,537 [INFO] Rule:228 - rule Add MPCBB2_NonSecureArea_Start_Address value with referenced to MPCBB2_NonSecureArea_Start value is applicable
2025-01-23 03:51:23,537 [INFO] Rule:228 - rule Add MPCWM1_NonSecureArea*_Start_Address value with referenced to MPCWM1_NonSecureArea*_Start value is applicable
2025-01-23 03:51:23,537 [INFO] Rule:228 - rule Add MPCWM2_NonSecureArea*_Start_Address value with referenced to MPCWM2_NonSecureArea*_Start value is applicable
2025-01-23 03:51:23,537 [INFO] Rule:228 - rule Add MPCWM3_NonSecureArea_Start_Address value with referenced to MPCWM3_NonSecureArea_Start value is applicable
2025-01-23 03:51:23,537 [INFO] Rule:228 - rule Change Default Value for PLL1UserDefinedConfig is applicable
2025-01-23 03:51:23,537 [INFO] Rule:228 - rule Change GPIO_PuPd Default Value for USART in async mode is applicable
2025-01-23 03:51:23,537 [INFO] Rule:228 - rule Change SMPSDivider Default Value is applicable
2025-01-23 03:51:23,537 [INFO] Rule:228 - rule OPAMP is applicable
2025-01-23 03:51:23,537 [INFO] Rule:228 - rule LPUART IPParameter rename Prescaler parameter to ClockPrescaler for STM32H7 is applicable
2025-01-23 03:51:23,537 [INFO] Rule:228 - rule LPUART IPParameter rename Prescaler parameter to ClockPrescaler for STM32H7 is applicable
2025-01-23 03:51:23,537 [INFO] Rule:228 - rule LPUART IPParameter rename Prescaler parameter to ClockPrescaler for STM32WB is applicable
2025-01-23 03:51:23,538 [INFO] Rule:228 - rule LPUART IPParameter rename Prescaler parameter to ClockPrescaler for STM32WB is applicable
2025-01-23 03:51:23,538 [INFO] Rule:228 - rule LPUART IPParameter rename Prescaler parameter to ClockPrescaler for STM32G4 is applicable
2025-01-23 03:51:23,538 [INFO] Rule:228 - rule LPUART IPParameter rename Prescaler parameter to ClockPrescaler for STM32G4 is applicable
2025-01-23 03:51:23,538 [INFO] Rule:228 - rule LPUART IPParameter rename Prescaler parameter to ClockPrescaler for STM32L5 is applicable
2025-01-23 03:51:23,538 [INFO] Rule:228 - rule LPUART IPParameter rename Prescaler parameter to ClockPrescaler for STM32L5 is applicable
2025-01-23 03:51:23,538 [INFO] Rule:228 - rule LPUART IPParameter rename Prescaler parameter to ClockPrescaler for STM32G4 is applicable
2025-01-23 03:51:23,538 [INFO] Rule:228 - rule LPUART IPParameter rename Prescaler parameter to ClockPrescaler for STM32G4 is applicable
2025-01-23 03:51:23,538 [INFO] Rule:228 - rule USB device lib V2.5.3 for L0 rename USBD_SUPPORT_USER_STRING parameter to USBD_SUPPORT_USER_STRING_DESC4 is applicable
2025-01-23 03:51:23,538 [INFO] Rule:228 - rule I2SCLockSelection clock entry align is applicable
2025-01-23 03:51:23,538 [INFO] Rule:228 - rule Assign TIMx context if used as SYS timebase is applicable
2025-01-23 03:51:23,538 [INFO] Rule:228 - rule Change GPIO_Pu Default Value for I2C is applicable
2025-01-23 03:51:23,538 [INFO] Rule:228 - rule Change GPIO_Pu Default Value for SMBus is applicable
2025-01-23 03:51:23,538 [INFO] Rule:228 - rule change FDCAN default value is applicable
2025-01-23 03:51:23,538 [INFO] Rule:228 - rule Change mode sai is applicable
2025-01-23 03:51:23,538 [INFO] Rule:228 - rule **Change sai mode is applicable
2025-01-23 03:51:23,539 [INFO] Rule:228 - rule Rename STM32WPAN CFG_BLE_IRK to CFG_BLE_IR is applicable
2025-01-23 03:51:23,539 [INFO] Rule:228 - rule Rename STM32WPAN CFG_BLE_ERK to CFG_BLE_ER is applicable
2025-01-23 03:51:23,539 [INFO] Rule:228 - rule Rename STM32WPAN CFG_BLE_IRK_HEX to CFG_BLE_IR_HEX is applicable
2025-01-23 03:51:23,539 [INFO] Rule:228 - rule Rename STM32WPAN CFG_BLE_ERK_HEX to CFG_BLE_ER_HEX is applicable
2025-01-23 03:51:23,553 [INFO] DbConfProperties:307 - Apply Compatibility (69/297 Rules)
2025-01-23 03:51:23,595 [INFO] ImportTextPane:218 - (OptionalMessage_ERROR) Unable to find key (Mcu.ThirdPartyNb) in loaded IOC file
2025-01-23 03:51:23,859 [INFO] RtosManager:555 - Registered RTOS mode: class=CMSIS, group=RTOS, mode=CMSIS_V1, owner=FREERTOS
2025-01-23 03:51:23,859 [INFO] RtosManager:555 - Registered RTOS mode: class=CMSIS, group=RTOS2, mode=CMSIS_V2, owner=FREERTOS
2025-01-23 03:51:23,859 [INFO] RtosManager:555 - Registered RTOS mode: class=RTOS, group=Core, mode=CMSIS_V1, owner=FREERTOS
2025-01-23 03:51:23,859 [INFO] RtosManager:555 - Registered RTOS mode: class=RTOS, group=Core, mode=CMSIS_V2, owner=FREERTOS
2025-01-23 03:51:23,859 [WARN] ModelIntegratedComponent:184 - Missing modes for component STMicroelectronics:FreeRTOS:0.0.1:STMicroelectronics:RTOS:FreeRTOS:Core:::10.2.0:
2025-01-23 03:51:23,893 [WARN] ModelIntegratedComponent:63 - No mode defined for component null
2025-01-23 03:51:23,893 [WARN] ModelIntegratedComponent:63 - No mode defined for component null
2025-01-23 03:51:23,893 [WARN] ModelIntegratedComponent:63 - No mode defined for component null
2025-01-23 03:51:23,893 [WARN] ModelIntegratedComponent:63 - No mode defined for component null
2025-01-23 03:51:23,893 [WARN] ModelIntegratedComponent:63 - No mode defined for component null
2025-01-23 03:51:23,893 [WARN] ModelIntegratedComponent:63 - No mode defined for component null
2025-01-23 03:51:23,893 [WARN] ModelIntegratedComponent:63 - No mode defined for component null
2025-01-23 03:51:23,893 [WARN] ModelIntegratedComponent:63 - No mode defined for component null
2025-01-23 03:51:23,893 [WARN] ModelIntegratedComponent:63 - No mode defined for component null
2025-01-23 03:51:23,893 [WARN] ModelIntegratedComponent:63 - No mode defined for component null
2025-01-23 03:51:23,893 [WARN] ModelIntegratedComponent:63 - No mode defined for component null
2025-01-23 03:51:23,893 [WARN] ModelIntegratedComponent:63 - No mode defined for component null
2025-01-23 03:51:23,893 [WARN] ModelIntegratedComponent:63 - No mode defined for component null
2025-01-23 03:51:23,893 [WARN] ModelIntegratedComponent:63 - No mode defined for component null
2025-01-23 03:51:23,894 [WARN] ModelIntegratedComponent:63 - No mode defined for component null
2025-01-23 03:51:23,894 [WARN] ModelIntegratedComponent:63 - No mode defined for component null
2025-01-23 03:51:23,894 [WARN] ModelIntegratedComponent:63 - No mode defined for component null
2025-01-23 03:51:23,894 [WARN] ModelIntegratedComponent:63 - No mode defined for component null
2025-01-23 03:51:23,894 [WARN] ModelIntegratedComponent:63 - No mode defined for component null
2025-01-23 03:51:23,894 [WARN] ModelIntegratedComponent:63 - No mode defined for component null
2025-01-23 03:51:23,894 [WARN] ModelIntegratedComponent:63 - No mode defined for component null
2025-01-23 03:51:23,894 [WARN] ModelIntegratedComponent:63 - No mode defined for component null
2025-01-23 03:51:23,894 [WARN] ModelIntegratedComponent:63 - No mode defined for component null
2025-01-23 03:51:23,894 [WARN] ModelIntegratedComponent:63 - No mode defined for component null
2025-01-23 03:51:23,894 [WARN] ModelIntegratedComponent:63 - No mode defined for component null
2025-01-23 03:51:23,894 [WARN] ModelIntegratedComponent:63 - No mode defined for component null
2025-01-23 03:51:23,894 [WARN] ModelIntegratedComponent:63 - No mode defined for component null
2025-01-23 03:51:23,894 [WARN] ModelIntegratedComponent:63 - No mode defined for component null
2025-01-23 03:51:23,894 [WARN] ModelIntegratedComponent:63 - No mode defined for component null
2025-01-23 03:51:23,894 [WARN] ModelIntegratedComponent:63 - No mode defined for component null
2025-01-23 03:51:23,894 [WARN] ModelIntegratedComponent:63 - No mode defined for component null
2025-01-23 03:51:23,894 [WARN] ModelIntegratedComponent:63 - No mode defined for component null
2025-01-23 03:51:23,894 [WARN] ModelIntegratedComponent:63 - No mode defined for component null
2025-01-23 03:51:23,894 [WARN] ModelIntegratedComponent:63 - No mode defined for component null
2025-01-23 03:51:23,894 [WARN] ModelIntegratedComponent:63 - No mode defined for component null
2025-01-23 03:51:23,895 [WARN] ModelPack:524 - Component already loaded: STMicroelectronics:HAL Drivers:0.0.0:STMicroelectronics:Device:STMicro_Driver:XSPI:HAL::0.0.1:HAL_XSPI
2025-01-23 03:51:24,063 [INFO] ThirdPartyModel:298 - Start build external matchings
2025-01-23 03:51:24,638 [INFO] ThirdPartyModel:316 - End build external matchings
2025-01-23 03:51:24,661 [INFO] ImportTextPane:218 - (OptionalMessage_ERROR) IP (RCC) : Invalid parameter (FamilyName)
2025-01-23 03:51:24,987 [INFO] UtilMem:75 - End LoadConfig() Used Memory: 619868752 Bytes (1044381696)
2025-01-23 03:51:25,298 [WARN] ThirdParty:833 - waiting for thirdparty lock release [change project]
2025-01-23 03:51:25,299 [INFO] ThirdParty:835 - entering critical section [change project]
2025-01-23 03:51:25,299 [INFO] ThirdParty:1030 - CMSIS Pack Vendor :STMicroelectronics USBPD 4.1
2025-01-23 03:51:25,299 [INFO] ThirdParty:1030 - CMSIS Pack Vendor :STMicroelectronics X-CUBE-AZRTOS-H7 3.3.0
2025-01-23 03:51:25,299 [INFO] ThirdParty:1030 - CMSIS Pack Vendor :STMicroelectronics X-CUBE-NFC9 1.0.0
2025-01-23 03:51:25,299 [INFO] ThirdParty:1030 - CMSIS Pack Vendor :STMicroelectronics USB_HOST 2.0.0
2025-01-23 03:51:25,299 [INFO] ThirdParty:1030 - CMSIS Pack Vendor :STMicroelectronics FP-SNS-MOTENVWB1 1.4.0
2025-01-23 03:51:25,299 [INFO] ThirdParty:1030 - CMSIS Pack Vendor :STMicroelectronics X-CUBE-AZRTOS-F4 1.1.0
2025-01-23 03:51:25,299 [INFO] ThirdParty:1030 - CMSIS Pack Vendor :STMicroelectronics LIBJPEG 8.0.0
2025-01-23 03:51:25,299 [INFO] ThirdParty:1030 - CMSIS Pack Vendor :STMicroelectronics FP-ATR-ASTRA1 2.0.1
2025-01-23 03:51:25,299 [INFO] ThirdParty:1030 - CMSIS Pack Vendor :STMicroelectronics X-CUBE-SMBUS 2.1.0
2025-01-23 03:51:25,299 [INFO] ThirdParty:1030 - CMSIS Pack Vendor :STMicroelectronics X-CUBE-WB05N 1.1.0
2025-01-23 03:51:25,299 [INFO] ThirdParty:1030 - CMSIS Pack Vendor :STMicroelectronics USB_DEVICE 3.0.0
2025-01-23 03:51:25,299 [INFO] ThirdParty:1030 - CMSIS Pack Vendor :STMicroelectronics X-CUBE-ISPU 2.1.0
2025-01-23 03:51:25,299 [INFO] ThirdParty:1030 - CMSIS Pack Vendor :STMicroelectronics X-CUBE-IPS 3.0.0
2025-01-23 03:51:25,299 [INFO] ThirdParty:1030 - CMSIS Pack Vendor :STMicroelectronics X-CUBE-AZRTOS-WB 2.0.0
2025-01-23 03:51:25,299 [INFO] ThirdParty:1030 - CMSIS Pack Vendor :STMicroelectronics X-CUBE-GNSS1 7.0.1
2025-01-23 03:51:25,299 [INFO] ThirdParty:1030 - CMSIS Pack Vendor :STMicroelectronics X-CUBE-AZRTOS-F7 1.1.0
2025-01-23 03:51:25,299 [INFO] ThirdParty:1030 - CMSIS Pack Vendor :STMicroelectronics X-CUBE-AZRTOS-L5 2.0.0
2025-01-23 03:51:25,299 [INFO] ThirdParty:1030 - CMSIS Pack Vendor :STMicroelectronics USB_DEVICE 2.0.0
2025-01-23 03:51:25,300 [INFO] ThirdParty:1030 - CMSIS Pack Vendor :STMicroelectronics X-CUBE-NFC6 3.1.0
2025-01-23 03:51:25,300 [INFO] ThirdParty:1030 - CMSIS Pack Vendor :STMicroelectronics FP-SNS-STBOX1 2.0.0
2025-01-23 03:51:25,300 [INFO] ThirdParty:1030 - CMSIS Pack Vendor :STMicroelectronics FreeRTOS 0.0.1
2025-01-23 03:51:25,300 [INFO] ThirdParty:1030 - CMSIS Pack Vendor :STMicroelectronics X-CUBE-AZRTOS-G0 1.1.0
2025-01-23 03:51:25,300 [INFO] ThirdParty:1030 - CMSIS Pack Vendor :STMicroelectronics X-CUBE-SAFEA1 1.2.2
2025-01-23 03:51:25,300 [INFO] ThirdParty:1030 - CMSIS Pack Vendor :STMicroelectronics X-CUBE-NFC4 3.0.0
2025-01-23 03:51:25,300 [INFO] ThirdParty:1030 - CMSIS Pack Vendor :STMicroelectronics X-CUBE-DPower 1.2.0
2025-01-23 03:51:25,300 [INFO] ThirdParty:1030 - CMSIS Pack Vendor :STMicroelectronics X-CUBE-SUBG2 5.0.0
2025-01-23 03:51:25,300 [INFO] ThirdParty:1030 - CMSIS Pack Vendor :STMicroelectronics STM32_WPAN 1.0.0
2025-01-23 03:51:25,300 [INFO] ThirdParty:1030 - CMSIS Pack Vendor :EmbeddedOffice I-CUBE-FS-RTOS 1.0.1
2025-01-23 03:51:25,300 [INFO] ThirdParty:1030 - CMSIS Pack Vendor :STMicroelectronics lwIP 2.0.3
2025-01-23 03:51:25,300 [INFO] ThirdParty:1030 - CMSIS Pack Vendor :STMicroelectronics FP-SNS-FLIGHT1 5.0.2
2025-01-23 03:51:25,300 [INFO] ThirdParty:1030 - CMSIS Pack Vendor :Cesanta I-CUBE-Mongoose 7.13.0
2025-01-23 03:51:25,300 [INFO] ThirdParty:1030 - CMSIS Pack Vendor :STMicroelectronics USB_HOST 1.0.0
2025-01-23 03:51:25,300 [INFO] ThirdParty:1030 - CMSIS Pack Vendor :Infineon AIROC-Wi-Fi-Bluetooth-STM32 1.7.0
2025-01-23 03:51:25,300 [INFO] ThirdParty:1030 - CMSIS Pack Vendor :STMicroelectronics X-CUBE-AZRTOS-G4 2.0.0
2025-01-23 03:51:25,300 [INFO] ThirdParty:1030 - CMSIS Pack Vendor :STMicroelectronics PDM2PCM 3.1.0
2025-01-23 03:51:25,300 [INFO] ThirdParty:1030 - CMSIS Pack Vendor :STMicroelectronics PDM2PCM 3.3.0
2025-01-23 03:51:25,300 [INFO] ThirdParty:1030 - CMSIS Pack Vendor :STMicroelectronics X-CUBE-DISPLAY 3.0.0
2025-01-23 03:51:25,300 [INFO] ThirdParty:1030 - CMSIS Pack Vendor :STMicroelectronics X-CUBE-TCPP 4.2.0
2025-01-23 03:51:25,300 [INFO] ThirdParty:1030 - CMSIS Pack Vendor :RealThread X-CUBE-RT-Thread_Nano 4.1.1
2025-01-23 03:51:25,300 [INFO] ThirdParty:1030 - CMSIS Pack Vendor :STMicroelectronics X-CUBE-BLE1 7.0.0
2025-01-23 03:51:25,300 [INFO] ThirdParty:1030 - CMSIS Pack Vendor :STMicroelectronics FP-ATR-SIGFOX1 3.2.0
2025-01-23 03:51:25,300 [INFO] ThirdParty:1030 - CMSIS Pack Vendor :STMicroelectronics X-CUBE-NFC10 1.0.0
2025-01-23 03:51:25,300 [INFO] ThirdParty:1030 - CMSIS Pack Vendor :quantropi X-CUBE-qispace-sdk-base 1.9.3
2025-01-23 03:51:25,300 [INFO] ThirdParty:1030 - CMSIS Pack Vendor :STMicroelectronics X-CUBE-BLEMGR 4.0.0
2025-01-23 03:51:25,300 [INFO] ThirdParty:1030 - CMSIS Pack Vendor :STMicroelectronics X-CUBE-EEPRMA1 5.1.0
2025-01-23 03:51:25,300 [INFO] ThirdParty:1030 - CMSIS Pack Vendor :STMicroelectronics HAL Drivers 0.0.0
2025-01-23 03:51:25,300 [INFO] ThirdParty:1030 - CMSIS Pack Vendor :STMicroelectronics MBEDTLS 2.16.2
2025-01-23 03:51:25,300 [INFO] ThirdParty:1030 - CMSIS Pack Vendor :STMicroelectronics X-CUBE-IPS 3.1.0
2025-01-23 03:51:25,300 [INFO] ThirdParty:1030 - CMSIS Pack Vendor :STMicroelectronics X-CUBE-ALS 1.0.2
2025-01-23 03:51:25,300 [INFO] ThirdParty:1030 - CMSIS Pack Vendor :emotas I-CUBE-CANOPEN 1.3.0
2025-01-23 03:51:25,300 [INFO] ThirdParty:1030 - CMSIS Pack Vendor :STMicroelectronics X-CUBE-FREERTOS 1.3.0
2025-01-23 03:51:25,300 [INFO] ThirdParty:1030 - CMSIS Pack Vendor :wolfSSL I-CUBE-wolfSSL 5.7.4
2025-01-23 03:51:25,300 [INFO] ThirdParty:1030 - CMSIS Pack Vendor :STMicroelectronics X-CUBE-NFC7 1.0.1
2025-01-23 03:51:25,300 [INFO] ThirdParty:1030 - CMSIS Pack Vendor :STMicroelectronics MBEDTLS 2.14.1
2025-01-23 03:51:25,300 [INFO] ThirdParty:1030 - CMSIS Pack Vendor :ITTIA_DB I-CUBE-ITTIADB 8.9.0
2025-01-23 03:51:25,301 [INFO] ThirdParty:1030 - CMSIS Pack Vendor :STMicroelectronics X-CUBE-TOUCHGFX 4.24.2
2025-01-23 03:51:25,301 [INFO] ThirdParty:1030 - CMSIS Pack Vendor :STMicroelectronics X-CUBE-TOUCHGFX 4.24.1
2025-01-23 03:51:25,301 [INFO] ThirdParty:1030 - CMSIS Pack Vendor :wolfSSL I-CUBE-wolfTPM 3.4.0
2025-01-23 03:51:25,301 [INFO] ThirdParty:1030 - CMSIS Pack Vendor :portGmbH I-Cube-SoM-uGOAL 1.1.0
2025-01-23 03:51:25,301 [INFO] ThirdParty:1030 - CMSIS Pack Vendor :STMicroelectronics X-CUBE-AI 10.0.0
2025-01-23 03:51:25,301 [INFO] ThirdParty:1030 - CMSIS Pack Vendor :STMicroelectronics ThreadX 1.0.0
2025-01-23 03:51:25,301 [INFO] ThirdParty:1030 - CMSIS Pack Vendor :STMicroelectronics FP-SNS-SMARTAG2 1.2.0
2025-01-23 03:51:25,301 [INFO] ThirdParty:1030 - CMSIS Pack Vendor :STMicroelectronics X-CUBE-MEMS1 11.1.0
2025-01-23 03:51:25,301 [INFO] ThirdParty:1030 - CMSIS Pack Vendor :STMicroelectronics X-CUBE-AZRTOS-WL 2.0.0
2025-01-23 03:51:25,301 [INFO] ThirdParty:1030 - CMSIS Pack Vendor :SEGGER I-CUBE-embOS 1.3.1
2025-01-23 03:51:25,301 [INFO] ThirdParty:1030 - CMSIS Pack Vendor :STMicroelectronics X-CUBE-ALGOBUILD 1.4.0
2025-01-23 03:51:25,301 [INFO] ThirdParty:1030 - CMSIS Pack Vendor :STMicroelectronics FP-SNS-MOTENV1 5.0.0
2025-01-23 03:51:25,301 [INFO] ThirdParty:1030 - CMSIS Pack Vendor :STMicroelectronics USB_DEVICE 1.0.0
2025-01-23 03:51:25,301 [INFO] ThirdParty:1030 - CMSIS Pack Vendor :STMicroelectronics X-CUBE-AZRTOS-H7RS 1.0.0
2025-01-23 03:51:25,301 [INFO] ThirdParty:1030 - CMSIS Pack Vendor :wolfSSL I-CUBE-wolfMQTT 1.19.0
2025-01-23 03:51:25,301 [INFO] ThirdParty:1030 - CMSIS Pack Vendor :STMicroelectronics X-CUBE-AZRTOS-L4 2.0.0
2025-01-23 03:51:25,301 [INFO] ThirdParty:1030 - CMSIS Pack Vendor :STMicroelectronics ThreadX 0.0.2
2025-01-23 03:51:25,301 [INFO] ThirdParty:1030 - CMSIS Pack Vendor :WES I-CUBE-Cesium 1.3.0
2025-01-23 03:51:25,301 [INFO] ThirdParty:1030 - CMSIS Pack Vendor :STMicroelectronics lwIP 2.1.2
2025-01-23 03:51:25,301 [INFO] ThirdParty:1030 - CMSIS Pack Vendor :STMicroelectronics X-CUBE-SFXS2LP1 4.0.0
2025-01-23 03:51:25,301 [INFO] ThirdParty:1030 - CMSIS Pack Vendor :STMicroelectronics X-CUBE-BLE2 3.3.0
2025-01-23 03:51:25,301 [INFO] ThirdParty:1030 - CMSIS Pack Vendor :STMicroelectronics X-CUBE-TOF1 3.4.2
2025-01-23 03:51:25,301 [INFO] ThirdParty:1030 - CMSIS Pack Vendor :STMicroelectronics X-CUBE-AI 9.1.0
2025-01-23 03:51:25,301 [INFO] ThirdParty:1030 - CMSIS Pack Vendor :STMicroelectronics PDM2PCM 3.2.0
2025-01-23 03:51:25,302 [INFO] ThirdParty:1030 - CMSIS Pack Vendor :wolfSSL I-CUBE-wolfSSH 1.4.17
2025-01-23 03:51:25,302 [INFO] ThirdParty:841 - exiting critical section [change project]
2025-01-23 03:51:25,700 [INFO] PinOutPanel:1589 - setPackage(No Configuration,No Configuration)
2025-01-23 03:51:25,702 [INFO] PinOutPanel:1589 - setPackage(STM32F030R8Tx,LQFP64)
2025-01-23 03:51:26,616 [INFO] UtilMem:75 - Before build in PCC Used Memory: 612821496 Bytes (1044381696)
2025-01-23 03:51:28,237 [INFO] UtilMem:75 - After build in PCC Used Memory: 793176464 Bytes (1044381696)
2025-01-23 03:51:28,291 [INFO] IPUIPlugin:80 - create IPUIPlugin
2025-01-23 03:51:28,291 [INFO] IPUIPlugin:80 - create IPUIPlugin
2025-01-23 03:51:28,292 [INFO] IPUIPlugin:80 - create IPUIPlugin
2025-01-23 03:51:28,292 [INFO] IPUIPlugin:80 - create IPUIPlugin
2025-01-23 03:51:28,292 [INFO] IPUIPlugin:80 - create IPUIPlugin
2025-01-23 03:51:28,292 [INFO] IPUIPlugin:80 - create IPUIPlugin
2025-01-23 03:51:28,292 [INFO] IPUIPlugin:80 - create IPUIPlugin
2025-01-23 03:51:28,293 [INFO] IPUIPlugin:80 - create IPUIPlugin
2025-01-23 03:51:28,293 [INFO] IPUIPlugin:80 - create IPUIPlugin
2025-01-23 03:51:28,293 [INFO] IPUIPlugin:80 - create IPUIPlugin
2025-01-23 03:51:28,293 [INFO] IPUIPlugin:80 - create IPUIPlugin
2025-01-23 03:51:28,293 [INFO] IPUIPlugin:80 - create IPUIPlugin
2025-01-23 03:51:28,294 [INFO] IPUIPlugin:80 - create IPUIPlugin
2025-01-23 03:51:28,294 [INFO] IPUIPlugin:80 - create IPUIPlugin
2025-01-23 03:51:28,294 [INFO] IPUIPlugin:80 - create IPUIPlugin
2025-01-23 03:51:28,294 [INFO] IPUIPlugin:80 - create IPUIPlugin
2025-01-23 03:51:28,294 [INFO] IPUIPlugin:80 - create IPUIPlugin
2025-01-23 03:51:28,295 [INFO] IPUIPlugin:80 - create IPUIPlugin
2025-01-23 03:51:28,295 [INFO] IPUIPlugin:80 - create IPUIPlugin
2025-01-23 03:51:28,295 [INFO] IPUIPlugin:80 - create IPUIPlugin
2025-01-23 03:51:28,295 [INFO] IPUIPlugin:80 - create IPUIPlugin
2025-01-23 03:51:28,295 [INFO] IPUIPlugin:80 - create IPUIPlugin
2025-01-23 03:51:28,298 [INFO] IPUIPlugin:80 - create IPUIPlugin
2025-01-23 03:51:28,298 [INFO] IPUIPlugin:80 - create IPUIPlugin
2025-01-23 03:51:28,299 [INFO] IPUIPlugin:80 - create IPUIPlugin
2025-01-23 03:51:28,299 [INFO] IPUIPlugin:80 - create IPUIPlugin
2025-01-23 03:51:29,062 [INFO] CADModel:165 - CPN selected for project levelSTM32F030R8T6
2025-01-23 03:51:29,063 [INFO] CADModel:114 - Register for checkConnection events
2025-01-23 03:51:29,101 [INFO] OpenFileManager:363 - Restore cursor
2025-01-23 03:51:30,182 [INFO] UtilMem:75 - End SaveConfig() Used Memory: 505581584 Bytes (1044381696)
2025-01-23 03:51:30,252 [INFO] UtilMem:75 - End SaveConfig() Used Memory: 517391688 Bytes (1044381696)
2025-01-23 03:51:31,506 [INFO] BlockDiagram:2766 - set Specific Code input for plugin: NVIC
2025-01-23 03:51:31,506 [INFO] BlockDiagram:2766 - set Specific Code input for plugin: USART
2025-01-23 03:51:31,506 [INFO] BlockDiagram:2766 - set Specific Code input for plugin: SYS
2025-01-23 03:51:31,506 [INFO] BlockDiagram:2766 - set Specific Code input for plugin: GPIO
2025-01-23 03:51:31,506 [INFO] BlockDiagram:2766 - set Specific Code input for plugin: RCC
2025-01-23 03:51:31,553 [INFO] CodeGenerator:896 - code generatio: config db path: /opt/st/stm32cubeide_1.17.0/plugins/com.st.stm32cube.common.mx_6.13.0.202411220809//db/
2025-01-23 03:51:33,485 [INFO] CodeEngine:255 - oldGeneratedFile, /home/scott/STM32CubeIDE/BareMetalC_Problems_AND_Exercises/example_01/MXTmpFiles/license.tmp_save
2025-01-23 03:51:34,425 [INFO] CodeEngine:279 - Generated code: /home/scott/STM32CubeIDE/BareMetalC_Problems_AND_Exercises/example_01/MXTmpFiles/license.tmp
2025-01-23 03:51:34,703 [INFO] CodeEngine:255 - oldGeneratedFile, /home/scott/STM32CubeIDE/BareMetalC_Problems_AND_Exercises/example_01/MXTmpFiles/gpio.tmp_save
2025-01-23 03:51:34,873 [INFO] CodeEngine:279 - Generated code: /home/scott/STM32CubeIDE/BareMetalC_Problems_AND_Exercises/example_01/MXTmpFiles/gpio.tmp
2025-01-23 03:51:35,169 [INFO] CodeEngine:255 - oldGeneratedFile, /home/scott/STM32CubeIDE/BareMetalC_Problems_AND_Exercises/example_01/Core/Src/stm32f0xx_it.c_save
2025-01-23 03:51:35,342 [INFO] CodeEngine:279 - Generated code: /home/scott/STM32CubeIDE/BareMetalC_Problems_AND_Exercises/example_01/Core/Src/stm32f0xx_it.c
2025-01-23 03:51:35,344 [INFO] CodeEngine:255 - oldGeneratedFile, /home/scott/STM32CubeIDE/BareMetalC_Problems_AND_Exercises/example_01/Core/Inc/stm32f0xx_it.h_save
2025-01-23 03:51:35,442 [INFO] CodeEngine:279 - Generated code: /home/scott/STM32CubeIDE/BareMetalC_Problems_AND_Exercises/example_01/Core/Inc/stm32f0xx_it.h
2025-01-23 03:51:35,472 [INFO] CodeEngine:255 - oldGeneratedFile, /home/scott/STM32CubeIDE/BareMetalC_Problems_AND_Exercises/example_01/Core/Src/stm32f0xx_hal_msp.c_save
2025-01-23 03:51:35,686 [INFO] CodeEngine:279 - Generated code: /home/scott/STM32CubeIDE/BareMetalC_Problems_AND_Exercises/example_01/Core/Src/stm32f0xx_hal_msp.c
2025-01-23 03:51:35,697 [INFO] CodeEngine:255 - oldGeneratedFile, /home/scott/STM32CubeIDE/BareMetalC_Problems_AND_Exercises/example_01/MXTmpFiles/system.tmp_save
2025-01-23 03:51:35,818 [INFO] CodeEngine:279 - Generated code: /home/scott/STM32CubeIDE/BareMetalC_Problems_AND_Exercises/example_01/MXTmpFiles/system.tmp
2025-01-23 03:51:35,826 [INFO] CodeEngine:311 - oldGeneratedFile, /home/scott/STM32CubeIDE/BareMetalC_Problems_AND_Exercises/example_01/Core/Inc/stm32f0xx_hal_conf.h_save
2025-01-23 03:51:35,956 [INFO] CodeEngine:335 - Generated code: /home/scott/STM32CubeIDE/BareMetalC_Problems_AND_Exercises/example_01/Core/Inc/stm32f0xx_hal_conf.h
2025-01-23 03:51:36,041 [INFO] ApiDbMcu:508 - Load IP Config File for USART2
2025-01-23 03:51:36,046 [INFO] ApiDbMcu:508 - Load IP Config File for RCC
2025-01-23 03:51:36,052 [INFO] CodeEngine:255 - oldGeneratedFile, /home/scott/STM32CubeIDE/BareMetalC_Problems_AND_Exercises/example_01/Core/Inc/main.h_save
2025-01-23 03:51:36,176 [INFO] CodeEngine:279 - Generated code: /home/scott/STM32CubeIDE/BareMetalC_Problems_AND_Exercises/example_01/Core/Inc/main.h
2025-01-23 03:51:36,191 [INFO] CodeEngine:255 - oldGeneratedFile, /home/scott/STM32CubeIDE/BareMetalC_Problems_AND_Exercises/example_01/Core/Src/main.c_save
2025-01-23 03:51:36,361 [INFO] CodeEngine:279 - Generated code: /home/scott/STM32CubeIDE/BareMetalC_Problems_AND_Exercises/example_01/Core/Src/main.c
2025-01-23 03:51:37,401 [INFO] ProjectBuilder:3289 - Time for Copy HAL[1] : 793mS.
2025-01-23 03:51:37,436 [INFO] ProjectBuilder:4876 - Project Generator version: 4.5.0-RC5
2025-01-23 03:51:37,574 [INFO] ConfigFileManager:1579 - The Die is : DIE440
2025-01-23 03:51:37,613 [INFO] ApiDbMcu:508 - Load IP Config File for FATFS
2025-01-23 03:51:37,627 [INFO] ApiDbMcu:508 - Load IP Config File for FREERTOS
2025-01-23 03:51:38,668 [INFO] LogOutputStream:77 - [STDOUT_REDIRECT] 
2025-01-23 03:51:40,285 [ERROR] :77 - Build setup internal error. Build setup process issue. Configuration 'Debug' : Cannot invoke "org.eclipse.cdt.managedbuilder.core.IConfiguration.getBuildProperties()" because the return value of "org.eclipse.cdt.managedbuilder.core.ManagedBuildManager.getConfigurationForDescription(org.eclipse.cdt.core.settings.model.ICConfigurationDescription)" is null
2025-01-23 03:51:40,285 [ERROR] :60 - Fail to access to Cube scratch file: /home/scott/STM32CubeIDE/BareMetalC_Problems_AND_Exercises/example_01/mx.scratch
2025-01-23 03:51:40,286 [INFO] ProjectBuilder:5154 - Time for Generating toolchain IDE Files: 2849mS.
2025-01-23 03:51:40,288 [INFO] ProjectBuilder:3146 - Time for Copy CMSIS : 1mS.
2025-01-23 03:51:40,288 [INFO] ProjectBuilder:3146 - Time for Copy CMSIS : 0mS.
2025-01-23 03:51:51,557 [INFO] McuFinderGlobals:76 - Set McuFinderConnectedMode to true
2025-01-23 03:51:51,561 [INFO] ApiDb:448 - Save user favorites file /home/scott/.stm32cubeide/favorites.mcus.txt: 0 item(s)
2025-01-23 03:51:51,562 [INFO] ApiDb:452 - User favorites MCUs=[]
2025-01-23 03:51:51,563 [INFO] ApiDb:448 - Save user favorites file /home/scott/.stm32cubeide/favorites.boards.txt: 0 item(s)
2025-01-23 03:51:51,564 [INFO] ApiDb:452 - User favorites Boards=[]
2025-01-23 03:53:22,907 [INFO] MainUpdater:2872 - connection check result : 10
2025-01-23 03:53:22,994 [INFO] McuFinderGlobals:76 - Set McuFinderConnectedMode to true
2025-01-23 03:53:22,994 [INFO] MultiScanPanel:200 - Auto-refresh data requested => check proxy status ongoing
2025-01-23 03:53:22,995 [INFO] FinderPluginLoader:95 - Searching for filters in installed packs
2025-01-23 03:53:25,063 [INFO] LoadUrlFilesThread:185 - End of LoadServerUrlFiles without Thread
2025-01-23 03:53:25,063 [INFO] DetailPanel:341 - Set advertising image to /home/scott/STM32Cube/Repository//en.prom-stm32n6-mcu-finder.png
2025-01-23 03:53:29,030 [INFO] MultiScanPanel:200 - Auto-refresh data requested => check proxy status ongoing
2025-01-23 03:53:29,102 [INFO] LoadUrlFilesThread:185 - End of LoadServerUrlFiles without Thread
2025-01-23 03:53:29,102 [INFO] DetailPanel:341 - Set advertising image to /home/scott/STM32Cube/Repository//en.prom-stm32n6-mcu-finder.png
2025-01-23 03:54:03,640 [INFO] McuFinderGlobals:76 - Set McuFinderConnectedMode to true
2025-01-23 03:54:04,168 [INFO] ApiDb:448 - Save user favorites file /home/scott/.stm32cubeide/favorites.mcus.txt: 0 item(s)
2025-01-23 03:54:04,168 [INFO] ApiDb:452 - User favorites MCUs=[]
2025-01-23 03:54:04,169 [INFO] ApiDb:448 - Save user favorites file /home/scott/.stm32cubeide/favorites.boards.txt: 0 item(s)
2025-01-23 03:54:04,170 [INFO] ApiDb:452 - User favorites Boards=[]
2025-01-23 03:54:18,013 [ERROR] LogOutputStream:75 - [STDERR_REDIRECT] 
2025-01-23 03:56:17,920 [INFO] Activator:176 - 


2025-01-23 03:56:17,922 [INFO] Activator:177 - !SESSION log4j initialized
2025-01-23 03:56:23,783 [INFO] LogOutputStream:77 - [STDOUT_REDIRECT] 
2025-01-23 03:56:25,084 [INFO] ApplicationProperties:184 - Using Application install path: /opt/st/stm32cubeide_1.17.0/plugins/com.st.stm32cube.common.mx_6.13.0.202411220809
2025-01-23 03:56:25,128 [INFO] DbMcusXml:78 - Set database path to: /opt/st/stm32cubeide_1.17.0/plugins/com.st.stm32cube.common.mx_6.13.0.202411220809//db//mcu/
2025-01-23 03:56:25,128 [INFO] ApiDb:274 - Set plugin database path to: /opt/st/stm32cubeide_1.17.0/plugins/com.st.stm32cube.common.mx_6.13.0.202411220809//db//plugins/boardmanager/
2025-01-23 03:56:25,128 [WARN] ApiDb:259 - Overriding images path with different value:  => /opt/st/stm32cubeide_1.17.0/plugins/com.st.stm32cube.common.mx_6.13.0.202411220809//db//plugins/mcufinder/images/
2025-01-23 03:56:25,185 [INFO] ApiDb:250 - Set database path to: /home/scott/.stmcufinder/plugins/mcufinder//mcu/
2025-01-23 03:56:25,189 [INFO] DbMcusAds:125 - Set database path to: /home/scott/.stmcufinder/plugins/mcufinder//mcu/
2025-01-23 03:56:25,195 [INFO] CrossReferenceDbSqlite:203 - Set database path to: /home/scott/.stmcufinder/plugins/mcufinder//mcu/cs/
2025-01-23 03:56:25,373 [INFO] RulesReader:64 - Compatibility file has been processed (297 Rules)
2025-01-23 03:56:25,555 [INFO] DbMcusXml:78 - Set database path to: /opt/st/stm32cubeide_1.17.0/plugins/com.st.stm32cube.common.mx_6.13.0.202411220809//db//mcu/
2025-01-23 03:56:25,556 [INFO] ApiDb:274 - Set plugin database path to: /opt/st/stm32cubeide_1.17.0/plugins/com.st.stm32cube.common.mx_6.13.0.202411220809//db//plugins/boardmanager/
2025-01-23 03:56:25,556 [INFO] ApiDb:261 - Set plugin images path to: /opt/st/stm32cubeide_1.17.0/plugins/com.st.stm32cube.common.mx_6.13.0.202411220809//db//plugins/mcufinder/images/
2025-01-23 03:56:25,556 [WARN] DbFile:41 - Overriding database path with different value: /home/scott/.stmcufinder/plugins/mcufinder/ => /home/scott/.stmcufinder/plugins/mcufinder
2025-01-23 03:56:25,557 [INFO] ApiDb:250 - Set database path to: /home/scott/.stmcufinder/plugins/mcufinder//mcu/
2025-01-23 03:56:25,557 [WARN] DbFile:41 - Overriding database path with different value: /home/scott/.stmcufinder/plugins/mcufinder/ => /home/scott/.stmcufinder/plugins/mcufinder
2025-01-23 03:56:25,557 [INFO] DbMcusAds:125 - Set database path to: /home/scott/.stmcufinder/plugins/mcufinder//mcu/
2025-01-23 03:56:25,557 [WARN] DbFile:41 - Overriding database path with different value: /home/scott/.stmcufinder/plugins/mcufinder/ => /home/scott/.stmcufinder/plugins/mcufinder
2025-01-23 03:56:25,557 [WARN] DbFile:41 - Overriding database path with different value: /home/scott/.stmcufinder/plugins/mcufinder/ => /home/scott/.stmcufinder/plugins/mcufinder
2025-01-23 03:56:25,557 [INFO] CrossReferenceDbSqlite:203 - Set database path to: /home/scott/.stmcufinder/plugins/mcufinder//mcu/cs/
2025-01-23 03:56:25,751 [INFO] MainPanel:272 - HeapMemory: 268435456
2025-01-23 03:56:26,107 [INFO] DbMcusXml:78 - Set database path to: /opt/st/stm32cubeide_1.17.0/plugins/com.st.stm32cube.common.mx_6.13.0.202411220809//db//mcu/
2025-01-23 03:56:26,107 [INFO] ApiDb:274 - Set plugin database path to: /opt/st/stm32cubeide_1.17.0/plugins/com.st.stm32cube.common.mx_6.13.0.202411220809//db//plugins/boardmanager/
2025-01-23 03:56:26,107 [INFO] ApiDb:261 - Set plugin images path to: /opt/st/stm32cubeide_1.17.0/plugins/com.st.stm32cube.common.mx_6.13.0.202411220809//db//plugins/mcufinder/images/
2025-01-23 03:56:26,107 [WARN] DbFile:41 - Overriding database path with different value: /home/scott/.stmcufinder/plugins/mcufinder/ => /home/scott/.stmcufinder/plugins/mcufinder
2025-01-23 03:56:26,108 [INFO] ApiDb:250 - Set database path to: /home/scott/.stmcufinder/plugins/mcufinder//mcu/
2025-01-23 03:56:26,108 [WARN] DbFile:41 - Overriding database path with different value: /home/scott/.stmcufinder/plugins/mcufinder/ => /home/scott/.stmcufinder/plugins/mcufinder
2025-01-23 03:56:26,108 [INFO] DbMcusAds:125 - Set database path to: /home/scott/.stmcufinder/plugins/mcufinder//mcu/
2025-01-23 03:56:26,108 [WARN] DbFile:41 - Overriding database path with different value: /home/scott/.stmcufinder/plugins/mcufinder/ => /home/scott/.stmcufinder/plugins/mcufinder
2025-01-23 03:56:26,108 [WARN] DbFile:41 - Overriding database path with different value: /home/scott/.stmcufinder/plugins/mcufinder/ => /home/scott/.stmcufinder/plugins/mcufinder
2025-01-23 03:56:26,108 [INFO] CrossReferenceDbSqlite:203 - Set database path to: /home/scott/.stmcufinder/plugins/mcufinder//mcu/cs/
2025-01-23 03:56:26,130 [INFO] ApplicationProperties:184 - Using Application install path: /opt/st/stm32cubeide_1.17.0/plugins/com.st.stm32cube.common.mx_6.13.0.202411220809
2025-01-23 03:56:26,133 [INFO] PluginManage:196 - Search for loadable plugins [exclusion list=, ]
2025-01-23 03:56:26,135 [INFO] PluginManage:310 - Check plugin analytics
2025-01-23 03:56:26,443 [INFO] AnalyticsPlugin:253 - Accepted Software Licenses: STM32CubeMX.6.13.0
2025-01-23 03:56:26,443 [INFO] AnalyticsPlugin:255 - Accepted CMSIS Pack Licenses: 
2025-01-23 03:56:26,443 [INFO] AnalyticsPlugin:257 - Accepted Firmware Licenses: 
2025-01-23 03:56:26,446 [INFO] PluginManage:359 - Loaded plugin analytics (category:tool,tabindex:-1)
2025-01-23 03:56:26,446 [INFO] PluginManage:310 - Check plugin cadmodel
2025-01-23 03:56:26,482 [INFO] CADModel:105 - Init CAD model plugin
2025-01-23 03:56:26,483 [INFO] PluginManage:359 - Loaded plugin cadmodel (category:power,tabindex:5)
2025-01-23 03:56:26,483 [INFO] PluginManage:310 - Check plugin clock
2025-01-23 03:56:26,505 [INFO] PluginManage:359 - Loaded plugin clock (category:base,tabindex:2)
2025-01-23 03:56:26,505 [INFO] PluginManage:310 - Check plugin ddr
2025-01-23 03:56:26,527 [INFO] PluginManage:359 - Loaded plugin ddr (category:tool,tabindex:6)
2025-01-23 03:56:26,528 [INFO] PluginManage:310 - Check plugin filemanager
2025-01-23 03:56:26,838 [INFO] PluginManage:359 - Loaded plugin filemanager (category:base,tabindex:10)
2025-01-23 03:56:26,838 [INFO] PluginManage:310 - Check plugin ipmanager
2025-01-23 03:56:26,865 [INFO] PluginManage:359 - Loaded plugin ipmanager (category:base,tabindex:5)
2025-01-23 03:56:26,865 [INFO] PluginManage:310 - Check plugin lpbam
2025-01-23 03:56:26,912 [INFO] PluginManage:359 - Loaded plugin lpbam (category:base,tabindex:0)
2025-01-23 03:56:26,912 [INFO] PluginManage:310 - Check plugin memorymap
2025-01-23 03:56:26,963 [INFO] PluginManage:359 - Loaded plugin memorymap (category:base,tabindex:4)
2025-01-23 03:56:26,963 [INFO] PluginManage:310 - Check plugin pinoutandconfiguration
2025-01-23 03:56:26,991 [INFO] PluginManage:359 - Loaded plugin pinoutandconfiguration (category:base,tabindex:1)
2025-01-23 03:56:26,991 [INFO] PluginManage:310 - Check plugin pinoutconfig
2025-01-23 03:56:27,163 [WARN] SupportedApi:132 - Cannot load RTOS API schema: s4s-elt-must-match.1: The content of 'definitions' must match (annotation?, (simpleType | complexType)?, (unique | key | keyref)*)). A problem was found starting at: attribute.
2025-01-23 03:56:27,298 [INFO] PluginManage:359 - Loaded plugin pinoutconfig (category:base,tabindex:0)
2025-01-23 03:56:27,298 [INFO] PluginManage:310 - Check plugin power
2025-01-23 03:56:27,307 [INFO] PluginManage:359 - Loaded plugin power (category:power,tabindex:4)
2025-01-23 03:56:27,307 [INFO] PluginManage:310 - Check plugin projectmanager
2025-01-23 03:56:27,325 [INFO] PluginManage:359 - Loaded plugin projectmanager (category:projectmanager,tabindex:4)
2025-01-23 03:56:27,325 [INFO] PluginManage:310 - Check plugin rif
2025-01-23 03:56:27,331 [INFO] PluginManage:359 - Loaded plugin rif (category:base,tabindex:3)
2025-01-23 03:56:27,331 [INFO] PluginManage:310 - Check plugin thirdparty
2025-01-23 03:56:27,498 [INFO] PluginManage:359 - Loaded plugin thirdparty (category:base,tabindex:-1)
2025-01-23 03:56:27,498 [INFO] PluginManage:310 - Check plugin tools
2025-01-23 03:56:27,498 [WARN] IntegrityCheckThread:84 - waiting for thirdparty lock release [integrity check]
2025-01-23 03:56:27,499 [INFO] IntegrityCheckThread:86 - entering critical section [integrity check]
2025-01-23 03:56:27,500 [INFO] ThirdPartyUpdaterWithRetryManager:70 - Updater plugin not ready yet. [1/15]
2025-01-23 03:56:27,534 [INFO] PluginManage:359 - Loaded plugin tools (category:base,tabindex:7)
2025-01-23 03:56:27,534 [INFO] PluginManage:310 - Check plugin tutovideos
2025-01-23 03:56:27,786 [INFO] PluginManage:359 - Loaded plugin tutovideos (category:base,tabindex:-1)
2025-01-23 03:56:27,786 [INFO] PluginManage:310 - Check plugin updater
2025-01-23 03:56:27,812 [INFO] PluginManage:359 - Loaded plugin updater (category:base,tabindex:12)
2025-01-23 03:56:27,813 [INFO] PluginManage:310 - Check plugin userauth
2025-01-23 03:56:27,827 [INFO] UserAuth:118 - Init User Auth plugin
2025-01-23 03:56:27,828 [INFO] PluginManage:359 - Loaded plugin userauth (category:base,tabindex:14)
2025-01-23 03:56:27,828 [INFO] PluginManage:283 - PluginManage : Loaded plugins [18]
2025-01-23 03:56:28,015 [INFO] PinOutPanel:1589 - setPackage(No Configuration,No Configuration)
2025-01-23 03:56:28,083 [INFO] CADModel:165 - CPN selected for project level
2025-01-23 03:56:28,083 [INFO] CADModel:114 - Register for checkConnection events
2025-01-23 03:56:28,127 [INFO] IPUIPlugin:80 - create IPUIPlugin
2025-01-23 03:56:28,127 [INFO] PluginManager:220 - loadIPPluginJar : add comp
2025-01-23 03:56:28,154 [INFO] IPUIPlugin:80 - create IPUIPlugin
2025-01-23 03:56:28,154 [INFO] PluginManager:220 - loadIPPluginJar : add ucpd
2025-01-23 03:56:28,157 [INFO] IPUIPlugin:80 - create IPUIPlugin
2025-01-23 03:56:28,157 [INFO] PluginManager:220 - loadIPPluginJar : add dfsdm
2025-01-23 03:56:28,208 [INFO] IPUIPlugin:80 - create IPUIPlugin
2025-01-23 03:56:28,208 [INFO] PluginManager:220 - loadIPPluginJar : add stm32_wpan
2025-01-23 03:56:28,211 [INFO] IPUIPlugin:80 - create IPUIPlugin
2025-01-23 03:56:28,212 [INFO] PluginManager:220 - loadIPPluginJar : add dma3
2025-01-23 03:56:28,213 [INFO] IPUIPlugin:80 - create IPUIPlugin
2025-01-23 03:56:28,213 [INFO] PluginManager:220 - loadIPPluginJar : add fatfs
2025-01-23 03:56:28,217 [INFO] IPUIPlugin:80 - create IPUIPlugin
2025-01-23 03:56:28,217 [INFO] PluginManager:220 - loadIPPluginJar : add spi
2025-01-23 03:56:28,220 [INFO] IPUIPlugin:80 - create IPUIPlugin
2025-01-23 03:56:28,220 [INFO] PluginManager:220 - loadIPPluginJar : add ddr_ctrl_phy
2025-01-23 03:56:28,226 [INFO] IPUIPlugin:80 - create IPUIPlugin
2025-01-23 03:56:28,226 [INFO] PluginManager:220 - loadIPPluginJar : add fmc
2025-01-23 03:56:28,234 [INFO] IPUIPlugin:80 - create IPUIPlugin
2025-01-23 03:56:28,234 [INFO] PluginManager:220 - loadIPPluginJar : add linkedlist
2025-01-23 03:56:28,243 [INFO] IPUIPlugin:80 - create IPUIPlugin
2025-01-23 03:56:28,244 [INFO] PluginManager:220 - loadIPPluginJar : add gfxmmu
2025-01-23 03:56:28,247 [INFO] IPUIPlugin:80 - create IPUIPlugin
2025-01-23 03:56:28,247 [INFO] PluginManager:220 - loadIPPluginJar : add touchsensing
2025-01-23 03:56:28,250 [INFO] IPUIPlugin:80 - create IPUIPlugin
2025-01-23 03:56:28,250 [INFO] PluginManager:220 - loadIPPluginJar : add usart
2025-01-23 03:56:28,254 [INFO] IPUIPlugin:80 - create IPUIPlugin
2025-01-23 03:56:28,255 [INFO] PluginManager:220 - loadIPPluginJar : add gpio
2025-01-23 03:56:28,258 [INFO] IPUIPlugin:80 - create IPUIPlugin
2025-01-23 03:56:28,259 [INFO] PluginManager:220 - loadIPPluginJar : add usbx
2025-01-23 03:56:28,261 [INFO] IPUIPlugin:80 - create IPUIPlugin
2025-01-23 03:56:28,261 [INFO] PluginManager:220 - loadIPPluginJar : add ts
2025-01-23 03:56:28,266 [INFO] IPUIPlugin:80 - create IPUIPlugin
2025-01-23 03:56:28,266 [INFO] PluginManager:220 - loadIPPluginJar : add gtzc
2025-01-23 03:56:28,326 [INFO] IPUIPlugin:80 - create IPUIPlugin
2025-01-23 03:56:28,330 [INFO] PluginManager:220 - loadIPPluginJar : add plateformsettings
2025-01-23 03:56:28,335 [INFO] IPUIPlugin:80 - create IPUIPlugin
2025-01-23 03:56:28,335 [INFO] PluginManager:220 - loadIPPluginJar : add i3c
2025-01-23 03:56:28,362 [INFO] IPUIPlugin:80 - create IPUIPlugin
2025-01-23 03:56:28,362 [INFO] PluginManager:220 - loadIPPluginJar : add mdma
2025-01-23 03:56:28,366 [INFO] IPUIPlugin:80 - create IPUIPlugin
2025-01-23 03:56:28,366 [INFO] PluginManager:220 - loadIPPluginJar : add pdm2pcm
2025-01-23 03:56:28,406 [INFO] IPUIPlugin:80 - create IPUIPlugin
2025-01-23 03:56:28,406 [INFO] PluginManager:220 - loadIPPluginJar : add aes
2025-01-23 03:56:28,415 [INFO] IPUIPlugin:80 - create IPUIPlugin
2025-01-23 03:56:28,416 [INFO] PluginManager:220 - loadIPPluginJar : add gic
2025-01-23 03:56:28,417 [INFO] IPUIPlugin:80 - create IPUIPlugin
2025-01-23 03:56:28,418 [INFO] PluginManager:220 - loadIPPluginJar : add ltdc
2025-01-23 03:56:28,474 [INFO] IPUIPlugin:80 - create IPUIPlugin
2025-01-23 03:56:28,475 [INFO] PluginManager:220 - loadIPPluginJar : add resmgrutility
2025-01-23 03:56:28,478 [INFO] IPUIPlugin:80 - create IPUIPlugin
2025-01-23 03:56:28,478 [INFO] PluginManager:220 - loadIPPluginJar : add tsc
2025-01-23 03:56:28,481 [INFO] IPUIPlugin:80 - create IPUIPlugin
2025-01-23 03:56:28,481 [INFO] PluginManager:220 - loadIPPluginJar : add quadspi
2025-01-23 03:56:28,487 [INFO] IPUIPlugin:80 - create IPUIPlugin
2025-01-23 03:56:28,487 [INFO] PluginManager:220 - loadIPPluginJar : add openamp
2025-01-23 03:56:28,508 [INFO] IPUIPlugin:80 - create IPUIPlugin
2025-01-23 03:56:28,509 [INFO] PluginManager:220 - loadIPPluginJar : add nvic
2025-01-23 03:56:28,515 [INFO] IPUIPlugin:80 - create IPUIPlugin
2025-01-23 03:56:28,515 [INFO] PluginManager:220 - loadIPPluginJar : add sai
2025-01-23 03:56:28,517 [INFO] IPUIPlugin:80 - create IPUIPlugin
2025-01-23 03:56:28,518 [INFO] PluginManager:220 - loadIPPluginJar : add radio
2025-01-23 03:56:28,521 [INFO] IPUIPlugin:80 - create IPUIPlugin
2025-01-23 03:56:28,521 [INFO] PluginManager:220 - loadIPPluginJar : add lorawan
2025-01-23 03:56:28,523 [INFO] IPUIPlugin:80 - create IPUIPlugin
2025-01-23 03:56:28,523 [INFO] PluginManager:220 - loadIPPluginJar : add tim
2025-01-23 03:56:28,526 [INFO] IPUIPlugin:80 - create IPUIPlugin
2025-01-23 03:56:28,526 [INFO] PluginManager:220 - loadIPPluginJar : add cryp
2025-01-23 03:56:28,563 [INFO] IPUIPlugin:80 - create IPUIPlugin
2025-01-23 03:56:28,563 [INFO] PluginManager:220 - loadIPPluginJar : add hash
2025-01-23 03:56:28,569 [INFO] IPUIPlugin:80 - create IPUIPlugin
2025-01-23 03:56:28,569 [INFO] PluginManager:220 - loadIPPluginJar : add adc
2025-01-23 03:56:28,622 [INFO] IPUIPlugin:80 - create IPUIPlugin
2025-01-23 03:56:28,623 [INFO] PluginManager:220 - loadIPPluginJar : add dma
2025-01-23 03:56:28,627 [INFO] IPUIPlugin:80 - create IPUIPlugin
2025-01-23 03:56:28,627 [INFO] PluginManager:220 - loadIPPluginJar : add tracer_emb
2025-01-23 03:56:28,631 [INFO] IPUIPlugin:80 - create IPUIPlugin
2025-01-23 03:56:28,631 [INFO] PluginManager:220 - loadIPPluginJar : add ipddr
2025-01-23 03:56:28,634 [INFO] IPUIPlugin:80 - create IPUIPlugin
2025-01-23 03:56:28,634 [INFO] PluginManager:220 - loadIPPluginJar : add i2s
2025-01-23 03:56:28,639 [INFO] IPUIPlugin:80 - create IPUIPlugin
2025-01-23 03:56:28,639 [INFO] PluginManager:220 - loadIPPluginJar : add freertos
2025-01-23 03:56:28,642 [INFO] IPUIPlugin:80 - create IPUIPlugin
2025-01-23 03:56:28,642 [INFO] PluginManager:220 - loadIPPluginJar : add opamp
2025-01-23 03:56:28,644 [INFO] IPUIPlugin:80 - create IPUIPlugin
2025-01-23 03:56:28,644 [INFO] PluginManager:220 - loadIPPluginJar : add i2c
2025-01-23 03:56:28,647 [INFO] IPUIPlugin:80 - create IPUIPlugin
2025-01-23 03:56:28,647 [INFO] PluginManager:220 - loadIPPluginJar : add extmemmanager
2025-01-23 03:56:28,651 [INFO] IPUIPlugin:80 - create IPUIPlugin
2025-01-23 03:56:28,651 [INFO] PluginManager:220 - loadIPPluginJar : add can
2025-01-23 03:56:28,652 [INFO] IPUIPlugin:80 - create IPUIPlugin
2025-01-23 03:56:28,652 [INFO] PluginManager:220 - loadIPPluginJar : add genericplugin
2025-01-23 03:56:28,756 [FATAL] Updater:351 - Updater called before beeing initialized
2025-01-23 03:56:28,789 [INFO] RulesReader:64 - Compatibility file has been processed (297 Rules)
2025-01-23 03:56:28,803 [INFO] RulesReader:64 - Compatibility file has been processed (297 Rules)
2025-01-23 03:56:28,812 [INFO] CADModel:165 - CPN selected for project level
2025-01-23 03:56:28,812 [INFO] CADModel:114 - Register for checkConnection events
2025-01-23 03:56:28,812 [FATAL] Updater:351 - Updater called before beeing initialized
2025-01-23 03:56:28,813 [ERROR] CADModel:125 - Updater not yet initialized, retry later 
2025-01-23 03:56:28,938 [FATAL] Updater:351 - Updater called before beeing initialized
2025-01-23 03:56:28,939 [INFO] CADModel:165 - CPN selected for project level
2025-01-23 03:56:28,939 [INFO] CADModel:114 - Register for checkConnection events
2025-01-23 03:56:28,940 [FATAL] Updater:351 - Updater called before beeing initialized
2025-01-23 03:56:28,940 [ERROR] CADModel:125 - Updater not yet initialized, retry later 
2025-01-23 03:56:28,943 [FATAL] Updater:351 - Updater called before beeing initialized
2025-01-23 03:56:29,030 [FATAL] Updater:351 - Updater called before beeing initialized
2025-01-23 03:56:29,057 [INFO] DbMcusAds:53 - JSON generation date=Tue Dec 17 11:01:15 EST 2024 (1734451275222)
2025-01-23 03:56:29,057 [FATAL] Updater:351 - Updater called before beeing initialized
2025-01-23 03:56:29,174 [WARN] DetailPanel:346 - Failed to get advertising image, set to default
2025-01-23 03:56:29,375 [FATAL] Updater:351 - Updater called before beeing initialized
2025-01-23 03:56:29,377 [FATAL] Updater:351 - Updater called before beeing initialized
2025-01-23 03:56:29,377 [FATAL] Updater:351 - Updater called before beeing initialized
2025-01-23 03:56:29,377 [WARN] DetailPanel:346 - Failed to get advertising image, set to default
2025-01-23 03:56:29,378 [FATAL] Updater:351 - Updater called before beeing initialized
2025-01-23 03:56:29,409 [ERROR] Updater:1198 - MainUpdater not yet initialized. External WinMGr cannot be set.
2025-01-23 03:56:29,411 [INFO] Updater:1134 - Updater Version found : 6.13.0
2025-01-23 03:56:29,430 [INFO] ApplicationProperties:184 - Using Application install path: /opt/st/stm32cubeide_1.17.0/plugins/com.st.stm32cube.common.mx_6.13.0.202411220809
2025-01-23 03:56:30,041 [INFO] MainUpdater:2872 - connection check result : 10
2025-01-23 03:56:30,041 [INFO] MainUpdater:289 - Updater Check For Update Now.
2025-01-23 03:56:30,041 [INFO] MicroXplorer:498 - Change Database Version : DB.6.0.130
2025-01-23 03:56:30,046 [INFO] McuFinderGlobals:63 - Set McuFinder mode to 2 (CubeIDE integrated)
2025-01-23 03:56:30,069 [INFO] UserAuth:171 - activating auth plugin
2025-01-23 03:56:30,072 [INFO] UserAuth:486 - Internet connection configuration mode: 1
2025-01-23 03:56:30,166 [INFO] JxBrowserEngine:152 - Initiate JxBrowser Engine with user profile folder
2025-01-23 03:56:30,342 [INFO] CheckServerUpdateThread:120 - End of CheckServer Thread
2025-01-23 03:56:32,605 [WARN] PackLoader:240 - Cannot read IP mode file for STMicroelectronics.FP-SNS-MOTENVWB1.1.4.0
2025-01-23 03:56:32,613 [WARN] PackLoader:240 - Cannot read IP mode file for STMicroelectronics.FP-ATR-ASTRA1.2.0.1
2025-01-23 03:56:32,638 [WARN] PackLoader:240 - Cannot read IP mode file for STMicroelectronics.X-CUBE-SMBUS.2.1.0
2025-01-23 03:56:32,644 [WARN] PackLoader:240 - Cannot read IP mode file for STMicroelectronics.X-CUBE-WB05N.1.1.0
2025-01-23 03:56:32,681 [WARN] PackLoader:240 - Cannot read IP mode file for STMicroelectronics.X-CUBE-AZRTOS-F7.1.1.0
2025-01-23 03:56:32,690 [WARN] PackLoader:240 - Cannot read IP mode file for STMicroelectronics.FP-SNS-FLIGHT1.5.0.2
2025-01-23 03:56:32,720 [WARN] PackLoader:240 - Cannot read IP mode file for Infineon.AIROC-Wi-Fi-Bluetooth-STM32.1.7.0
2025-01-23 03:56:32,738 [WARN] PackLoader:240 - Cannot read IP mode file for STMicroelectronics.X-CUBE-DISPLAY.3.0.0
2025-01-23 03:56:32,745 [WARN] PackLoader:240 - Cannot read IP mode file for STMicroelectronics.X-CUBE-BLE1.7.0.0
2025-01-23 03:56:32,751 [WARN] PackLoader:240 - Cannot read IP mode file for STMicroelectronics.X-CUBE-NFC10.1.0.0
2025-01-23 03:56:32,762 [WARN] PackLoader:240 - Cannot read IP mode file for STMicroelectronics.X-CUBE-BLEMGR.4.0.0
2025-01-23 03:56:32,771 [WARN] PackLoader:240 - Cannot read IP mode file for emotas.I-CUBE-CANOPEN.1.3.0
2025-01-23 03:56:32,776 [WARN] PackLoader:240 - Cannot read IP mode file for STMicroelectronics.X-CUBE-AI.10.0.0
2025-01-23 03:56:32,780 [WARN] PackLoader:240 - Cannot read IP mode file for STMicroelectronics.FP-SNS-SMARTAG2.1.2.0
2025-01-23 03:56:32,825 [WARN] PackLoader:240 - Cannot read IP mode file for STMicroelectronics.X-CUBE-MEMS1.11.1.0
2025-01-23 03:56:32,986 [INFO] LogOutputStream:77 - [STDOUT_REDIRECT] 1 : Invalid condition id : UX_CORESTACK_Condition cause : null
2025-01-23 03:56:32,987 [INFO] LogOutputStream:77 - [STDOUT_REDIRECT] 1 : Invalid condition id : UX_CORESTACK_Condition cause : null
2025-01-23 03:56:32,988 [INFO] LogOutputStream:77 - [STDOUT_REDIRECT] 1 : Invalid condition id : UX_CORESTACK_Condition cause : null
2025-01-23 03:56:32,988 [INFO] LogOutputStream:77 - [STDOUT_REDIRECT] 1 : Invalid condition id : UX_CORESTACK_Condition cause : null
2025-01-23 03:56:32,988 [INFO] LogOutputStream:77 - [STDOUT_REDIRECT] 1 : Invalid condition id : UX_CORESTACK_Condition cause : null
2025-01-23 03:56:32,992 [WARN] PackLoader:240 - Cannot read IP mode file for STMicroelectronics.X-CUBE-AZRTOS-WL.2.0.0
2025-01-23 03:56:32,996 [WARN] PackLoader:240 - Cannot read IP mode file for STMicroelectronics.FP-SNS-MOTENV1.5.0.0
2025-01-23 03:56:33,001 [WARN] PackLoader:240 - Cannot read IP mode file for wolfSSL.I-CUBE-wolfMQTT.1.19.0
2025-01-23 03:56:33,007 [WARN] PackLoader:240 - Cannot read IP mode file for WES.I-CUBE-Cesium.1.3.0
2025-01-23 03:56:33,011 [WARN] PackLoader:240 - Cannot read IP mode file for STMicroelectronics.X-CUBE-BLE2.3.3.0
2025-01-23 03:56:33,017 [WARN] PackLoader:240 - Cannot read IP mode file for STMicroelectronics.X-CUBE-NFC9.1.0.0
2025-01-23 03:56:33,035 [WARN] PackLoader:240 - Cannot read IP mode file for STMicroelectronics.X-CUBE-AZRTOS-G0.1.1.0
2025-01-23 03:56:33,044 [WARN] PackLoader:240 - Cannot read IP mode file for STMicroelectronics.X-CUBE-SAFEA1.1.2.2
2025-01-23 03:56:33,049 [WARN] PackLoader:240 - Cannot read IP mode file for STMicroelectronics.X-CUBE-NFC4.3.0.0
2025-01-23 03:56:33,059 [WARN] PackLoader:240 - Cannot read IP mode file for EmbeddedOffice.I-CUBE-FS-RTOS.1.0.1
2025-01-23 03:56:33,065 [WARN] PackLoader:240 - Cannot read IP mode file for STMicroelectronics.X-CUBE-TCPP.4.2.0
2025-01-23 03:56:33,072 [WARN] PackLoader:240 - Cannot read IP mode file for RealThread.X-CUBE-RT-Thread_Nano.4.1.1
2025-01-23 03:56:33,076 [WARN] PackLoader:240 - Cannot read IP mode file for STMicroelectronics.FP-ATR-SIGFOX1.3.2.0
2025-01-23 03:56:33,080 [WARN] ConditionMgr:438 - getConditionDescription Invalid condition id : Cortex-A Device cause : null
2025-01-23 03:56:33,092 [WARN] ConditionMgr:1044 - genDependencies : Invalid condition id : Cortex-A Device cause : null
2025-01-23 03:56:33,092 [WARN] ConditionMgr:1044 - genDependencies : Invalid condition id : Cortex-A Device cause : null
2025-01-23 03:56:33,092 [WARN] ConditionMgr:1044 - genDependencies : Invalid condition id : Cortex-A Device cause : null
2025-01-23 03:56:33,097 [WARN] PackLoader:240 - Cannot read IP mode file for STMicroelectronics.X-CUBE-EEPRMA1.5.1.0
2025-01-23 03:56:33,102 [WARN] PackLoader:240 - Cannot read IP mode file for wolfSSL.I-CUBE-wolfSSL.5.7.4
2025-01-23 03:56:33,107 [WARN] PackLoader:240 - Cannot read IP mode file for ITTIA_DB.I-CUBE-ITTIADB.8.9.0
2025-01-23 03:56:33,146 [WARN] PackLoader:240 - Cannot read IP mode file for SEGGER.I-CUBE-embOS.1.3.1
2025-01-23 03:56:33,201 [WARN] PackLoader:240 - Cannot read IP mode file for STMicroelectronics.X-CUBE-ALGOBUILD.1.4.0
2025-01-23 03:56:33,228 [WARN] PackLoader:240 - Cannot read IP mode file for STMicroelectronics.X-CUBE-AI.9.1.0
2025-01-23 03:56:33,253 [WARN] PackLoader:240 - Cannot read IP mode file for STMicroelectronics.X-CUBE-AZRTOS-F4.1.1.0
2025-01-23 03:56:33,292 [WARN] PackLoader:240 - Cannot read IP mode file for STMicroelectronics.X-CUBE-ISPU.2.1.0
2025-01-23 03:56:33,372 [WARN] PackLoader:240 - Cannot read IP mode file for STMicroelectronics.X-CUBE-AZRTOS-L5.2.0.0
2025-01-23 03:56:33,420 [WARN] PackLoader:240 - Cannot read IP mode file for STMicroelectronics.X-CUBE-NFC6.3.1.0
2025-01-23 03:56:33,441 [WARN] PackLoader:240 - Cannot read IP mode file for STMicroelectronics.X-CUBE-DPower.1.2.0
2025-01-23 03:56:33,484 [WARN] PackLoader:240 - Cannot read IP mode file for STMicroelectronics.X-CUBE-FREERTOS.1.3.0
2025-01-23 03:56:33,488 [WARN] PackLoader:240 - Cannot read IP mode file for STMicroelectronics.X-CUBE-NFC7.1.0.1
2025-01-23 03:56:33,506 [WARN] ConditionMgr:438 - getConditionDescription Invalid condition id : LAN8742 Phy interface Condition cause : null
2025-01-23 03:56:33,506 [WARN] PackLoader:240 - Cannot read IP mode file for STMicroelectronics.X-CUBE-AZRTOS-L4.2.0.0
2025-01-23 03:56:33,508 [WARN] ConditionMgr:1044 - genDependencies : Invalid condition id : LAN8742 Phy interface Condition cause : null
2025-01-23 03:56:33,508 [WARN] ConditionMgr:1044 - genDependencies : Invalid condition id : LAN8742 Phy interface Condition cause : null
2025-01-23 03:56:33,509 [WARN] ConditionMgr:1044 - genDependencies : Invalid condition id : LAN8742 Phy interface Condition cause : null
2025-01-23 03:56:33,516 [WARN] PackLoader:240 - Cannot read IP mode file for STMicroelectronics.X-CUBE-SFXS2LP1.4.0.0
2025-01-23 03:56:33,537 [WARN] PackLoader:240 - Cannot read IP mode file for STMicroelectronics.X-CUBE-AZRTOS-H7.3.3.0
2025-01-23 03:56:33,550 [WARN] PackLoader:240 - Cannot read IP mode file for STMicroelectronics.X-CUBE-IPS.3.0.0
2025-01-23 03:56:33,596 [WARN] ConditionMgr:438 - getConditionDescription Invalid condition id : UX DEVICE CLASS RTOS Condition cause : null
2025-01-23 03:56:33,597 [WARN] ConditionMgr:438 - getConditionDescription Invalid condition id : UX DEVICE CLASS RTOS Condition cause : null
2025-01-23 03:56:33,599 [WARN] PackLoader:240 - Cannot read IP mode file for STMicroelectronics.X-CUBE-AZRTOS-WB.2.0.0
2025-01-23 03:56:33,600 [WARN] ConditionMgr:1044 - genDependencies : Invalid condition id : UX DEVICE CLASS RTOS Condition cause : null
2025-01-23 03:56:33,600 [WARN] ConditionMgr:1044 - genDependencies : Invalid condition id : UX DEVICE CLASS RTOS Condition cause : null
2025-01-23 03:56:33,600 [WARN] ConditionMgr:1044 - genDependencies : Invalid condition id : UX DEVICE CLASS RTOS Condition cause : null
2025-01-23 03:56:33,601 [WARN] ConditionMgr:1044 - genDependencies : Invalid condition id : UX DEVICE CLASS RTOS Condition cause : null
2025-01-23 03:56:33,601 [WARN] ConditionMgr:1044 - genDependencies : Invalid condition id : UX DEVICE CLASS RTOS Condition cause : null
2025-01-23 03:56:33,607 [WARN] PackLoader:240 - Cannot read IP mode file for STMicroelectronics.X-CUBE-GNSS1.7.0.1
2025-01-23 03:56:33,613 [WARN] PackLoader:240 - Cannot read IP mode file for STMicroelectronics.FP-SNS-STBOX1.2.0.0
2025-01-23 03:56:33,624 [WARN] PackLoader:240 - Cannot read IP mode file for STMicroelectronics.X-CUBE-SUBG2.5.0.0
2025-01-23 03:56:33,632 [WARN] PackLoader:240 - Cannot read IP mode file for Cesanta.I-CUBE-Mongoose.7.13.0
2025-01-23 03:56:33,644 [WARN] PackLoader:240 - Cannot read IP mode file for STMicroelectronics.X-CUBE-AZRTOS-G4.2.0.0
2025-01-23 03:56:33,658 [WARN] PackLoader:240 - Cannot read IP mode file for STMicroelectronics.X-CUBE-IPS.3.1.0
2025-01-23 03:56:33,668 [WARN] PackLoader:240 - Cannot read IP mode file for STMicroelectronics.X-CUBE-ALS.1.0.2
2025-01-23 03:56:33,672 [WARN] PackLoader:240 - Cannot read IP mode file for STMicroelectronics.X-CUBE-TOUCHGFX.4.24.2
2025-01-23 03:56:33,697 [WARN] PackLoader:240 - Cannot read IP mode file for STMicroelectronics.X-CUBE-TOUCHGFX.4.24.1
2025-01-23 03:56:33,716 [WARN] PackLoader:240 - Cannot read IP mode file for wolfSSL.I-CUBE-wolfTPM.3.4.0
2025-01-23 03:56:33,719 [WARN] PackLoader:240 - Cannot read IP mode file for portGmbH.I-Cube-SoM-uGOAL.1.1.0
2025-01-23 03:56:33,817 [WARN] PackLoader:240 - Cannot read IP mode file for STMicroelectronics.X-CUBE-AZRTOS-H7RS.1.0.0
2025-01-23 03:56:33,829 [WARN] PackLoader:240 - Cannot read IP mode file for STMicroelectronics.X-CUBE-TOF1.3.4.2
2025-01-23 03:56:33,841 [WARN] PackLoader:240 - Cannot read IP mode file for wolfSSL.I-CUBE-wolfSSH.1.4.17
2025-01-23 03:56:33,842 [INFO] ThirdParty:978 - Integrity check success = true
2025-01-23 03:56:33,842 [INFO] IntegrityCheckThread:100 - exiting critical section [integrity check]
2025-01-23 03:56:33,842 [INFO] IntegrityCheckThread:103 - End integrity checks thread
2025-01-23 03:56:47,470 [INFO] WebApp:168 - Instantiating new browser for Auth
2025-01-23 03:57:06,579 [INFO] WebApp:449 - Apply proxy settings
2025-01-23 03:57:06,579 [INFO] WebApp:534 - Chromium requires no authentication
2025-01-23 03:57:07,189 [INFO] WebApp:477 - Direct internet connection detected
2025-01-23 03:57:08,305 [INFO] WebApp:880 - Register for checkConnection events
2025-01-23 03:57:08,306 [INFO] WebApp:449 - Apply proxy settings
2025-01-23 03:57:08,307 [INFO] WebApp:534 - Chromium requires no authentication
2025-01-23 03:57:08,308 [INFO] WebApp:477 - Direct internet connection detected
2025-01-23 03:57:11,440 [INFO] WebApp:221 - Starting web application
2025-01-23 03:57:11,440 [INFO] WebApp:579 - Web application path used /opt/st/stm32cubeide_1.17.0/plugins/com.st.stm32cube.common.mx_6.13.0.202411220809/db/plugins/mcufinder/reactClient1/index.html
2025-01-23 03:57:13,360 [INFO] WebApp:187 - Connection restablished
2025-01-23 03:58:53,741 [INFO] McuFinderGlobals:63 - Set McuFinder mode to 2 (CubeIDE integrated)
2025-01-23 03:58:53,743 [INFO] MainUpdater:2872 - connection check result : 10
2025-01-23 03:58:54,064 [INFO] ApiDb:581 - Connected to CubeFinder SQLite database (/home/scott/.stmcufinder/plugins/mcufinder/mcu/cube-finder-db.db)
2025-01-23 03:58:54,116 [INFO] ApiDb:668 - CubeFinder database Data Model version=2.1
2025-01-23 03:58:54,116 [INFO] ApiDb:669 - CubeFinder database Configuration version=3.0.39
2025-01-23 03:58:54,117 [INFO] ApiDb:670 - CubeFinder database generation date=2024-12-10 (1733817889)
2025-01-23 03:58:54,117 [INFO] ApiDb:671 - CubeFinder database FW Pack versions=[FP-ATR-ASTRA1_V2.0.0, FP-SNS-FLIGHT1_V5.0.2, FP-SNS-MOTENV1_V5.0.0, FP-SNS-MOTENVWB1_V1.4.0, FP-SNS-SMARTAG2_V1.2.0, FP-SNS-STBOX1_V2.0.0, STM32Cube_FW_C0_V1.3.0, STM32Cube_FW_F4_V1.28.1, STM32Cube_FW_F7_V1.17.2, STM32Cube_FW_G0_V1.6.2, STM32Cube_FW_G4_V1.6.1, STM32Cube_FW_H5_V1.4.0, STM32Cube_FW_H7RS_V1.1.0, STM32Cube_FW_H7_V1.12.0, STM32Cube_FW_L0_V1.12.2, STM32Cube_FW_L4_V1.18.1, STM32Cube_FW_L5_V1.5.1, STM32Cube_FW_N6_V1.0.0, STM32Cube_FW_U0_V1.2.0, STM32Cube_FW_U3_V1.0.0, STM32Cube_FW_U5_V1.7.0, STM32Cube_FW_WB0_V1.1.0, STM32Cube_FW_WBA_V1.5.0, STM32Cube_FW_WB_V1.21.0, STM32Cube_FW_WL3_V1.0.0, STM32Cube_FW_WL_V1.3.0, X-CUBE-ALGOBUILD_V1.4.0, X-CUBE-ALS_V1.0.2, X-CUBE-AZRTOS-F4_V1.1.0, X-CUBE-AZRTOS-F7_V1.1.0, X-CUBE-AZRTOS-G0_V1.1.0, X-CUBE-AZRTOS-G4_V2.0.0, X-CUBE-AZRTOS-H7RS_V1.0.0, X-CUBE-AZRTOS-H7_V3.3.0, X-CUBE-AZRTOS-L4_V2.0.0, X-CUBE-AZRTOS-L5_V2.0.0, X-CUBE-AZRTOS-WB_V2.0.0, X-CUBE-AZRTOS-WL_V2.0.0, X-CUBE-BLE1_V7.0.0, X-CUBE-BLE2_V3.3.0, X-CUBE-BLEMGR_V3.1.0, X-CUBE-EEPRMA1_V5.1.0, X-CUBE-FREERTOS_V1.2.0, X-CUBE-GNSS1_V6.0.0, X-CUBE-MEMS1_V11.0.0, X-CUBE-NFC4_V3.0.0, X-CUBE-NFC7_V1.0.1, X-CUBE-SFXS2LP1_V4.0.0, X-CUBE-SUBG2_V5.0.0, X-CUBE-TOF1_V3.4.2]
2025-01-23 03:58:54,196 [INFO] DbBoardsSqlite:226 - include board P-NUCLEO-WB55-NUCLEO as a kit item of type 'Nucleo-64'
2025-01-23 03:58:54,197 [INFO] DbBoardsSqlite:226 - include board P-NUCLEO-WB55-USBDONGLE as a kit item of type 'Nucleo USB Dongle'
2025-01-23 03:58:54,198 [INFO] DbBoardsSqlite:226 - include board STEVAL-IDP005V1 as a kit item of type 'Evaluation Board'
2025-01-23 03:58:54,198 [INFO] DbBoardsSqlite:226 - include board STEVAL-IDP005V2 as a kit item of type 'Evaluation Board'
2025-01-23 03:58:54,244 [INFO] ApiDb:240 - Found 858 in-development CPN: [B-G473E-ZEST1S, B-WB1M-WPAN1, B-WBA5M-WPAN, B-WL5M-SUBG1, NUCLEO-C031C6, NUCLEO-C051C8, NUCLEO-C071RB, NUCLEO-C092RC, NUCLEO-H503RB, NUCLEO-H533RE, NUCLEO-H563ZI, NUCLEO-H7S3L8, NUCLEO-N657X0-Q, NUCLEO-U031R8, NUCLEO-U083RC, NUCLEO-U385RG-Q, NUCLEO-U545RE-Q, NUCLEO-U5A5ZJ-Q, NUCLEO-WB05KZ, NUCLEO-WB07CC, NUCLEO-WB09KE, NUCLEO-WBA52CG, NUCLEO-WBA55CG, NUCLEO-WL33CC1, NUCLEO-WL33CC2, STEVAL-PROTEUS1, STEVAL-SMARTAG2, STEVAL-STWINBX1, STM320518-EVAL, STM32C0116-DK, STM32C011D6Y3TR, STM32C011D6Y6TR, STM32C011F4P3, STM32C011F4P6, STM32C011F4U3, STM32C011F4U6TR, STM32C011F6P3, STM32C011F6P6, STM32C011F6U3, STM32C011F6U6TR, STM32C011J4M3, STM32C011J4M6, STM32C011J6M3, STM32C011J6M6, STM32C0316-DK, STM32C031C4T3, STM32C031C4T6, STM32C031C4U3, STM32C031C4U6, STM32C031C6T3, STM32C031C6T6, STM32C031C6U3, STM32C031C6U6, STM32C031F4P3, STM32C031F4P6, STM32C031F6P3, STM32C031F6P6, STM32C031G4U3, STM32C031G4U6, STM32C031G6U3, STM32C031G6U6, STM32C031K4T3, STM32C031K4T6, STM32C031K4U3, STM32C031K4U6, STM32C031K6T3, STM32C031K6T6, STM32C031K6U3, STM32C031K6U6, STM32C051C6T6, STM32C051C6U6, STM32C051C8T6, STM32C051C8U6, STM32C051D8Y6TR, STM32C051F6P6, STM32C051F8P6, STM32C051G6U6, STM32C051G8U6, STM32C051K6T6, STM32C051K6U6, STM32C051K8T6, STM32C071C8T6, STM32C071C8T6N, STM32C071C8U6, STM32C071C8U6N, STM32C071CBT6, STM32C071CBT6N, STM32C071CBU6, STM32C071CBU6N, STM32C071F8P6, STM32C071F8P6N, STM32C071FBP6, STM32C071FBP6N, STM32C071FBY6TR, STM32C071G8U6, STM32C071G8U6N, STM32C071GBU6, STM32C071GBU6N, STM32C071K8T6, STM32C071K8T6N, STM32C071K8U6, STM32C071K8U6N, STM32C071KBT6, STM32C071KBT6N, STM32C071KBU6, STM32C071KBU6N, STM32C071R8T6, STM32C071R8T6N, STM32C071RBI6N, STM32C071RBT6, STM32C071RBT6N, STM32C091CBT6, STM32C091CBU6, STM32C091CCT6, STM32C091CCU6, STM32C091ECY6TR, STM32C091FBP6, STM32C091FCP6, STM32C091GBU6, STM32C091GCU6, STM32C091KBT6, STM32C091KBU6, STM32C091KCT6, STM32C091KCU6, STM32C091RBT6, STM32C091RCI6, STM32C091RCT6, STM32C092CBT6, STM32C092CBU6, STM32C092CCT6, STM32C092CCU6, STM32C092ECY6TR, STM32C092FBP6, STM32C092FCP6, STM32C092GBU6, STM32C092GCU6, STM32C092KBT6, STM32C092KBU6, STM32C092KCT6, STM32C092KCU6, STM32C092RBT6, STM32C092RCI6, STM32C092RCT6, STM32G071K8TXN, STM32G071K8UXN, STM32G081GBU6N, STM32G081KBT6N, STM32G081KBUXN, STM32G0B1CCT6N, STM32G0B1KCT6, STM32G0B1NEY6TR, STM32G0B1RCT6N, STM32G0C1CCT6, STM32G0C1CCT6N, STM32G0C1CCU6N, STM32G0C1CET6N, STM32G0C1CEU6N, STM32G0C1KCT6, STM32G0C1NEY6TR, STM32G0C1RCI6N, STM32G0C1RCT6N, STM32G0C1REI6N, STM32G0C1RET6N, STM32G0C1VCI6, STM32G0C1VEI6, STM32G411C6T3, STM32G411C6T6, STM32G411C6U3, STM32G411C6U6, STM32G411C8T3, STM32G411C8T6, STM32G411C8U3, STM32G411C8U6, STM32G411CBT3, STM32G411CBT6, STM32G411CBU3, STM32G411CBU6, STM32G411CCT3, STM32G411CCT6, STM32G411CCU3, STM32G411CCU6, STM32G411K6T3, STM32G411K6T6, STM32G411K6U3, STM32G411K6U6, STM32G411K8T3, STM32G411K8T6, STM32G411K8U3, STM32G411K8U6, STM32G411KBT3, STM32G411KBT6, STM32G411KBU3, STM32G411KBU6, STM32G411M6T3, STM32G411M6T6, STM32G411M8T3, STM32G411M8T6, STM32G411MBT3, STM32G411MBT6, STM32G411MCT3, STM32G411MCT6, STM32G411R6T3, STM32G411R6T6, STM32G411R8T3, STM32G411R8T6, STM32G411RBT3, STM32G411RBT6, STM32G411RCT3, STM32G411RCT6, STM32G414CBT3, STM32G414CBT6, STM32G414CBU3, STM32G414CBU6, STM32G414CCT3, STM32G414CCT6, STM32G414CCU3, STM32G414CCU6, STM32G414MBT3, STM32G414MBT6, STM32G414MCT3, STM32G414MCT6, STM32G414RBT3, STM32G414RBT6, STM32G414RCT3, STM32G414RCT6, STM32G414VBT3, STM32G414VBT6, STM32G414VCT3, STM32G414VCT6, STM32G431CBT3Z, STM32G431RBT3Z, STM32G471CCT6, STM32G471CCU6, STM32G471CET3, STM32G471CET6, STM32G471CEU3, STM32G471CEU6, STM32G471MCT6, STM32G471MET3, STM32G471MET6, STM32G471MEY6TR, STM32G471QCT6, STM32G471QET3, STM32G471RCT6, STM32G471RET3, STM32G471RET6, STM32G471VCH6, STM32G471VCI6, STM32G471VCT6, STM32G471VEH3, STM32G471VEH6, STM32G471VEI3, STM32G471VEI6, STM32G471VET3, STM32G471VET6, STM32G473QET3Z, STM32G473RET3Z, STM32G474CCT6, STM32G491RET3Z, STM32H503CBT6, STM32H503CBU6, STM32H503EBY6TR, STM32H503KBU6, STM32H503RBT6, STM32H523CCT6, STM32H523CCU6, STM32H523CET6, STM32H523CEU6, STM32H523HEY6TR, STM32H523RCT6, STM32H523RET6, STM32H523VCI6, STM32H523VCT6, STM32H523VEI6, STM32H523VET6, STM32H523ZCJ6, STM32H523ZCT6, STM32H523ZEJ6, STM32H523ZET6, STM32H533CET6, STM32H533CEU6, STM32H533HEY6TR, STM32H533RET6, STM32H533VEI6, STM32H533VET6, STM32H533ZEJ6, STM32H533ZET6, STM32H562AGI6, STM32H562AII6, STM32H562IGK6, STM32H562IGT6, STM32H562IIK6, STM32H562IIT6, STM32H562RGT6, STM32H562RGV6, STM32H562RIT6, STM32H562RIV6, STM32H562VGT6, STM32H562VIT6, STM32H562ZGT6, STM32H562ZIT6, STM32H563AGI6, STM32H563AII3Q, STM32H563AII6, STM32H563IGK6, STM32H563IGT6, STM32H563IIK3Q, STM32H563IIK6, STM32H563IIT3Q, STM32H563IIT6, STM32H563MIY3QTR, STM32H563RGT6, STM32H563RGV6, STM32H563RIT6, STM32H563RIV6, STM32H563VGT6, STM32H563VIT3Q, STM32H563VIT6, STM32H563ZGT6, STM32H563ZIT3Q, STM32H563ZIT6, STM32H573AII3Q, STM32H573AII6, STM32H573I-DK, STM32H573IIK3Q, STM32H573IIK6, STM32H573IIT3Q, STM32H573IIT6, STM32H573MIY3QTR, STM32H573RIT6, STM32H573RIV6, STM32H573VIT3Q, STM32H573VIT6, STM32H573ZIT3Q, STM32H573ZIT6, STM32H7R3A8I6, STM32H7R3I8K6, STM32H7R3I8T6, STM32H7R3L8H6, STM32H7R3L8H6H, STM32H7R3R8V6, STM32H7R3V8H6, STM32H7R3V8T6, STM32H7R3V8Y6TR, STM32H7R3Z8J6, STM32H7R3Z8T6, STM32H7R7A8I6, STM32H7R7I8K6, STM32H7R7I8T6, STM32H7R7L8H6, STM32H7R7L8H6H, STM32H7R7Z8J6, STM32H7S3A8I6, STM32H7S3I8K6, STM32H7S3I8T6, STM32H7S3L8H6, STM32H7S3L8H6H, STM32H7S3R8V6, STM32H7S3V8H6, STM32H7S3V8T6, STM32H7S3V8Y6TR, STM32H7S3Z8J6, STM32H7S3Z8T6, STM32H7S78-DK, STM32H7S7A8I6, STM32H7S7I8K6, STM32H7S7I8T6, STM32H7S7L8H6, STM32H7S7L8H6H, STM32H7S7Z8J6, STM32L4R5QGI6STR, STM32MP131AAE3, STM32MP131AAF3, STM32MP131AAG3, STM32MP131CAE3, STM32MP131CAF3, STM32MP131CAG3, STM32MP131DAE7, STM32MP131DAF7, STM32MP131DAG7, STM32MP131FAE7, STM32MP131FAF7, STM32MP131FAG7, STM32MP133AAE3, STM32MP133AAF3, STM32MP133AAG3, STM32MP133CAE3, STM32MP133CAF3, STM32MP133CAG3, STM32MP133DAE7, STM32MP133DAF7, STM32MP133DAG7, STM32MP133FAE7, STM32MP133FAF7, STM32MP133FAG7, STM32MP135AAE3, STM32MP135AAF3, STM32MP135AAG3, STM32MP135CAE3, STM32MP135CAF3, STM32MP135CAG3, STM32MP135DAE7, STM32MP135DAF7, STM32MP135DAG7, STM32MP135F-DK, STM32MP135FAE7, STM32MP135FAF7, STM32MP135FAF7T, STM32MP135FAF7U, STM32MP135FAG7, STM32MP231AAJ3, STM32MP231AAK3, STM32MP231AAL3, STM32MP231CAJ3, STM32MP231CAK3, STM32MP231CAL3, STM32MP231DAJ3, STM32MP231DAK3, STM32MP231DAL3, STM32MP231FAJ3, STM32MP231FAK3, STM32MP231FAL3, STM32MP233AAJ3, STM32MP233AAK3, STM32MP233AAL3, STM32MP233CAJ3, STM32MP233CAK3, STM32MP233CAL3, STM32MP233DAJ3, STM32MP233DAK3, STM32MP233DAL3, STM32MP233FAJ3, STM32MP233FAK3, STM32MP233FAL3, STM32MP235AAJ3, STM32MP235AAK3, STM32MP235AAL3, STM32MP235CAJ3, STM32MP235CAK3, STM32MP235CAL3, STM32MP235DAJ3, STM32MP235DAK3, STM32MP235DAL3, STM32MP235FAJ3, STM32MP235FAK3, STM32MP235FAL3, STM32MP251AAI3, STM32MP251AAJ3, STM32MP251AAK3, STM32MP251AAL3, STM32MP251CAI3, STM32MP251CAJ3, STM32MP251CAK3, STM32MP251CAL3, STM32MP251DAI3, STM32MP251DAJ3, STM32MP251DAK3, STM32MP251DAL3, STM32MP251FAI3, STM32MP251FAJ3, STM32MP251FAK3, STM32MP251FAL3, STM32MP253AAI3, STM32MP253AAJ3, STM32MP253AAK3, STM32MP253AAL3, STM32MP253CAI3, STM32MP253CAJ3, STM32MP253CAK3, STM32MP253CAL3, STM32MP253DAI3, STM32MP253DAJ3, STM32MP253DAK3, STM32MP253DAL3, STM32MP253FAI3, STM32MP253FAJ3, STM32MP253FAK3, STM32MP253FAL3, STM32MP255AAI3, STM32MP255AAJ3, STM32MP255AAK3, STM32MP255AAL3, STM32MP255CAI3, STM32MP255CAJ3, STM32MP255CAK3, STM32MP255CAL3, STM32MP255DAI3, STM32MP255DAJ3, STM32MP255DAK3, STM32MP255DAL3, STM32MP255FAI3, STM32MP255FAJ3, STM32MP255FAK3, STM32MP255FAL3, STM32MP257AAI3, STM32MP257AAJ3, STM32MP257AAK3, STM32MP257AAL3, STM32MP257CAI3, STM32MP257CAJ3, STM32MP257CAK3, STM32MP257CAL3, STM32MP257DAI3, STM32MP257DAJ3, STM32MP257DAK3, STM32MP257DAL3, STM32MP257F-DK, STM32MP257F-EV1, STM32MP257FAI3, STM32MP257FAJ3, STM32MP257FAK3, STM32MP257FAL3, STM32N645A0H3Q, STM32N645B0H3Q, STM32N645I0H3Q, STM32N645L0H3Q, STM32N645X0H3Q, STM32N645Z0H3Q, STM32N647A0H3Q, STM32N647B0H3Q, STM32N647I0H3Q, STM32N647L0H3Q, STM32N647X0H3Q, STM32N647Z0H3Q, STM32N655A0H3Q, STM32N655B0H3Q, STM32N655I0H3Q, STM32N655L0H3Q, STM32N655X0H3Q, STM32N655Z0H3Q, STM32N6570-DK, STM32N657A0H3Q, STM32N657B0H3Q, STM32N657I0H3Q, STM32N657L0H3Q, STM32N657X0H3Q, STM32N657Z0H3Q, STM32U031C6T6, STM32U031C6U6, STM32U031C8T6, STM32U031C8U6, STM32U031F4P6, STM32U031F6P6, STM32U031F8P6, STM32U031G6Y6TR, STM32U031G8Y6TR, STM32U031K4U6, STM32U031K6U6, STM32U031K8U6, STM32U031R6I6, STM32U031R6T6, STM32U031R8I6, STM32U031R8T6, STM32U073C8T6, STM32U073C8U6, STM32U073CBT6, STM32U073CBU6, STM32U073CCT6, STM32U073CCU6, STM32U073H8Y6TR, STM32U073HBY6TR, STM32U073HCY6TR, STM32U073K8U6, STM32U073KBU6, STM32U073KCU6, STM32U073M8I6, STM32U073M8T6, STM32U073MBI6, STM32U073MBT6, STM32U073MCI6, STM32U073MCT6, STM32U073R8I6, STM32U073R8T6, STM32U073RBI6, STM32U073RBT6, STM32U073RCI6, STM32U073RCT6, STM32U083C-DK, STM32U083CCT6, STM32U083CCU6, STM32U083HCY6TR, STM32U083KCU6, STM32U083MCI6, STM32U083MCT6, STM32U083RCI6, STM32U083RCT6, STM32U375CET6, STM32U375CET6Q, STM32U375CEU6, STM32U375CEU6Q, STM32U375CEY6QTR, STM32U375CGT6, STM32U375CGT6Q, STM32U375CGU6, STM32U375CGU6Q, STM32U375CGY6QTR, STM32U375KEU6, STM32U375KGU6, STM32U375REI6, STM32U375REI6Q, STM32U375RET6, STM32U375RET6Q, STM32U375REY6GTR, STM32U375REY6QTR, STM32U375RGI6, STM32U375RGI6Q, STM32U375RGT6, STM32U375RGT6Q, STM32U375RGY6GTR, STM32U375RGY6QTR, STM32U375VEI6, STM32U375VEI6Q, STM32U375VET6, STM32U375VET6Q, STM32U375VGI6, STM32U375VGI6Q, STM32U375VGT6, STM32U375VGT6Q, STM32U385CGT6, STM32U385CGT6Q, STM32U385CGU6, STM32U385CGU6Q, STM32U385CGY6QTR, STM32U385KGU6, STM32U385RGI6, STM32U385RGI6Q, STM32U385RGT6, STM32U385RGT6Q, STM32U385RGY6GTR, STM32U385RGY6QTR, STM32U385VGI6, STM32U385VGI6Q, STM32U385VGT6, STM32U385VGT6Q, STM32U535CBT6, STM32U535CBT6Q, STM32U535CBU6, STM32U535CBU6Q, STM32U535CCT6, STM32U535CCT6Q, STM32U535CCU6, STM32U535CCU6Q, STM32U535CET6, STM32U535CET6Q, STM32U535CEU6, STM32U535CEU6Q, STM32U535JEY6QTR, STM32U535NCY6QTR, STM32U535NEY6QTR, STM32U535RBI6, STM32U535RBI6Q, STM32U535RBT6, STM32U535RBT6Q, STM32U535RCI6, STM32U535RCI6Q, STM32U535RCT6, STM32U535RCT6Q, STM32U535REI6, STM32U535REI6Q, STM32U535RET6, STM32U535RET6Q, STM32U535VCI6, STM32U535VCI6Q, STM32U535VCT6, STM32U535VCT6Q, STM32U535VEI6, STM32U535VEI6Q, STM32U535VET6, STM32U535VET6Q, STM32U545CET6, STM32U545CET6Q, STM32U545CEU6, STM32U545CEU6Q, STM32U545JEY6QTR, STM32U545NEY6QTR, STM32U545REI6, STM32U545REI6Q, STM32U545RET6, STM32U545RET6Q, STM32U545VEI6, STM32U545VEI6Q, STM32U545VET6, STM32U545VET6Q, STM32U595AIH6, STM32U595AIH6Q, STM32U595AJH6, STM32U595AJH6Q, STM32U595QII6, STM32U595QII6Q, STM32U595QJI6, STM32U595QJI6Q, STM32U595RIT6, STM32U595RIT6Q, STM32U595RJT6, STM32U595RJT6Q, STM32U595VIT6, STM32U595VIT6Q, STM32U595VJT6, STM32U595VJT6Q, STM32U595ZIT6, STM32U595ZIT6Q, STM32U595ZIY6QTR, STM32U595ZJT6, STM32U595ZJT6Q, STM32U595ZJY6QTR, STM32U599BJY6QTR, STM32U599NIH6Q, STM32U599NJH6Q, STM32U599VIT6Q, STM32U599VJT6, STM32U599VJT6Q, STM32U599ZIT6Q, STM32U599ZIY6QTR, STM32U599ZJT6Q, STM32U599ZJY6QTR, STM32U5A5AJH6, STM32U5A5AJH6Q, STM32U5A5QII3Q , STM32U5A5QJI6, STM32U5A5QJI6Q, STM32U5A5RJT6, STM32U5A5RJT6Q, STM32U5A5VJT6, STM32U5A5VJT6Q, STM32U5A5ZJT6, STM32U5A5ZJT6Q, STM32U5A5ZJY6QTR, STM32U5A9BJY6QTR, STM32U5A9J-DK, STM32U5A9NJH6Q, STM32U5A9VJT6Q, STM32U5A9ZJT6Q, STM32U5A9ZJY6QTR, STM32U5F7VIT6, STM32U5F7VIT6Q, STM32U5F7VJT6, STM32U5F7VJT6Q, STM32U5F9BJY6QTR, STM32U5F9NJH6Q, STM32U5F9VIT6Q, STM32U5F9VJT6Q, STM32U5F9ZIJ6QTR, STM32U5F9ZIT6Q, STM32U5F9ZJJ6QTR, STM32U5F9ZJT6Q, STM32U5G7VJT6, STM32U5G7VJT6Q, STM32U5G9BJY6QTR, STM32U5G9J-DK1, STM32U5G9J-DK2, STM32U5G9NJH6Q, STM32U5G9VJT6Q, STM32U5G9ZJJ6QTR, STM32U5G9ZJT6Q, STM32WB05KZV6TR, STM32WB05KZV7TR, STM32WB05TZF6TR, STM32WB05TZF7TR, STM32WB06CCF6TR, STM32WB06CCF7TR, STM32WB06CCV6TR, STM32WB06CCV7TR, STM32WB06KCV6TR, STM32WB06KCV7TR, STM32WB07CCF6TR, STM32WB07CCF7TR, STM32WB07CCV6TR, STM32WB07CCV7TR, STM32WB07KCV6TR, STM32WB07KCV7TR, STM32WB09KEV6TR, STM32WB09KEV7TR, STM32WB09TEF6TR, STM32WB09TEF7TR, STM32WB1MMCH6, STM32WBA50KGU6, STM32WBA50KGU6TR, STM32WBA52CEU6, STM32WBA52CEU6TR, STM32WBA52CEU7, STM32WBA52CEU7TR, STM32WBA52CGU6, STM32WBA52CGU6TR, STM32WBA52CGU6U, STM32WBA52CGU7, STM32WBA52CGU7TR, STM32WBA52KEU6, STM32WBA52KEU6TR, STM32WBA52KGU6, STM32WBA52KGU6TR, STM32WBA54CEU6, STM32WBA54CEU6TR, STM32WBA54CEU7, STM32WBA54CEU7TR, STM32WBA54CGU6, STM32WBA54CGU6TR, STM32WBA54CGU7, STM32WBA54CGU7TR, STM32WBA54KEU6, STM32WBA54KEU6TR, STM32WBA54KEU7, STM32WBA54KEU7TR, STM32WBA54KGU6, STM32WBA54KGU6TR, STM32WBA54KGU7, STM32WBA54KGU7TR, STM32WBA55CEU6, STM32WBA55CEU6TR, STM32WBA55CEU7, STM32WBA55CEU7TR, STM32WBA55CGU6, STM32WBA55CGU6TR, STM32WBA55CGU6U, STM32WBA55CGU7, STM32WBA55CGU7TR, STM32WBA55G-DK1, STM32WBA55HEF6, STM32WBA55HEF7, STM32WBA55HGF6, STM32WBA55HGF7, STM32WBA55UEI6, STM32WBA55UEI6TR, STM32WBA55UEI7, STM32WBA55UEI7TR, STM32WBA55UGI6, STM32WBA55UGI6TR, STM32WBA55UGI7, STM32WBA55UGI7TR, STM32WBA5MJGH6TR, STM32WBA5MJGH6U, STM32WL33C8V6, STM32WL33C8V6TR, STM32WL33C8V7, STM32WL33C8V7TR, STM32WL33CBV6, STM32WL33CBV6TR, STM32WL33CBV7, STM32WL33CBV7TR, STM32WL33CCV6, STM32WL33CCV6TR, STM32WL33CCV7, STM32WL33CCV7A, STM32WL33CCV7ATR, STM32WL33CCV7TR, STM32WL33K8V6, STM32WL33K8V6TR, STM32WL33K8V7, STM32WL33K8V7TR, STM32WL33KBV6, STM32WL33KBV6TR, STM32WL33KBV7, STM32WL33KBV7TR, STM32WL33KCV6, STM32WL33KCV6TR, STM32WL33KCV7, STM32WL33KCV7TR, STM32WL5MOCH6, STM32WL5MOCH6TR]
2025-01-23 03:58:54,397 [INFO] BoardInfo:889 - No configuration file found for board P-NUCLEO-WB55
2025-01-23 03:58:54,397 [INFO] DbBoards:161 - Kit is not supported: P-NUCLEO-WB55
2025-01-23 03:58:54,403 [INFO] BoardInfo:889 - No configuration file found for board STEVAL-BFA001V1B
2025-01-23 03:58:54,403 [INFO] DbBoards:161 - Kit is not supported: STEVAL-BFA001V1B
2025-01-23 03:58:54,405 [INFO] BoardInfo:889 - No configuration file found for board STEVAL-BFA001V2B
2025-01-23 03:58:54,405 [INFO] DbBoards:161 - Kit is not supported: STEVAL-BFA001V2B
2025-01-23 03:58:54,522 [INFO] DbBoards:168 - Found 209 boards, 206 are supported
2025-01-23 03:58:54,522 [INFO] DbBoards:169 - Found 209 boards, 42 of them is supported for  Bsp
2025-01-23 03:58:54,526 [INFO] ApiDb:668 - CubeFinder database Data Model version=2.1
2025-01-23 03:58:54,526 [INFO] ApiDb:669 - CubeFinder database Configuration version=3.0.39
2025-01-23 03:58:54,527 [INFO] ApiDb:670 - CubeFinder database generation date=2024-12-10 (1733817889)
2025-01-23 03:58:54,527 [INFO] ApiDb:671 - CubeFinder database FW Pack versions=[FP-ATR-ASTRA1_V2.0.0, FP-SNS-FLIGHT1_V5.0.2, FP-SNS-MOTENV1_V5.0.0, FP-SNS-MOTENVWB1_V1.4.0, FP-SNS-SMARTAG2_V1.2.0, FP-SNS-STBOX1_V2.0.0, STM32Cube_FW_C0_V1.3.0, STM32Cube_FW_F4_V1.28.1, STM32Cube_FW_F7_V1.17.2, STM32Cube_FW_G0_V1.6.2, STM32Cube_FW_G4_V1.6.1, STM32Cube_FW_H5_V1.4.0, STM32Cube_FW_H7RS_V1.1.0, STM32Cube_FW_H7_V1.12.0, STM32Cube_FW_L0_V1.12.2, STM32Cube_FW_L4_V1.18.1, STM32Cube_FW_L5_V1.5.1, STM32Cube_FW_N6_V1.0.0, STM32Cube_FW_U0_V1.2.0, STM32Cube_FW_U3_V1.0.0, STM32Cube_FW_U5_V1.7.0, STM32Cube_FW_WB0_V1.1.0, STM32Cube_FW_WBA_V1.5.0, STM32Cube_FW_WB_V1.21.0, STM32Cube_FW_WL3_V1.0.0, STM32Cube_FW_WL_V1.3.0, X-CUBE-ALGOBUILD_V1.4.0, X-CUBE-ALS_V1.0.2, X-CUBE-AZRTOS-F4_V1.1.0, X-CUBE-AZRTOS-F7_V1.1.0, X-CUBE-AZRTOS-G0_V1.1.0, X-CUBE-AZRTOS-G4_V2.0.0, X-CUBE-AZRTOS-H7RS_V1.0.0, X-CUBE-AZRTOS-H7_V3.3.0, X-CUBE-AZRTOS-L4_V2.0.0, X-CUBE-AZRTOS-L5_V2.0.0, X-CUBE-AZRTOS-WB_V2.0.0, X-CUBE-AZRTOS-WL_V2.0.0, X-CUBE-BLE1_V7.0.0, X-CUBE-BLE2_V3.3.0, X-CUBE-BLEMGR_V3.1.0, X-CUBE-EEPRMA1_V5.1.0, X-CUBE-FREERTOS_V1.2.0, X-CUBE-GNSS1_V6.0.0, X-CUBE-MEMS1_V11.0.0, X-CUBE-NFC4_V3.0.0, X-CUBE-NFC7_V1.0.1, X-CUBE-SFXS2LP1_V4.0.0, X-CUBE-SUBG2_V5.0.0, X-CUBE-TOF1_V3.4.2]
2025-01-23 03:58:56,959 [INFO] ApiDb:240 - Found 858 in-development CPN: [B-G473E-ZEST1S, B-WB1M-WPAN1, B-WBA5M-WPAN, B-WL5M-SUBG1, NUCLEO-C031C6, NUCLEO-C051C8, NUCLEO-C071RB, NUCLEO-C092RC, NUCLEO-H503RB, NUCLEO-H533RE, NUCLEO-H563ZI, NUCLEO-H7S3L8, NUCLEO-N657X0-Q, NUCLEO-U031R8, NUCLEO-U083RC, NUCLEO-U385RG-Q, NUCLEO-U545RE-Q, NUCLEO-U5A5ZJ-Q, NUCLEO-WB05KZ, NUCLEO-WB07CC, NUCLEO-WB09KE, NUCLEO-WBA52CG, NUCLEO-WBA55CG, NUCLEO-WL33CC1, NUCLEO-WL33CC2, STEVAL-PROTEUS1, STEVAL-SMARTAG2, STEVAL-STWINBX1, STM320518-EVAL, STM32C0116-DK, STM32C011D6Y3TR, STM32C011D6Y6TR, STM32C011F4P3, STM32C011F4P6, STM32C011F4U3, STM32C011F4U6TR, STM32C011F6P3, STM32C011F6P6, STM32C011F6U3, STM32C011F6U6TR, STM32C011J4M3, STM32C011J4M6, STM32C011J6M3, STM32C011J6M6, STM32C0316-DK, STM32C031C4T3, STM32C031C4T6, STM32C031C4U3, STM32C031C4U6, STM32C031C6T3, STM32C031C6T6, STM32C031C6U3, STM32C031C6U6, STM32C031F4P3, STM32C031F4P6, STM32C031F6P3, STM32C031F6P6, STM32C031G4U3, STM32C031G4U6, STM32C031G6U3, STM32C031G6U6, STM32C031K4T3, STM32C031K4T6, STM32C031K4U3, STM32C031K4U6, STM32C031K6T3, STM32C031K6T6, STM32C031K6U3, STM32C031K6U6, STM32C051C6T6, STM32C051C6U6, STM32C051C8T6, STM32C051C8U6, STM32C051D8Y6TR, STM32C051F6P6, STM32C051F8P6, STM32C051G6U6, STM32C051G8U6, STM32C051K6T6, STM32C051K6U6, STM32C051K8T6, STM32C071C8T6, STM32C071C8T6N, STM32C071C8U6, STM32C071C8U6N, STM32C071CBT6, STM32C071CBT6N, STM32C071CBU6, STM32C071CBU6N, STM32C071F8P6, STM32C071F8P6N, STM32C071FBP6, STM32C071FBP6N, STM32C071FBY6TR, STM32C071G8U6, STM32C071G8U6N, STM32C071GBU6, STM32C071GBU6N, STM32C071K8T6, STM32C071K8T6N, STM32C071K8U6, STM32C071K8U6N, STM32C071KBT6, STM32C071KBT6N, STM32C071KBU6, STM32C071KBU6N, STM32C071R8T6, STM32C071R8T6N, STM32C071RBI6N, STM32C071RBT6, STM32C071RBT6N, STM32C091CBT6, STM32C091CBU6, STM32C091CCT6, STM32C091CCU6, STM32C091ECY6TR, STM32C091FBP6, STM32C091FCP6, STM32C091GBU6, STM32C091GCU6, STM32C091KBT6, STM32C091KBU6, STM32C091KCT6, STM32C091KCU6, STM32C091RBT6, STM32C091RCI6, STM32C091RCT6, STM32C092CBT6, STM32C092CBU6, STM32C092CCT6, STM32C092CCU6, STM32C092ECY6TR, STM32C092FBP6, STM32C092FCP6, STM32C092GBU6, STM32C092GCU6, STM32C092KBT6, STM32C092KBU6, STM32C092KCT6, STM32C092KCU6, STM32C092RBT6, STM32C092RCI6, STM32C092RCT6, STM32G071K8TXN, STM32G071K8UXN, STM32G081GBU6N, STM32G081KBT6N, STM32G081KBUXN, STM32G0B1CCT6N, STM32G0B1KCT6, STM32G0B1NEY6TR, STM32G0B1RCT6N, STM32G0C1CCT6, STM32G0C1CCT6N, STM32G0C1CCU6N, STM32G0C1CET6N, STM32G0C1CEU6N, STM32G0C1KCT6, STM32G0C1NEY6TR, STM32G0C1RCI6N, STM32G0C1RCT6N, STM32G0C1REI6N, STM32G0C1RET6N, STM32G0C1VCI6, STM32G0C1VEI6, STM32G411C6T3, STM32G411C6T6, STM32G411C6U3, STM32G411C6U6, STM32G411C8T3, STM32G411C8T6, STM32G411C8U3, STM32G411C8U6, STM32G411CBT3, STM32G411CBT6, STM32G411CBU3, STM32G411CBU6, STM32G411CCT3, STM32G411CCT6, STM32G411CCU3, STM32G411CCU6, STM32G411K6T3, STM32G411K6T6, STM32G411K6U3, STM32G411K6U6, STM32G411K8T3, STM32G411K8T6, STM32G411K8U3, STM32G411K8U6, STM32G411KBT3, STM32G411KBT6, STM32G411KBU3, STM32G411KBU6, STM32G411M6T3, STM32G411M6T6, STM32G411M8T3, STM32G411M8T6, STM32G411MBT3, STM32G411MBT6, STM32G411MCT3, STM32G411MCT6, STM32G411R6T3, STM32G411R6T6, STM32G411R8T3, STM32G411R8T6, STM32G411RBT3, STM32G411RBT6, STM32G411RCT3, STM32G411RCT6, STM32G414CBT3, STM32G414CBT6, STM32G414CBU3, STM32G414CBU6, STM32G414CCT3, STM32G414CCT6, STM32G414CCU3, STM32G414CCU6, STM32G414MBT3, STM32G414MBT6, STM32G414MCT3, STM32G414MCT6, STM32G414RBT3, STM32G414RBT6, STM32G414RCT3, STM32G414RCT6, STM32G414VBT3, STM32G414VBT6, STM32G414VCT3, STM32G414VCT6, STM32G431CBT3Z, STM32G431RBT3Z, STM32G471CCT6, STM32G471CCU6, STM32G471CET3, STM32G471CET6, STM32G471CEU3, STM32G471CEU6, STM32G471MCT6, STM32G471MET3, STM32G471MET6, STM32G471MEY6TR, STM32G471QCT6, STM32G471QET3, STM32G471RCT6, STM32G471RET3, STM32G471RET6, STM32G471VCH6, STM32G471VCI6, STM32G471VCT6, STM32G471VEH3, STM32G471VEH6, STM32G471VEI3, STM32G471VEI6, STM32G471VET3, STM32G471VET6, STM32G473QET3Z, STM32G473RET3Z, STM32G474CCT6, STM32G491RET3Z, STM32H503CBT6, STM32H503CBU6, STM32H503EBY6TR, STM32H503KBU6, STM32H503RBT6, STM32H523CCT6, STM32H523CCU6, STM32H523CET6, STM32H523CEU6, STM32H523HEY6TR, STM32H523RCT6, STM32H523RET6, STM32H523VCI6, STM32H523VCT6, STM32H523VEI6, STM32H523VET6, STM32H523ZCJ6, STM32H523ZCT6, STM32H523ZEJ6, STM32H523ZET6, STM32H533CET6, STM32H533CEU6, STM32H533HEY6TR, STM32H533RET6, STM32H533VEI6, STM32H533VET6, STM32H533ZEJ6, STM32H533ZET6, STM32H562AGI6, STM32H562AII6, STM32H562IGK6, STM32H562IGT6, STM32H562IIK6, STM32H562IIT6, STM32H562RGT6, STM32H562RGV6, STM32H562RIT6, STM32H562RIV6, STM32H562VGT6, STM32H562VIT6, STM32H562ZGT6, STM32H562ZIT6, STM32H563AGI6, STM32H563AII3Q, STM32H563AII6, STM32H563IGK6, STM32H563IGT6, STM32H563IIK3Q, STM32H563IIK6, STM32H563IIT3Q, STM32H563IIT6, STM32H563MIY3QTR, STM32H563RGT6, STM32H563RGV6, STM32H563RIT6, STM32H563RIV6, STM32H563VGT6, STM32H563VIT3Q, STM32H563VIT6, STM32H563ZGT6, STM32H563ZIT3Q, STM32H563ZIT6, STM32H573AII3Q, STM32H573AII6, STM32H573I-DK, STM32H573IIK3Q, STM32H573IIK6, STM32H573IIT3Q, STM32H573IIT6, STM32H573MIY3QTR, STM32H573RIT6, STM32H573RIV6, STM32H573VIT3Q, STM32H573VIT6, STM32H573ZIT3Q, STM32H573ZIT6, STM32H7R3A8I6, STM32H7R3I8K6, STM32H7R3I8T6, STM32H7R3L8H6, STM32H7R3L8H6H, STM32H7R3R8V6, STM32H7R3V8H6, STM32H7R3V8T6, STM32H7R3V8Y6TR, STM32H7R3Z8J6, STM32H7R3Z8T6, STM32H7R7A8I6, STM32H7R7I8K6, STM32H7R7I8T6, STM32H7R7L8H6, STM32H7R7L8H6H, STM32H7R7Z8J6, STM32H7S3A8I6, STM32H7S3I8K6, STM32H7S3I8T6, STM32H7S3L8H6, STM32H7S3L8H6H, STM32H7S3R8V6, STM32H7S3V8H6, STM32H7S3V8T6, STM32H7S3V8Y6TR, STM32H7S3Z8J6, STM32H7S3Z8T6, STM32H7S78-DK, STM32H7S7A8I6, STM32H7S7I8K6, STM32H7S7I8T6, STM32H7S7L8H6, STM32H7S7L8H6H, STM32H7S7Z8J6, STM32L4R5QGI6STR, STM32MP131AAE3, STM32MP131AAF3, STM32MP131AAG3, STM32MP131CAE3, STM32MP131CAF3, STM32MP131CAG3, STM32MP131DAE7, STM32MP131DAF7, STM32MP131DAG7, STM32MP131FAE7, STM32MP131FAF7, STM32MP131FAG7, STM32MP133AAE3, STM32MP133AAF3, STM32MP133AAG3, STM32MP133CAE3, STM32MP133CAF3, STM32MP133CAG3, STM32MP133DAE7, STM32MP133DAF7, STM32MP133DAG7, STM32MP133FAE7, STM32MP133FAF7, STM32MP133FAG7, STM32MP135AAE3, STM32MP135AAF3, STM32MP135AAG3, STM32MP135CAE3, STM32MP135CAF3, STM32MP135CAG3, STM32MP135DAE7, STM32MP135DAF7, STM32MP135DAG7, STM32MP135F-DK, STM32MP135FAE7, STM32MP135FAF7, STM32MP135FAF7T, STM32MP135FAF7U, STM32MP135FAG7, STM32MP231AAJ3, STM32MP231AAK3, STM32MP231AAL3, STM32MP231CAJ3, STM32MP231CAK3, STM32MP231CAL3, STM32MP231DAJ3, STM32MP231DAK3, STM32MP231DAL3, STM32MP231FAJ3, STM32MP231FAK3, STM32MP231FAL3, STM32MP233AAJ3, STM32MP233AAK3, STM32MP233AAL3, STM32MP233CAJ3, STM32MP233CAK3, STM32MP233CAL3, STM32MP233DAJ3, STM32MP233DAK3, STM32MP233DAL3, STM32MP233FAJ3, STM32MP233FAK3, STM32MP233FAL3, STM32MP235AAJ3, STM32MP235AAK3, STM32MP235AAL3, STM32MP235CAJ3, STM32MP235CAK3, STM32MP235CAL3, STM32MP235DAJ3, STM32MP235DAK3, STM32MP235DAL3, STM32MP235FAJ3, STM32MP235FAK3, STM32MP235FAL3, STM32MP251AAI3, STM32MP251AAJ3, STM32MP251AAK3, STM32MP251AAL3, STM32MP251CAI3, STM32MP251CAJ3, STM32MP251CAK3, STM32MP251CAL3, STM32MP251DAI3, STM32MP251DAJ3, STM32MP251DAK3, STM32MP251DAL3, STM32MP251FAI3, STM32MP251FAJ3, STM32MP251FAK3, STM32MP251FAL3, STM32MP253AAI3, STM32MP253AAJ3, STM32MP253AAK3, STM32MP253AAL3, STM32MP253CAI3, STM32MP253CAJ3, STM32MP253CAK3, STM32MP253CAL3, STM32MP253DAI3, STM32MP253DAJ3, STM32MP253DAK3, STM32MP253DAL3, STM32MP253FAI3, STM32MP253FAJ3, STM32MP253FAK3, STM32MP253FAL3, STM32MP255AAI3, STM32MP255AAJ3, STM32MP255AAK3, STM32MP255AAL3, STM32MP255CAI3, STM32MP255CAJ3, STM32MP255CAK3, STM32MP255CAL3, STM32MP255DAI3, STM32MP255DAJ3, STM32MP255DAK3, STM32MP255DAL3, STM32MP255FAI3, STM32MP255FAJ3, STM32MP255FAK3, STM32MP255FAL3, STM32MP257AAI3, STM32MP257AAJ3, STM32MP257AAK3, STM32MP257AAL3, STM32MP257CAI3, STM32MP257CAJ3, STM32MP257CAK3, STM32MP257CAL3, STM32MP257DAI3, STM32MP257DAJ3, STM32MP257DAK3, STM32MP257DAL3, STM32MP257F-DK, STM32MP257F-EV1, STM32MP257FAI3, STM32MP257FAJ3, STM32MP257FAK3, STM32MP257FAL3, STM32N645A0H3Q, STM32N645B0H3Q, STM32N645I0H3Q, STM32N645L0H3Q, STM32N645X0H3Q, STM32N645Z0H3Q, STM32N647A0H3Q, STM32N647B0H3Q, STM32N647I0H3Q, STM32N647L0H3Q, STM32N647X0H3Q, STM32N647Z0H3Q, STM32N655A0H3Q, STM32N655B0H3Q, STM32N655I0H3Q, STM32N655L0H3Q, STM32N655X0H3Q, STM32N655Z0H3Q, STM32N6570-DK, STM32N657A0H3Q, STM32N657B0H3Q, STM32N657I0H3Q, STM32N657L0H3Q, STM32N657X0H3Q, STM32N657Z0H3Q, STM32U031C6T6, STM32U031C6U6, STM32U031C8T6, STM32U031C8U6, STM32U031F4P6, STM32U031F6P6, STM32U031F8P6, STM32U031G6Y6TR, STM32U031G8Y6TR, STM32U031K4U6, STM32U031K6U6, STM32U031K8U6, STM32U031R6I6, STM32U031R6T6, STM32U031R8I6, STM32U031R8T6, STM32U073C8T6, STM32U073C8U6, STM32U073CBT6, STM32U073CBU6, STM32U073CCT6, STM32U073CCU6, STM32U073H8Y6TR, STM32U073HBY6TR, STM32U073HCY6TR, STM32U073K8U6, STM32U073KBU6, STM32U073KCU6, STM32U073M8I6, STM32U073M8T6, STM32U073MBI6, STM32U073MBT6, STM32U073MCI6, STM32U073MCT6, STM32U073R8I6, STM32U073R8T6, STM32U073RBI6, STM32U073RBT6, STM32U073RCI6, STM32U073RCT6, STM32U083C-DK, STM32U083CCT6, STM32U083CCU6, STM32U083HCY6TR, STM32U083KCU6, STM32U083MCI6, STM32U083MCT6, STM32U083RCI6, STM32U083RCT6, STM32U375CET6, STM32U375CET6Q, STM32U375CEU6, STM32U375CEU6Q, STM32U375CEY6QTR, STM32U375CGT6, STM32U375CGT6Q, STM32U375CGU6, STM32U375CGU6Q, STM32U375CGY6QTR, STM32U375KEU6, STM32U375KGU6, STM32U375REI6, STM32U375REI6Q, STM32U375RET6, STM32U375RET6Q, STM32U375REY6GTR, STM32U375REY6QTR, STM32U375RGI6, STM32U375RGI6Q, STM32U375RGT6, STM32U375RGT6Q, STM32U375RGY6GTR, STM32U375RGY6QTR, STM32U375VEI6, STM32U375VEI6Q, STM32U375VET6, STM32U375VET6Q, STM32U375VGI6, STM32U375VGI6Q, STM32U375VGT6, STM32U375VGT6Q, STM32U385CGT6, STM32U385CGT6Q, STM32U385CGU6, STM32U385CGU6Q, STM32U385CGY6QTR, STM32U385KGU6, STM32U385RGI6, STM32U385RGI6Q, STM32U385RGT6, STM32U385RGT6Q, STM32U385RGY6GTR, STM32U385RGY6QTR, STM32U385VGI6, STM32U385VGI6Q, STM32U385VGT6, STM32U385VGT6Q, STM32U535CBT6, STM32U535CBT6Q, STM32U535CBU6, STM32U535CBU6Q, STM32U535CCT6, STM32U535CCT6Q, STM32U535CCU6, STM32U535CCU6Q, STM32U535CET6, STM32U535CET6Q, STM32U535CEU6, STM32U535CEU6Q, STM32U535JEY6QTR, STM32U535NCY6QTR, STM32U535NEY6QTR, STM32U535RBI6, STM32U535RBI6Q, STM32U535RBT6, STM32U535RBT6Q, STM32U535RCI6, STM32U535RCI6Q, STM32U535RCT6, STM32U535RCT6Q, STM32U535REI6, STM32U535REI6Q, STM32U535RET6, STM32U535RET6Q, STM32U535VCI6, STM32U535VCI6Q, STM32U535VCT6, STM32U535VCT6Q, STM32U535VEI6, STM32U535VEI6Q, STM32U535VET6, STM32U535VET6Q, STM32U545CET6, STM32U545CET6Q, STM32U545CEU6, STM32U545CEU6Q, STM32U545JEY6QTR, STM32U545NEY6QTR, STM32U545REI6, STM32U545REI6Q, STM32U545RET6, STM32U545RET6Q, STM32U545VEI6, STM32U545VEI6Q, STM32U545VET6, STM32U545VET6Q, STM32U595AIH6, STM32U595AIH6Q, STM32U595AJH6, STM32U595AJH6Q, STM32U595QII6, STM32U595QII6Q, STM32U595QJI6, STM32U595QJI6Q, STM32U595RIT6, STM32U595RIT6Q, STM32U595RJT6, STM32U595RJT6Q, STM32U595VIT6, STM32U595VIT6Q, STM32U595VJT6, STM32U595VJT6Q, STM32U595ZIT6, STM32U595ZIT6Q, STM32U595ZIY6QTR, STM32U595ZJT6, STM32U595ZJT6Q, STM32U595ZJY6QTR, STM32U599BJY6QTR, STM32U599NIH6Q, STM32U599NJH6Q, STM32U599VIT6Q, STM32U599VJT6, STM32U599VJT6Q, STM32U599ZIT6Q, STM32U599ZIY6QTR, STM32U599ZJT6Q, STM32U599ZJY6QTR, STM32U5A5AJH6, STM32U5A5AJH6Q, STM32U5A5QII3Q , STM32U5A5QJI6, STM32U5A5QJI6Q, STM32U5A5RJT6, STM32U5A5RJT6Q, STM32U5A5VJT6, STM32U5A5VJT6Q, STM32U5A5ZJT6, STM32U5A5ZJT6Q, STM32U5A5ZJY6QTR, STM32U5A9BJY6QTR, STM32U5A9J-DK, STM32U5A9NJH6Q, STM32U5A9VJT6Q, STM32U5A9ZJT6Q, STM32U5A9ZJY6QTR, STM32U5F7VIT6, STM32U5F7VIT6Q, STM32U5F7VJT6, STM32U5F7VJT6Q, STM32U5F9BJY6QTR, STM32U5F9NJH6Q, STM32U5F9VIT6Q, STM32U5F9VJT6Q, STM32U5F9ZIJ6QTR, STM32U5F9ZIT6Q, STM32U5F9ZJJ6QTR, STM32U5F9ZJT6Q, STM32U5G7VJT6, STM32U5G7VJT6Q, STM32U5G9BJY6QTR, STM32U5G9J-DK1, STM32U5G9J-DK2, STM32U5G9NJH6Q, STM32U5G9VJT6Q, STM32U5G9ZJJ6QTR, STM32U5G9ZJT6Q, STM32WB05KZV6TR, STM32WB05KZV7TR, STM32WB05TZF6TR, STM32WB05TZF7TR, STM32WB06CCF6TR, STM32WB06CCF7TR, STM32WB06CCV6TR, STM32WB06CCV7TR, STM32WB06KCV6TR, STM32WB06KCV7TR, STM32WB07CCF6TR, STM32WB07CCF7TR, STM32WB07CCV6TR, STM32WB07CCV7TR, STM32WB07KCV6TR, STM32WB07KCV7TR, STM32WB09KEV6TR, STM32WB09KEV7TR, STM32WB09TEF6TR, STM32WB09TEF7TR, STM32WB1MMCH6, STM32WBA50KGU6, STM32WBA50KGU6TR, STM32WBA52CEU6, STM32WBA52CEU6TR, STM32WBA52CEU7, STM32WBA52CEU7TR, STM32WBA52CGU6, STM32WBA52CGU6TR, STM32WBA52CGU6U, STM32WBA52CGU7, STM32WBA52CGU7TR, STM32WBA52KEU6, STM32WBA52KEU6TR, STM32WBA52KGU6, STM32WBA52KGU6TR, STM32WBA54CEU6, STM32WBA54CEU6TR, STM32WBA54CEU7, STM32WBA54CEU7TR, STM32WBA54CGU6, STM32WBA54CGU6TR, STM32WBA54CGU7, STM32WBA54CGU7TR, STM32WBA54KEU6, STM32WBA54KEU6TR, STM32WBA54KEU7, STM32WBA54KEU7TR, STM32WBA54KGU6, STM32WBA54KGU6TR, STM32WBA54KGU7, STM32WBA54KGU7TR, STM32WBA55CEU6, STM32WBA55CEU6TR, STM32WBA55CEU7, STM32WBA55CEU7TR, STM32WBA55CGU6, STM32WBA55CGU6TR, STM32WBA55CGU6U, STM32WBA55CGU7, STM32WBA55CGU7TR, STM32WBA55G-DK1, STM32WBA55HEF6, STM32WBA55HEF7, STM32WBA55HGF6, STM32WBA55HGF7, STM32WBA55UEI6, STM32WBA55UEI6TR, STM32WBA55UEI7, STM32WBA55UEI7TR, STM32WBA55UGI6, STM32WBA55UGI6TR, STM32WBA55UGI7, STM32WBA55UGI7TR, STM32WBA5MJGH6TR, STM32WBA5MJGH6U, STM32WL33C8V6, STM32WL33C8V6TR, STM32WL33C8V7, STM32WL33C8V7TR, STM32WL33CBV6, STM32WL33CBV6TR, STM32WL33CBV7, STM32WL33CBV7TR, STM32WL33CCV6, STM32WL33CCV6TR, STM32WL33CCV7, STM32WL33CCV7A, STM32WL33CCV7ATR, STM32WL33CCV7TR, STM32WL33K8V6, STM32WL33K8V6TR, STM32WL33K8V7, STM32WL33K8V7TR, STM32WL33KBV6, STM32WL33KBV6TR, STM32WL33KBV7, STM32WL33KBV7TR, STM32WL33KCV6, STM32WL33KCV6TR, STM32WL33KCV7, STM32WL33KCV7TR, STM32WL5MOCH6, STM32WL5MOCH6TR]
2025-01-23 03:58:56,969 [INFO] DbMcus:218 - Found 4545 MCUs, 4545 are supported
2025-01-23 03:58:56,970 [INFO] ApiDb:423 - Load user favorites file /home/scott/.stm32cubeide/favorites.mcus.txt: 0 item(s)
2025-01-23 03:58:56,970 [INFO] ApiDb:427 - User favorites MCUs=[]
2025-01-23 03:58:56,970 [INFO] DbMcus:224 - Set 0 / 0 favorites MCUs
2025-01-23 03:58:57,824 [INFO] ApiDb:423 - Load user favorites file /home/scott/.stm32cubeide/favorites.boards.txt: 0 item(s)
2025-01-23 03:58:57,824 [INFO] ApiDb:427 - User favorites Boards=[]
2025-01-23 03:58:57,825 [INFO] DbBoards:198 - Set 0 / 0 favorites Boards
2025-01-23 03:58:57,825 [INFO] McuFinderGlobals:76 - Set McuFinderConnectedMode to true
2025-01-23 03:58:57,834 [INFO] MultiScanPanel:200 - Auto-refresh data requested => check proxy status ongoing
2025-01-23 03:58:57,839 [INFO] FinderPluginLoader:95 - Searching for filters in installed packs
2025-01-23 03:59:00,092 [INFO] LoadUrlFilesThread:185 - End of LoadServerUrlFiles without Thread
2025-01-23 03:59:00,103 [INFO] DetailPanel:341 - Set advertising image to /home/scott/STM32Cube/Repository//en.prom-stm32n6-mcu-finder.png
2025-01-23 03:59:26,532 [INFO] MultiScanPanel:200 - Auto-refresh data requested => check proxy status ongoing
2025-01-23 03:59:26,708 [INFO] LoadUrlFilesThread:185 - End of LoadServerUrlFiles without Thread
2025-01-23 03:59:26,709 [INFO] DetailPanel:341 - Set advertising image to /home/scott/STM32Cube/Repository//en.prom-stm32n6-mcu-finder.png
2025-01-23 03:59:26,725 [INFO] DbBoards:642 - Loading board mini-images...
2025-01-23 03:59:26,821 [ERROR] DbBoards:659 - Image file not found for board B-WBA5M-WPAN: /home/scott/.stmcufinder/plugins/mcufinder//mcu//boards_images/B-WBA5M-WPAN.jpg
2025-01-23 03:59:28,698 [ERROR] DbBoards:659 - Image file not found for board NUCLEO-U385RG-Q: /home/scott/.stmcufinder/plugins/mcufinder//mcu//boards_images/NUCLEO-U385RG-Q.jpg
2025-01-23 03:59:28,869 [ERROR] DbBoards:659 - Image file not found for board NUCLEO-WB05KZ: /home/scott/.stmcufinder/plugins/mcufinder//mcu//boards_images/NUCLEO-WB05KZ.jpg
2025-01-23 03:59:29,282 [ERROR] DbBoards:659 - Image file not found for board NUCLEO-WL33CC1: /home/scott/.stmcufinder/plugins/mcufinder//mcu//boards_images/NUCLEO-WL33CC1.jpg
2025-01-23 03:59:29,282 [ERROR] DbBoards:659 - Image file not found for board NUCLEO-WL33CC2: /home/scott/.stmcufinder/plugins/mcufinder//mcu//boards_images/NUCLEO-WL33CC2.jpg
2025-01-23 03:59:30,887 [INFO] DbBoards:665 - Loaded 204 board mini-images
2025-01-23 04:01:07,768 [INFO] MainUpdater:2872 - connection check result : 10
2025-01-23 04:01:07,768 [INFO] MainUpdater:2872 - connection check result : 10
2025-01-23 04:01:07,839 [INFO] MicroXplorer:468 - Change Database Path : 
2025-01-23 04:01:07,840 [INFO] MicroXplorer:498 - Change Database Version : DB.6.0.130
2025-01-23 04:01:07,861 [WARN] ThirdParty:871 - waiting for thirdparty lock release [close project]
2025-01-23 04:01:07,861 [INFO] ThirdParty:873 - entering critical section [close project]
2025-01-23 04:01:07,878 [INFO] ThirdParty:883 - exiting critical section [close project]
2025-01-23 04:01:07,881 [INFO] PinOutPanel:1589 - setPackage(No Configuration,No Configuration)
2025-01-23 04:01:07,888 [INFO] UtilMem:75 - Begin LoadConfig() Used Memory: 1027714576 Bytes (1073741824)
2025-01-23 04:01:07,890 [INFO] MicroXplorer:468 - Change Database Path : 
2025-01-23 04:01:07,890 [INFO] MicroXplorer:498 - Change Database Version : DB.6.0.130
2025-01-23 04:01:07,890 [INFO] OpenFileManager:332 - Change cursor
2025-01-23 04:01:08,044 [INFO] Mcu:2035 - Initializing MCU STM32F030R8Tx STM32F030R8Tx STM32F030R8T6
2025-01-23 04:01:09,674 [INFO] Context:748 - Trying to add GPIOservice into a context  which must be forbidden
2025-01-23 04:01:10,352 [INFO] RtosManager:555 - Registered RTOS mode: class=CMSIS, group=RTOS, mode=CMSIS_V1, owner=FREERTOS
2025-01-23 04:01:10,353 [INFO] RtosManager:555 - Registered RTOS mode: class=CMSIS, group=RTOS2, mode=CMSIS_V2, owner=FREERTOS
2025-01-23 04:01:10,353 [INFO] RtosManager:555 - Registered RTOS mode: class=RTOS, group=Core, mode=CMSIS_V1, owner=FREERTOS
2025-01-23 04:01:10,353 [INFO] RtosManager:555 - Registered RTOS mode: class=RTOS, group=Core, mode=CMSIS_V2, owner=FREERTOS
2025-01-23 04:01:10,354 [WARN] ModelIntegratedComponent:184 - Missing modes for component STMicroelectronics:FreeRTOS:0.0.1:STMicroelectronics:RTOS:FreeRTOS:Core:::10.2.0:
2025-01-23 04:01:10,385 [WARN] ModelIntegratedComponent:63 - No mode defined for component null
2025-01-23 04:01:10,385 [WARN] ModelIntegratedComponent:63 - No mode defined for component null
2025-01-23 04:01:10,385 [WARN] ModelIntegratedComponent:63 - No mode defined for component null
2025-01-23 04:01:10,385 [WARN] ModelIntegratedComponent:63 - No mode defined for component null
2025-01-23 04:01:10,388 [WARN] ModelIntegratedComponent:63 - No mode defined for component null
2025-01-23 04:01:10,389 [WARN] ModelIntegratedComponent:63 - No mode defined for component null
2025-01-23 04:01:10,389 [WARN] ModelIntegratedComponent:63 - No mode defined for component null
2025-01-23 04:01:10,389 [WARN] ModelIntegratedComponent:63 - No mode defined for component null
2025-01-23 04:01:10,389 [WARN] ModelIntegratedComponent:63 - No mode defined for component null
2025-01-23 04:01:10,389 [WARN] ModelIntegratedComponent:63 - No mode defined for component null
2025-01-23 04:01:10,389 [WARN] ModelIntegratedComponent:63 - No mode defined for component null
2025-01-23 04:01:10,389 [WARN] ModelIntegratedComponent:63 - No mode defined for component null
2025-01-23 04:01:10,389 [WARN] ModelIntegratedComponent:63 - No mode defined for component null
2025-01-23 04:01:10,389 [WARN] ModelIntegratedComponent:63 - No mode defined for component null
2025-01-23 04:01:10,391 [WARN] ModelIntegratedComponent:63 - No mode defined for component null
2025-01-23 04:01:10,391 [WARN] ModelIntegratedComponent:63 - No mode defined for component null
2025-01-23 04:01:10,391 [WARN] ModelIntegratedComponent:63 - No mode defined for component null
2025-01-23 04:01:10,391 [WARN] ModelIntegratedComponent:63 - No mode defined for component null
2025-01-23 04:01:10,391 [WARN] ModelIntegratedComponent:63 - No mode defined for component null
2025-01-23 04:01:10,391 [WARN] ModelIntegratedComponent:63 - No mode defined for component null
2025-01-23 04:01:10,391 [WARN] ModelIntegratedComponent:63 - No mode defined for component null
2025-01-23 04:01:10,391 [WARN] ModelIntegratedComponent:63 - No mode defined for component null
2025-01-23 04:01:10,392 [WARN] ModelIntegratedComponent:63 - No mode defined for component null
2025-01-23 04:01:10,392 [WARN] ModelIntegratedComponent:63 - No mode defined for component null
2025-01-23 04:01:10,392 [WARN] ModelIntegratedComponent:63 - No mode defined for component null
2025-01-23 04:01:10,392 [WARN] ModelIntegratedComponent:63 - No mode defined for component null
2025-01-23 04:01:10,392 [WARN] ModelIntegratedComponent:63 - No mode defined for component null
2025-01-23 04:01:10,392 [WARN] ModelIntegratedComponent:63 - No mode defined for component null
2025-01-23 04:01:10,392 [WARN] ModelIntegratedComponent:63 - No mode defined for component null
2025-01-23 04:01:10,392 [WARN] ModelIntegratedComponent:63 - No mode defined for component null
2025-01-23 04:01:10,392 [WARN] ModelIntegratedComponent:63 - No mode defined for component null
2025-01-23 04:01:10,392 [WARN] ModelIntegratedComponent:63 - No mode defined for component null
2025-01-23 04:01:10,392 [WARN] ModelIntegratedComponent:63 - No mode defined for component null
2025-01-23 04:01:10,392 [WARN] ModelIntegratedComponent:63 - No mode defined for component null
2025-01-23 04:01:10,393 [WARN] ModelIntegratedComponent:63 - No mode defined for component null
2025-01-23 04:01:10,393 [WARN] ModelPack:524 - Component already loaded: STMicroelectronics:HAL Drivers:0.0.0:STMicroelectronics:Device:STMicro_Driver:XSPI:HAL::0.0.1:HAL_XSPI
2025-01-23 04:01:10,657 [INFO] ThirdPartyModel:298 - Start build external matchings
2025-01-23 04:01:11,197 [INFO] ThirdPartyModel:316 - End build external matchings
2025-01-23 04:01:11,216 [INFO] ImportTextPane:218 - (OptionalMessage_ERROR) IP (RCC) : Invalid parameter (FamilyName)
2025-01-23 04:01:11,399 [INFO] UtilMem:75 - End LoadConfig() Used Memory: 441394728 Bytes (544210944)
2025-01-23 04:01:11,592 [WARN] ThirdParty:833 - waiting for thirdparty lock release [change project]
2025-01-23 04:01:11,593 [INFO] ThirdParty:835 - entering critical section [change project]
2025-01-23 04:01:11,593 [INFO] ThirdParty:1030 - CMSIS Pack Vendor :STMicroelectronics USBPD 4.1
2025-01-23 04:01:11,593 [INFO] ThirdParty:1030 - CMSIS Pack Vendor :STMicroelectronics X-CUBE-AZRTOS-H7 3.3.0
2025-01-23 04:01:11,593 [INFO] ThirdParty:1030 - CMSIS Pack Vendor :STMicroelectronics X-CUBE-NFC9 1.0.0
2025-01-23 04:01:11,593 [INFO] ThirdParty:1030 - CMSIS Pack Vendor :STMicroelectronics USB_HOST 2.0.0
2025-01-23 04:01:11,593 [INFO] ThirdParty:1030 - CMSIS Pack Vendor :STMicroelectronics FP-SNS-MOTENVWB1 1.4.0
2025-01-23 04:01:11,593 [INFO] ThirdParty:1030 - CMSIS Pack Vendor :STMicroelectronics X-CUBE-AZRTOS-F4 1.1.0
2025-01-23 04:01:11,593 [INFO] ThirdParty:1030 - CMSIS Pack Vendor :STMicroelectronics LIBJPEG 8.0.0
2025-01-23 04:01:11,594 [INFO] ThirdParty:1030 - CMSIS Pack Vendor :STMicroelectronics FP-ATR-ASTRA1 2.0.1
2025-01-23 04:01:11,594 [INFO] ThirdParty:1030 - CMSIS Pack Vendor :STMicroelectronics X-CUBE-SMBUS 2.1.0
2025-01-23 04:01:11,594 [INFO] ThirdParty:1030 - CMSIS Pack Vendor :STMicroelectronics X-CUBE-WB05N 1.1.0
2025-01-23 04:01:11,594 [INFO] ThirdParty:1030 - CMSIS Pack Vendor :STMicroelectronics USB_DEVICE 3.0.0
2025-01-23 04:01:11,594 [INFO] ThirdParty:1030 - CMSIS Pack Vendor :STMicroelectronics X-CUBE-ISPU 2.1.0
2025-01-23 04:01:11,594 [INFO] ThirdParty:1030 - CMSIS Pack Vendor :STMicroelectronics X-CUBE-IPS 3.0.0
2025-01-23 04:01:11,594 [INFO] ThirdParty:1030 - CMSIS Pack Vendor :STMicroelectronics X-CUBE-AZRTOS-WB 2.0.0
2025-01-23 04:01:11,594 [INFO] ThirdParty:1030 - CMSIS Pack Vendor :STMicroelectronics X-CUBE-GNSS1 7.0.1
2025-01-23 04:01:11,594 [INFO] ThirdParty:1030 - CMSIS Pack Vendor :STMicroelectronics X-CUBE-AZRTOS-F7 1.1.0
2025-01-23 04:01:11,594 [INFO] ThirdParty:1030 - CMSIS Pack Vendor :STMicroelectronics X-CUBE-AZRTOS-L5 2.0.0
2025-01-23 04:01:11,594 [INFO] ThirdParty:1030 - CMSIS Pack Vendor :STMicroelectronics USB_DEVICE 2.0.0
2025-01-23 04:01:11,594 [INFO] ThirdParty:1030 - CMSIS Pack Vendor :STMicroelectronics X-CUBE-NFC6 3.1.0
2025-01-23 04:01:11,594 [INFO] ThirdParty:1030 - CMSIS Pack Vendor :STMicroelectronics FP-SNS-STBOX1 2.0.0
2025-01-23 04:01:11,595 [INFO] ThirdParty:1030 - CMSIS Pack Vendor :STMicroelectronics FreeRTOS 0.0.1
2025-01-23 04:01:11,595 [INFO] ThirdParty:1030 - CMSIS Pack Vendor :STMicroelectronics X-CUBE-AZRTOS-G0 1.1.0
2025-01-23 04:01:11,595 [INFO] ThirdParty:1030 - CMSIS Pack Vendor :STMicroelectronics X-CUBE-SAFEA1 1.2.2
2025-01-23 04:01:11,595 [INFO] ThirdParty:1030 - CMSIS Pack Vendor :STMicroelectronics X-CUBE-NFC4 3.0.0
2025-01-23 04:01:11,595 [INFO] ThirdParty:1030 - CMSIS Pack Vendor :STMicroelectronics X-CUBE-DPower 1.2.0
2025-01-23 04:01:11,595 [INFO] ThirdParty:1030 - CMSIS Pack Vendor :STMicroelectronics X-CUBE-SUBG2 5.0.0
2025-01-23 04:01:11,595 [INFO] ThirdParty:1030 - CMSIS Pack Vendor :STMicroelectronics STM32_WPAN 1.0.0
2025-01-23 04:01:11,595 [INFO] ThirdParty:1030 - CMSIS Pack Vendor :EmbeddedOffice I-CUBE-FS-RTOS 1.0.1
2025-01-23 04:01:11,595 [INFO] ThirdParty:1030 - CMSIS Pack Vendor :STMicroelectronics lwIP 2.0.3
2025-01-23 04:01:11,595 [INFO] ThirdParty:1030 - CMSIS Pack Vendor :STMicroelectronics FP-SNS-FLIGHT1 5.0.2
2025-01-23 04:01:11,595 [INFO] ThirdParty:1030 - CMSIS Pack Vendor :Cesanta I-CUBE-Mongoose 7.13.0
2025-01-23 04:01:11,595 [INFO] ThirdParty:1030 - CMSIS Pack Vendor :STMicroelectronics USB_HOST 1.0.0
2025-01-23 04:01:11,595 [INFO] ThirdParty:1030 - CMSIS Pack Vendor :Infineon AIROC-Wi-Fi-Bluetooth-STM32 1.7.0
2025-01-23 04:01:11,595 [INFO] ThirdParty:1030 - CMSIS Pack Vendor :STMicroelectronics X-CUBE-AZRTOS-G4 2.0.0
2025-01-23 04:01:11,595 [INFO] ThirdParty:1030 - CMSIS Pack Vendor :STMicroelectronics PDM2PCM 3.1.0
2025-01-23 04:01:11,595 [INFO] ThirdParty:1030 - CMSIS Pack Vendor :STMicroelectronics PDM2PCM 3.3.0
2025-01-23 04:01:11,596 [INFO] ThirdParty:1030 - CMSIS Pack Vendor :STMicroelectronics X-CUBE-DISPLAY 3.0.0
2025-01-23 04:01:11,596 [INFO] ThirdParty:1030 - CMSIS Pack Vendor :STMicroelectronics X-CUBE-TCPP 4.2.0
2025-01-23 04:01:11,596 [INFO] ThirdParty:1030 - CMSIS Pack Vendor :RealThread X-CUBE-RT-Thread_Nano 4.1.1
2025-01-23 04:01:11,596 [INFO] ThirdParty:1030 - CMSIS Pack Vendor :STMicroelectronics X-CUBE-BLE1 7.0.0
2025-01-23 04:01:11,596 [INFO] ThirdParty:1030 - CMSIS Pack Vendor :STMicroelectronics FP-ATR-SIGFOX1 3.2.0
2025-01-23 04:01:11,596 [INFO] ThirdParty:1030 - CMSIS Pack Vendor :STMicroelectronics X-CUBE-NFC10 1.0.0
2025-01-23 04:01:11,596 [INFO] ThirdParty:1030 - CMSIS Pack Vendor :quantropi X-CUBE-qispace-sdk-base 1.9.3
2025-01-23 04:01:11,596 [INFO] ThirdParty:1030 - CMSIS Pack Vendor :STMicroelectronics X-CUBE-BLEMGR 4.0.0
2025-01-23 04:01:11,596 [INFO] ThirdParty:1030 - CMSIS Pack Vendor :STMicroelectronics X-CUBE-EEPRMA1 5.1.0
2025-01-23 04:01:11,596 [INFO] ThirdParty:1030 - CMSIS Pack Vendor :STMicroelectronics HAL Drivers 0.0.0
2025-01-23 04:01:11,596 [INFO] ThirdParty:1030 - CMSIS Pack Vendor :STMicroelectronics MBEDTLS 2.16.2
2025-01-23 04:01:11,596 [INFO] ThirdParty:1030 - CMSIS Pack Vendor :STMicroelectronics X-CUBE-IPS 3.1.0
2025-01-23 04:01:11,596 [INFO] ThirdParty:1030 - CMSIS Pack Vendor :STMicroelectronics X-CUBE-ALS 1.0.2
2025-01-23 04:01:11,596 [INFO] ThirdParty:1030 - CMSIS Pack Vendor :emotas I-CUBE-CANOPEN 1.3.0
2025-01-23 04:01:11,596 [INFO] ThirdParty:1030 - CMSIS Pack Vendor :STMicroelectronics X-CUBE-FREERTOS 1.3.0
2025-01-23 04:01:11,596 [INFO] ThirdParty:1030 - CMSIS Pack Vendor :wolfSSL I-CUBE-wolfSSL 5.7.4
2025-01-23 04:01:11,596 [INFO] ThirdParty:1030 - CMSIS Pack Vendor :STMicroelectronics X-CUBE-NFC7 1.0.1
2025-01-23 04:01:11,597 [INFO] ThirdParty:1030 - CMSIS Pack Vendor :STMicroelectronics MBEDTLS 2.14.1
2025-01-23 04:01:11,597 [INFO] ThirdParty:1030 - CMSIS Pack Vendor :ITTIA_DB I-CUBE-ITTIADB 8.9.0
2025-01-23 04:01:11,597 [INFO] ThirdParty:1030 - CMSIS Pack Vendor :STMicroelectronics X-CUBE-TOUCHGFX 4.24.2
2025-01-23 04:01:11,597 [INFO] ThirdParty:1030 - CMSIS Pack Vendor :STMicroelectronics X-CUBE-TOUCHGFX 4.24.1
2025-01-23 04:01:11,597 [INFO] ThirdParty:1030 - CMSIS Pack Vendor :wolfSSL I-CUBE-wolfTPM 3.4.0
2025-01-23 04:01:11,597 [INFO] ThirdParty:1030 - CMSIS Pack Vendor :portGmbH I-Cube-SoM-uGOAL 1.1.0
2025-01-23 04:01:11,597 [INFO] ThirdParty:1030 - CMSIS Pack Vendor :STMicroelectronics X-CUBE-AI 10.0.0
2025-01-23 04:01:11,597 [INFO] ThirdParty:1030 - CMSIS Pack Vendor :STMicroelectronics ThreadX 1.0.0
2025-01-23 04:01:11,597 [INFO] ThirdParty:1030 - CMSIS Pack Vendor :STMicroelectronics FP-SNS-SMARTAG2 1.2.0
2025-01-23 04:01:11,597 [INFO] ThirdParty:1030 - CMSIS Pack Vendor :STMicroelectronics X-CUBE-MEMS1 11.1.0
2025-01-23 04:01:11,597 [INFO] ThirdParty:1030 - CMSIS Pack Vendor :STMicroelectronics X-CUBE-AZRTOS-WL 2.0.0
2025-01-23 04:01:11,597 [INFO] ThirdParty:1030 - CMSIS Pack Vendor :SEGGER I-CUBE-embOS 1.3.1
2025-01-23 04:01:11,597 [INFO] ThirdParty:1030 - CMSIS Pack Vendor :STMicroelectronics X-CUBE-ALGOBUILD 1.4.0
2025-01-23 04:01:11,597 [INFO] ThirdParty:1030 - CMSIS Pack Vendor :STMicroelectronics FP-SNS-MOTENV1 5.0.0
2025-01-23 04:01:11,598 [INFO] ThirdParty:1030 - CMSIS Pack Vendor :STMicroelectronics USB_DEVICE 1.0.0
2025-01-23 04:01:11,598 [INFO] ThirdParty:1030 - CMSIS Pack Vendor :STMicroelectronics X-CUBE-AZRTOS-H7RS 1.0.0
2025-01-23 04:01:11,598 [INFO] ThirdParty:1030 - CMSIS Pack Vendor :wolfSSL I-CUBE-wolfMQTT 1.19.0
2025-01-23 04:01:11,598 [INFO] ThirdParty:1030 - CMSIS Pack Vendor :STMicroelectronics X-CUBE-AZRTOS-L4 2.0.0
2025-01-23 04:01:11,598 [INFO] ThirdParty:1030 - CMSIS Pack Vendor :STMicroelectronics ThreadX 0.0.2
2025-01-23 04:01:11,598 [INFO] ThirdParty:1030 - CMSIS Pack Vendor :WES I-CUBE-Cesium 1.3.0
2025-01-23 04:01:11,598 [INFO] ThirdParty:1030 - CMSIS Pack Vendor :STMicroelectronics lwIP 2.1.2
2025-01-23 04:01:11,598 [INFO] ThirdParty:1030 - CMSIS Pack Vendor :STMicroelectronics X-CUBE-SFXS2LP1 4.0.0
2025-01-23 04:01:11,598 [INFO] ThirdParty:1030 - CMSIS Pack Vendor :STMicroelectronics X-CUBE-BLE2 3.3.0
2025-01-23 04:01:11,598 [INFO] ThirdParty:1030 - CMSIS Pack Vendor :STMicroelectronics X-CUBE-TOF1 3.4.2
2025-01-23 04:01:11,598 [INFO] ThirdParty:1030 - CMSIS Pack Vendor :STMicroelectronics X-CUBE-AI 9.1.0
2025-01-23 04:01:11,598 [INFO] ThirdParty:1030 - CMSIS Pack Vendor :STMicroelectronics PDM2PCM 3.2.0
2025-01-23 04:01:11,598 [INFO] ThirdParty:1030 - CMSIS Pack Vendor :wolfSSL I-CUBE-wolfSSH 1.4.17
2025-01-23 04:01:11,599 [INFO] ThirdParty:841 - exiting critical section [change project]
2025-01-23 04:01:11,973 [INFO] PinOutPanel:1589 - setPackage(No Configuration,No Configuration)
2025-01-23 04:01:11,974 [INFO] PinOutPanel:1589 - setPackage(STM32F030R8Tx,LQFP64)
2025-01-23 04:01:13,017 [INFO] UtilMem:75 - Before build in PCC Used Memory: 216589760 Bytes (544210944)
2025-01-23 04:01:14,026 [INFO] UtilMem:75 - After build in PCC Used Memory: 356050368 Bytes (544210944)
2025-01-23 04:01:14,077 [INFO] IPUIPlugin:80 - create IPUIPlugin
2025-01-23 04:01:14,077 [INFO] IPUIPlugin:80 - create IPUIPlugin
2025-01-23 04:01:14,078 [INFO] IPUIPlugin:80 - create IPUIPlugin
2025-01-23 04:01:14,078 [INFO] IPUIPlugin:80 - create IPUIPlugin
2025-01-23 04:01:14,078 [INFO] IPUIPlugin:80 - create IPUIPlugin
2025-01-23 04:01:14,078 [INFO] IPUIPlugin:80 - create IPUIPlugin
2025-01-23 04:01:14,079 [INFO] IPUIPlugin:80 - create IPUIPlugin
2025-01-23 04:01:14,079 [INFO] IPUIPlugin:80 - create IPUIPlugin
2025-01-23 04:01:14,080 [INFO] IPUIPlugin:80 - create IPUIPlugin
2025-01-23 04:01:14,080 [INFO] IPUIPlugin:80 - create IPUIPlugin
2025-01-23 04:01:14,080 [INFO] IPUIPlugin:80 - create IPUIPlugin
2025-01-23 04:01:14,081 [INFO] IPUIPlugin:80 - create IPUIPlugin
2025-01-23 04:01:14,081 [INFO] IPUIPlugin:80 - create IPUIPlugin
2025-01-23 04:01:14,081 [INFO] IPUIPlugin:80 - create IPUIPlugin
2025-01-23 04:01:14,082 [INFO] IPUIPlugin:80 - create IPUIPlugin
2025-01-23 04:01:14,082 [INFO] IPUIPlugin:80 - create IPUIPlugin
2025-01-23 04:01:14,082 [INFO] IPUIPlugin:80 - create IPUIPlugin
2025-01-23 04:01:14,083 [INFO] IPUIPlugin:80 - create IPUIPlugin
2025-01-23 04:01:14,083 [INFO] IPUIPlugin:80 - create IPUIPlugin
2025-01-23 04:01:14,083 [INFO] IPUIPlugin:80 - create IPUIPlugin
2025-01-23 04:01:14,084 [INFO] IPUIPlugin:80 - create IPUIPlugin
2025-01-23 04:01:14,084 [INFO] IPUIPlugin:80 - create IPUIPlugin
2025-01-23 04:01:14,084 [INFO] IPUIPlugin:80 - create IPUIPlugin
2025-01-23 04:01:14,085 [INFO] IPUIPlugin:80 - create IPUIPlugin
2025-01-23 04:01:14,085 [INFO] IPUIPlugin:80 - create IPUIPlugin
2025-01-23 04:01:14,086 [INFO] IPUIPlugin:80 - create IPUIPlugin
2025-01-23 04:01:14,423 [INFO] CADModel:165 - CPN selected for project levelSTM32F030R8T6
2025-01-23 04:01:14,423 [INFO] CADModel:114 - Register for checkConnection events
2025-01-23 04:01:14,495 [INFO] OpenFileManager:363 - Restore cursor
2025-01-23 04:01:15,376 [INFO] UtilMem:75 - End SaveConfig() Used Memory: 177916536 Bytes (544210944)
2025-01-23 04:01:15,464 [INFO] UtilMem:75 - End SaveConfig() Used Memory: 192474560 Bytes (544210944)
2025-01-23 04:01:16,291 [INFO] BlockDiagram:2766 - set Specific Code input for plugin: NVIC
2025-01-23 04:01:16,291 [INFO] BlockDiagram:2766 - set Specific Code input for plugin: USART
2025-01-23 04:01:16,292 [INFO] BlockDiagram:2766 - set Specific Code input for plugin: SYS
2025-01-23 04:01:16,292 [INFO] BlockDiagram:2766 - set Specific Code input for plugin: GPIO
2025-01-23 04:01:16,292 [INFO] BlockDiagram:2766 - set Specific Code input for plugin: RCC
2025-01-23 04:01:16,293 [INFO] CodeGenerator:896 - code generatio: config db path: /opt/st/stm32cubeide_1.17.0/plugins/com.st.stm32cube.common.mx_6.13.0.202411220809//db/
2025-01-23 04:01:16,579 [INFO] CodeEngine:255 - oldGeneratedFile, /home/scott/STM32CubeIDE/BareMetalC_Problems_AND_Exercises/example_01/MXTmpFiles/license.tmp_save
2025-01-23 04:01:17,170 [INFO] CodeEngine:279 - Generated code: /home/scott/STM32CubeIDE/BareMetalC_Problems_AND_Exercises/example_01/MXTmpFiles/license.tmp
2025-01-23 04:01:17,395 [INFO] CodeEngine:255 - oldGeneratedFile, /home/scott/STM32CubeIDE/BareMetalC_Problems_AND_Exercises/example_01/MXTmpFiles/gpio.tmp_save
2025-01-23 04:01:17,594 [INFO] CodeEngine:279 - Generated code: /home/scott/STM32CubeIDE/BareMetalC_Problems_AND_Exercises/example_01/MXTmpFiles/gpio.tmp
2025-01-23 04:01:17,829 [INFO] CodeEngine:255 - oldGeneratedFile, /home/scott/STM32CubeIDE/BareMetalC_Problems_AND_Exercises/example_01/Core/Src/stm32f0xx_it.c_save
2025-01-23 04:01:18,017 [INFO] CodeEngine:279 - Generated code: /home/scott/STM32CubeIDE/BareMetalC_Problems_AND_Exercises/example_01/Core/Src/stm32f0xx_it.c
2025-01-23 04:01:18,028 [INFO] CodeEngine:255 - oldGeneratedFile, /home/scott/STM32CubeIDE/BareMetalC_Problems_AND_Exercises/example_01/Core/Inc/stm32f0xx_it.h_save
2025-01-23 04:01:18,144 [INFO] CodeEngine:279 - Generated code: /home/scott/STM32CubeIDE/BareMetalC_Problems_AND_Exercises/example_01/Core/Inc/stm32f0xx_it.h
2025-01-23 04:01:18,163 [INFO] CodeEngine:255 - oldGeneratedFile, /home/scott/STM32CubeIDE/BareMetalC_Problems_AND_Exercises/example_01/Core/Src/stm32f0xx_hal_msp.c_save
2025-01-23 04:01:18,428 [INFO] CodeEngine:279 - Generated code: /home/scott/STM32CubeIDE/BareMetalC_Problems_AND_Exercises/example_01/Core/Src/stm32f0xx_hal_msp.c
2025-01-23 04:01:18,433 [INFO] CodeEngine:255 - oldGeneratedFile, /home/scott/STM32CubeIDE/BareMetalC_Problems_AND_Exercises/example_01/MXTmpFiles/system.tmp_save
2025-01-23 04:01:18,521 [INFO] CodeEngine:279 - Generated code: /home/scott/STM32CubeIDE/BareMetalC_Problems_AND_Exercises/example_01/MXTmpFiles/system.tmp
2025-01-23 04:01:18,527 [INFO] CodeEngine:311 - oldGeneratedFile, /home/scott/STM32CubeIDE/BareMetalC_Problems_AND_Exercises/example_01/Core/Inc/stm32f0xx_hal_conf.h_save
2025-01-23 04:01:18,730 [INFO] CodeEngine:335 - Generated code: /home/scott/STM32CubeIDE/BareMetalC_Problems_AND_Exercises/example_01/Core/Inc/stm32f0xx_hal_conf.h
2025-01-23 04:01:18,802 [INFO] ApiDbMcu:508 - Load IP Config File for USART2
2025-01-23 04:01:18,810 [INFO] ApiDbMcu:508 - Load IP Config File for RCC
2025-01-23 04:01:18,819 [INFO] CodeEngine:255 - oldGeneratedFile, /home/scott/STM32CubeIDE/BareMetalC_Problems_AND_Exercises/example_01/Core/Inc/main.h_save
2025-01-23 04:01:18,944 [INFO] CodeEngine:279 - Generated code: /home/scott/STM32CubeIDE/BareMetalC_Problems_AND_Exercises/example_01/Core/Inc/main.h
2025-01-23 04:01:18,972 [INFO] CodeEngine:255 - oldGeneratedFile, /home/scott/STM32CubeIDE/BareMetalC_Problems_AND_Exercises/example_01/Core/Src/main.c_save
2025-01-23 04:01:19,227 [INFO] CodeEngine:279 - Generated code: /home/scott/STM32CubeIDE/BareMetalC_Problems_AND_Exercises/example_01/Core/Src/main.c
2025-01-23 04:01:21,001 [INFO] ProjectBuilder:3289 - Time for Copy HAL[1] : 1315mS.
2025-01-23 04:01:21,033 [INFO] ProjectBuilder:4876 - Project Generator version: 4.5.0-RC5
2025-01-23 04:01:21,151 [INFO] ConfigFileManager:1579 - The Die is : DIE440
2025-01-23 04:01:21,191 [INFO] ApiDbMcu:508 - Load IP Config File for FATFS
2025-01-23 04:01:21,221 [INFO] ApiDbMcu:508 - Load IP Config File for FREERTOS
2025-01-23 04:01:21,706 [INFO] LogOutputStream:77 - [STDOUT_REDIRECT] 
2025-01-23 04:01:27,877 [INFO] ProjectBuilder:5154 - Time for Generating toolchain IDE Files: 6843mS.
2025-01-23 04:01:27,880 [INFO] ProjectBuilder:3146 - Time for Copy CMSIS : 3mS.
2025-01-23 04:01:27,881 [INFO] ProjectBuilder:3146 - Time for Copy CMSIS : 0mS.
2025-01-23 04:01:28,838 [INFO] McuFinderGlobals:76 - Set McuFinderConnectedMode to true
2025-01-23 04:01:28,842 [INFO] ApiDb:448 - Save user favorites file /home/scott/.stm32cubeide/favorites.mcus.txt: 0 item(s)
2025-01-23 04:01:28,843 [INFO] ApiDb:452 - User favorites MCUs=[]
2025-01-23 04:01:28,843 [INFO] ApiDb:448 - Save user favorites file /home/scott/.stm32cubeide/favorites.boards.txt: 0 item(s)
2025-01-23 04:01:28,844 [INFO] ApiDb:452 - User favorites Boards=[]
